source_index,true,predicted,text
2,talk.politics.guns,talk.politics.mideast,"
STOP IT!!!! ENOUGH!!! I'm out of there!  I mean, I'm a relatively sane person. 
God knows I'm weak and will forgive me.  But I'm not stupid enough to stay in
this place any longer.  I WANT OUT!!!


Yeah, and at least one person ran back in. SOunds like a personal choice to me.
Religious fanaticsm, and a beleive that dying in the 'defense' of your beliefs,
is probably at the core of what happened in Waco. We in the west tend to
disregard fanaticsm of the type displayed by many Moslem fundamentalist groups
who see nothing wrong with dying for their beliefs/convictions. I suspect that
this same type of fanaticsm was displayed by the BDs. BUt we'll probably never
know..."
3,talk.politics.misc,talk.politics.guns,"



They police did not beat King when he was on the ground. They beat him when
he was on his knees trying to get back up. If you had watche d the entire
video you would have seen this.


If you think this is true, much less relevant, than you are in sadder shape
than I thought."
7,talk.politics.misc,talk.politics.guns,"



         The BATF warrant was unsealed yesterday.

         The entire operation was illegal from day ONE.


       No authority for a ""no-knock"" raid.
       No authority to use the Texas helicopters.
       No authority to search for a ""drug lab"".  More ATF lies.
"
8,talk.politics.misc,talk.politics.guns,"

lightly off track, but still relevant: why all the crying
over the children?  I know we are hardwired to consider
the future of the race, and comapssionate people are concerned
for all children; but so what?

For the Branch Davidians, the options were to die or
submit to Evil[tm] - and have their children's very
souls lost due to the brain washing of the Ungodly
State.  (to put this in terms the 'average' netter might
	grasp: they considered it the equivalent of putting
	Jesse Helms in charge of NEA _and_ MTV.)

And remembering that in 1983 the Supreme Court Struck Down
Freedom of Conscience (IRS vs Bob Jones et al.):

Who's next?

Is your religion / belief system Government Approved?

Jim JOnes had won numerous awards from the state before
he moved to Guiana?  Obviously state regulation would have
stopped that tragedy too.


chus
pyotr

p.s. The Mormons weren't always Saints, but they did go a long
way to be left alone. Always a ThoughtCrime in any ProperState.
"
12,talk.politics.misc,talk.politics.guns," 
Well, for one thing most, if not all the Dividians (depending on whether
they could show they acted in self-defense and there were no illegal
weapons), could have gone on with their life as they were living it.
No one was forcing them to give up their religion or even their
legal weapons. The Dividians had survived a change in leadership
before so even if Koresch himself would have been convicted and
sent to jail, they still could have carried on.
 
I don't think the Dividians were insane, but I don't see a reason
for mass suicide (if the fire was intentional set by some of the
Dividians.) We also don't know that, if the fire was intentionally
set from inside, was it a generally know plan or was this something
only an inner circle knew about, or was it something two or three
felt they had to do with or without Koresch's knowledge/blessing, etc.?
I don't know much about Masada. Were some people throwing others over?
Did mothers jump over with their babies in their arms?"
18,talk.politics.guns,talk.politics.misc,"From the Boston Globe, Thursday April 22 1993

p. 44

Walpole man, 32, guilty in rape

Kenne, N.H. -- A Walpole man
charged with kidnapping a
mother of two from her home, then
raping and beating her, has pleaded 
guilty.  Roger Santaw Jr. also plead-
ed guilty to an attempted escape
from Cheshire County jail last win-
ter.  Santaw, 32 is scheduled to be
sentenced next week.  The rape last
fall came six months after Santaw
was released from prision, where
he spent 15 years for a rape he commit-
ted when he was 16.  (AP)


 
[end of article]

Any reactions?  Did he do enough time?  What should his penalty
be?  "
19,talk.politics.misc,talk.politics.guns,"
You know, you have a point here, but don't stop with African Americans...
When I was in high school in the early 1980s, on various occasions I had
knives pulled on me, had friends who were stabbed, and I was beaten up
repeatedly by those that couldn't accept me as different.  And don't
let the teachers off the hook either.  On many many occasions, there
were teachers that either resented me or were too scared out of their
wits by the bullies to even stop the people who attacked me and they
would just watch quietly...  All of this was in a nice white middle
class high school.  In fact, we were so nice and white that we made
sure that the one black kid in my class was unable to go to the prom
with his white girlfriend...  This isn't a race thing, it's the
way public schools seem to be run...

I'd hate to be in high school right now...  At least I didn't have
to deal with guns, just the roving psycho-drug-dorks and the jocks-
without-a-future-but-with-plenty-of-testosterone...

I'd separate everyone who wants to learn from these assholes...  But hey,
the valuelessness of learning and glorification of jocks is an American
tradition, you think anything is going to change?  If you have kids,
take 'em out of the public school system and educate them yourself...
That's what I'll do if I ever have them...  I wouldn't wish what I went
through upon any kid...  Maybe on some of their parents though..."
27,talk.politics.mideast,talk.politics.guns,"... Wayne McGuire?  Did someone prove he's anon15031@anon.penet.fi,
and he ran off to restock on PCP?"
41,talk.politics.misc,talk.politics.mideast,"



Vocabulary test: Please define the following words:

   a) contradictory
   b) ambiguous"
42,talk.politics.mideast,talk.politics.guns,"
Why? There is no need to go into this.......


especially this rivetting piece of information.


As I remember, someone did ask if UV had a speach code. But, really,
there is no need for this brief survey course. 


How wonderful for you.


"
56,talk.politics.misc,talk.politics.guns,"

dead? I saw David Koresh at a local 7-11......
"
59,talk.politics.guns,talk.politics.misc,"
satire \'sa-tir\ n [MF or L; MF, fr. L _satura_, _satira_, fr. (lanx)
satura full plate, medley, fr. fem. of _satur_ sated; akin to L
_satis_ enough - more at SAD](1509) 1: a literary work holding up
human vices and follies to ridicule or scorn.  2: trenchent wit,
irony, or sarcasm used to expose and discredit vice or folly.  syn see
WIT.

							spl"
62,talk.politics.guns,talk.politics.misc,"

Heavens!  Everybody but Phill is out of step!


Once again, Phill lets us all know that might makes right -- but ONLY for
the all-sacred government.
-- "
71,talk.politics.misc,talk.politics.guns,"


	When did the BATF say this? Everything I've seen from the BATF,
	from the official version to the dissident statements of BATF
	officers who conducted the raid claims that the Davidians were
	shooting at the agents long before they were within grenade 
	range. 

	Also, if the warrant is sealed, how do we know it was a 'no-knock'?  

                  _____  _____
                  \\\\\\/ ___/___________________
  Mitchell S Todd  \\\\/ /                 _____/__________________________
________________    \\/ / mst4298@zeus._____/.'.'.'.'.'.'.'.'.'.'.'.'_'_'_/
\_____        \__    / / tamu.edu  _____/.'.'.'.'.'.'.'.'.'.'.'.'.'_'_/
    \__________\__  / /        _____/_'_'_'_'_'_'_'_'_'_'_'_'_'_'_/
                \_ / /__________/
                 \/____/\\\\\\
 			 \\\\\\"
77,talk.politics.misc,talk.politics.guns,"
       Let's try that again:  Why was the BATF concerned about surprise
when they intended to serve the warrant by knocking on the door?  The
BATF appears to be inconsistant in their own description of events.

       And in any case, how does one mount an ambush if one isn't
""on alert?""


       So, were the BATF fired on before or after they left the trailers
to knock on the door to serve the warrant?  Every description I've
heard indicates the BATF did not hang around in the trailers once
they decided to open them up.

       For that matter, if they expect peaceful citizens, why come in live-
stock trailers to being with?


       Ok, just to make sure we've got this straight:  You consider
armed troops in disguised vehicles and multiple helicopters to be
used to serve search warrants on peaceful citizens.  (And just so
we don't have one of those entertaining shifts, *you* described them
as the BATF expecting them to be, peaceful.)


       I don't see how past abuses excuse present ones.  Hell, you're
not even discussing the same government. 
"
82,talk.politics.misc,talk.politics.guns,"

That has not been demonstrated.  Had he come to trial, there was a very real
possibility that Koresh would have gotten an acquittal on grounds of self-
defense.  All survivors of the debacle have sworn that the BATF shot first.


They ""rang the doorbell"" using a concussion grenade!  And if the bloody
warrants were ""legal"" then why were they _sealed_ after the fight started?
And if Koresh had declared himself a ""private state"" and was just daring the
gov't to go in, then why did he surrender last year to a local sheriff who
served a warrant _for_his_arrest_ (as opposed to the BATF search warrant,
which did not include arrest unless violations were found) by just calling
him up to tell him and then going out to collect him with his squad car?
That doesn't sound like a dictator to me, it sounds like someone who knows
he has a court battle.  Things might have gone very differently if the BATF
_had_ ""rung the doorbell"".


This is stupid.  That is no paranoid assertion, it is testamony from surviving
witnesses, and the BATF _has_ no tanks, nor am I aware of either the BATF _or_
the FBI using any until yesterday.  When they use maximum force they do just
what they did that first day that got four officers killed.


""Underarmed""?  You flabberghast me, they were loaded for bear and every
picture shows them wearing bullet-proof vests!  They were using concussion
grenades and full-auto weapons, what was missing low-yield tac-nukes?  This
is a transparent attempt to retcon a justification for the ridiculous amount
of force used, both initially and yesterday.  You should be ashamed.


They _had_ a sure-fire method: keep them bottled up and talk them to death or
surrender without giving him justification for some looney-tune religious
stunt.

Phil, I've been reading your postings for months and I'm convinced that you
will back anything, no matter how damaging it may be to yours or anyone
else's rights if you think it will hurt people you don't like.  It's people
with that attitude that set up the preconditions for the Holocaust, a process
that is in place _now_ in this country, even if the tattered, pitiful remains
of the Constitution is slowing its progress.  This isn't a Libertarian issue,
others may argue that line, but from a strictly Constitutional view of a
democratic gov't, what the FBI and BATF did was wrong, wrong, wrong, even if
their _reasons_ for trying to arrest Koresh were 100% right.  _Anything_ that
leads to the deaths of 17 children, if nothing else touches your stoney
heart, is _wrong_ no matter who pushed the button.  For God's sake, man, get
your morality back.

Larry Smith (smith@ctron.com)  No, I don't speak for Cabletron.  Need you ask?"
84,talk.politics.misc,talk.politics.guns,"Janet Reno killed the Waco children.  She is responsible for
their deaths.  She should resign immediately.  She should have 
understood that David Koresh was a madman who would do anything
against the children if he became provoked.  All the warning 
signs were there and she ignored them.  She provoked Koresh
into killing the children.

The situation in Waco was similar to a hostage situation with 
a madman holding a gun against the head of an innocent person.
In such a situation, a person who provokes the madman and causes 
him to pull the gun's trigger is responsible for the death of the
hostage.  Janet Reno blindly stumbled in there and basically
threw a tear gas container at the madman hoping that he would
release the hostage.  It's no surprise that the madman would
pull the trigger in response to that kind of provocation.
"
89,talk.politics.misc,talk.politics.guns,"

      Give ME a break, chum.  Are you telling me that Clinton and
      Reno DID NOT KNOW that the BATF actions were ILLEGAL, adn
      in VIOLATION of their warrant?


"
106,talk.politics.misc,talk.politics.guns,"Sorry, but I just wanted to be the first hypocrite to say it. I hope
I'm not too late. Has everyone been watching their local/national
politicians?

Rick
"
108,talk.politics.misc,talk.politics.guns,"The White House

Office of the Press Secretary
-----------------------------------------------------------------

For Immediate Release                             April 19, 1993



                  STATEMENT OF PRESIDENT CLINTON


I am deeply saddened by the loss of life in Waco today.  My 
thoughts and prayers are with the families of David Koresh's 
victims.

The law enforcement agencies involved in the Waco siege 
recommended the course of action pursued today.  The Attorney 
General informed me of their analysis and judgment and 
recommended that we proceed with today's action given the risks 
of maintaining the previous policy indefinitely.  I told the 
Attorney General to do what she thought was right, and I stand by 
that decision. "
115,talk.politics.misc,talk.politics.guns,"Yesterday, the FBI was saying that at least three of the bodies had
gunshot wounds, indicating that they were shot trying to escape the
fire.  Today's paper quotes the medical examiner as saying that there
is no evidence of gunshot wounds in any of the recovered bodies.

At the beginning of this siege, it was reported that while Koresh
had a class III (machine gun) license, today's paper quotes the
government as saying, no, they didn't have a license.

Today's paper reports that a number of the bodies were found with
shoulder weapons next to them, as if they had been using them while
dying -- which doesn't sound like the sort of action I would expect
from a suicide.

Our government lies, as it tries to cover over its incompetence
and negligence.  Why should I believe the FBI's claims about
anything else, when we can see that they are LYING?

This system of government is beyond reform."
116,talk.politics.misc,talk.politics.guns,"




I have indeed heard of Pythagoras, but I don't know that he was ever
disparaged as a ""bean eater"".  In the American Southwest and West
(e.g., Texas, California, Colorado), the term ""bean eater"" is
sometimes used as a slur against those of Hispanic heritage (generally
Mexicans, in those parts) -- much like how the Irish in the Northeast
are perceived (by some) as voracious beer guzzlers."
128,talk.politics.misc,talk.politics.mideast,"1. Withdraw
2. leave the people in the compund to lead their lives as they choose.
3. prosecute the BAFT agents for murder

-- "
136,talk.politics.misc,talk.politics.guns,"\input amstex
\documentstyle{amsppt}
\pagewidth{6.5in}
\magnification=1200
\pageheight{7.5in}
\
\title {Letter to the Editor} \endtitle
\author {Matthew L. Fante} \endauthor
\date {April 20, 1993} \enddate
\endtopmatter

pull back the heavens and show you my anger?! ... fear me.''  The 51 day
standoff between federal agents and the Branch Davidians ended on April 19
in what appeared to be a mass suicide by fire.  Now that the multi-million
dollar standoff is over, a few things remain: cleaning up the mess, and
assigning blame.

\

From the onset of the April 19 tear gas attacks by federal agents, President
Clinton already started passing the buck by saying ``Talk to the attorney
general or the FBI... I knew it was going to be done, but the decision was
{\it entirely theirs}.  {\it They} made the tactical decision.'' Enter
Attorney General Janet Reno.  After most of the Branch Davidians died,
Reno said she took ``full responsibility'' for the decision.  ``I approved
the plan'' she said adding that she ``did not advise him [Clinton] as to the
details.''  In fact, she told Clinton that it was ``the best way to go.''
As the fire was roaring through the Branch Davidian's compound Clinton said
that he was ``deeply sadened by the loss of life'' and in the same breath that
``the law enforcement agencies involved in the Waco siege recommended the
course of action pursued today.''  Later he went on to say ``I stand by that
[Reno's] decision.''

\

How did this all begin?  At 0930 on February 28 agents of the Bureau of
Alcohol, Tobacco and Firearms (BATF) launched a full-scale, high-profile
assault on the Branch Davidian's compound.  This raid was much
more than an assault on a group suspected of possessing illegal weapons.  The
assault was a planned media circus used as a propaganda device of the BATF
to show their might and just purpose.

\

At the onset of the ``no-knock'' raid, gaggles of heavily armed BATF agents
made their way inside the compound without identifying themselves or state
that they had a warrant until long after the shooting began.
Silently, the agents made their way to the compound's buildings and started
their ``search'' by charging at the buildings and throwing concussion grenades
and ordering the cult members to come out of the buildings.

\

If unknown persons dressed in black ninja costumes and combat fatigues
were to attack you, throwing grenades and brandishing firearms, would you not
assume that these people are criminals and attempt to defend yourself?  The
tactics employed by the BATF provoked the battle.

\

The initial assualt by the BATF was not successful.  Unfortunately, lives
were lost on both sides.  But, had the assault been a success, the liberal
media would have praised the BATF by showing the footage of BATF agents
carting away a bunch of gun-wielding religious nuts.  Of course, any
violation of the cult's rights would have been overlooked and the media
would proclaim America's fortune in having super-cop organizations like the
BATF that can systematically ``take out'' terroristic groups such as the
Branch Davidians.

\

As far as I can see, the BATF and the FBI dropped the ball - just like
Philadelphia did in the 1985 MOVE crisis which left 11 dead, 250 homeless,
and a city block razed.
It appears that the BATF has adopted the shoot-first tactic of no-knock
raids to execute search warrants.  Don't let the BATF convince you that
the no-knock raid was justified.  No-knock assaults make sense when looking
for, say, drugs that can easily be hidden or disposed of in a few seconds.
The BATF was looking for illegal weapons, not drugs that could be hidden or
flushed down the toilet in a matter of a few seconds.  What ever happened to
``This is the police!  You are surrounded...''?  {\it This policy of no-knock
raids, by federal and local agencies, should be restricted}.  Further, the use
of military firepower against presumed innocent citizens is a very scary idea,
and is why the Davidians were justified in using lethal force to ensure that
their fourth ammendment rights [``the right of the people to be secure in
their persons, houses, papers, and effects, against unreasonable searches
and seizures''] are not denied.

\

\

\

\noindent Matthew L. Fante \newline
\end











-- 
____________________________________________________________________
Matthew Fante
mlf3@Lehigh.EDU             For a good prime call 2^756839 - 1"
138,talk.politics.misc,talk.politics.guns,"THE WHITE HOUSE

                    Office of the Press Secretary
______________________________________________________________
For Immediate Release                             April 20, 1993     

	     
                       REMARKS BY THE PRESIDENT
            IN QUESTION AND ANSWER SESSION WITH THE PRESS 


                           The Rose Garden


1:36 P.M. EDT
	     
	     
	     THE PRESIDENT:  On February the 28th, four federal 
agents were killed in the line of duty trying to enforce the law 
against the Branch Davidian compound, which had illegally stockpiled 
weaponry and ammunition, and placed innocent children at risk.  
Because the BATF operation had failed to meet its objective, a 51-day 
standoff ensued.  
	     
	     The Federal Bureau of Investigation then made every 
reasonable effort to bring this perilous situation to an end without 
bloodshed and further loss of life.  The Bureau's efforts were 
ultimately unavailing because the individual with whom they were 
dealing, David Koresh, was dangerous, irrational, and probably 
insane.      

	     He engaged in numerous activities which violated both 
federal law and common standards of decency.  He was, moreover, 
responsible for the deaths and injuries which occurred during the 
action against the compound in February.  Given his inclination 
towards violence and in an effort to protect his young hostages, no 
provocative actions were taken for more than seven weeks by federal 
agents against the compound.  
	     
	     This weekend I was briefed by Attorney General Reno on 
an operation prepared by the FBI, designed to increase pressure on 
Koresh and persuade those in the compound to surrender peacefully.  
The plan included a decision to withhold the use of ammunition, even 
in the face of fire, and instead to use tear gas that would not cause 
permanent harm to health, but would, it was hoped, force the people 
in the compound to come outside and to surrender.
	     
	     I was informed of the plan to end the siege.  I 
discussed it with Attorney General Reno.  I asked the questions I 
thought it was appropriate for me to ask.  I then told her to do what 
she thought was right, and I take full responsibility for the 
implementation of the decision.  
	     
	     Yesterday's action ended in a horrible human tragedy.  
Mr. Koresh's response to the demands for his surrender by federal 
agents was to destroy himself and murder the children who were his 
captives, as well as all the other people who were there who did not 
survive.  He killed those he controlled, and he bears ultimate 
responsibility for the carnage that ensued.
	     
	     Now we must review the past with an eye towards the 
future.  I have directed the United Stated Departments of Justice and 
Treasury to undertake a vigorous and thorough investigation to 
uncover what happened and why, and whether anything could have been 
done differently.  I have told the departments to involve independent 
professional law enforcement officials in the investigation.  I 
expect to receive analysis and answers in whatever time is required 
to complete the review.  Finally, I have directed the departments to 
cooperate fully with all congressional inquiries so that we can 
continue to be fully accountable to the American people.
	     
	     I want to express my appreciation to the Attorney 
General, to the Justice Department, and to the federal agents on the 
front lines who did the best job they could under deeply difficult 
circumstances.  
	     
	     Again, I want to say as I did yesterday, I am very sorry 
for the loss of life which occurred at the beginning and at the end 
of this tragedy in Waco.  I hope very much that others who will be 
tempted to join cults and to become involved with people like David 
Koresh will be deterred by the horrible scenes they have seen over 
the last seven weeks.  And I hope very much that the difficult 
situations which federal agents confronted there and which they will 
be doubtless required to confront in other contexts in the future 
will be somewhat better handled and better understood because of what 
has been learned now.
	     
	     Q	  Mr. President, can you, first of all, tell us why, 
after 51 days, you decided --
	     
	     Q	  Mr. President, can you describe for us what it is 
that Janet Reno outlined to you in your 15-minute phone conversation 
with --
	     
	     THE PRESIDENT:  I can't hear you both.  If one will go 
first and then the other.
	     
	     Q	  Sorry.  Can you describe what Janet Reno --
	     
	     Q	  Mr. President --
	     
	     THE PRESIDENT:  I'll answer both your questions, but I 
can't do it at once.
	     
	     Q	  Can you describe what she told you on Sunday about 
the nature of the operation and how much detail you knew about it?
	     
	     THE PRESIDENT:  Yes.  I was told by the Attorney General 
that the FBI strongly felt that the time had come to take another 
step in trying to dislodge the people in the compound.  And she 
described generally what the operation would be -- that they wanted 
to go in and use tear gas which had been tested not to cause 
permanent damage to adults or to children, but which would make it 
very difficult for people to stay inside the building.  And it was 
hoped that the tear gas would permit them to come outside.  
	     
	     I was further told that under no circumstances would our 
people fire any shots at them even if fired upon.  They were going to 
shoot the tear gas from armored vehicles which would protect them and 
there would be no exchange of fire.  In fact, as you know, an awful 
lot of shots were fired by the cult members at the federal officials.  
There were no shots coming back from the government side.
	     
	     I asked a number of questions.  The first question I 
asked is, why now?  We have waited seven weeks; why now?  The reasons 
I was given were the following:
	     
	     Number one, that there was a limit to how long the 
federal authorities could maintain with their limited resources the 
quality and intensity of coverage by experts there.  They might be 
needed in other parts of the country.
	     
	     Number two, that the people who had reviewed this had 
never seen a case quite like this one before, and they were convinced 
that no progress had been made recently and no progress was going to 
be made through the normal means of getting Koresh and the other cult 
members to come out.  
	     
	     Number three, that the danger of their doing something 
to themselves or to others was likely to increase, not decrease, with 
the passage of time.
	     
	     And number four, that they had reason to believe that 
the children who were still inside the compound were being abused 
significantly, as well as being forced to live in unsanitary and 
unsafe conditions.
	     
	     So for those reasons, they wanted to move at that time.  
The second question I asked the Attorney General is whether they had 
given consideration to all of the things that could go wrong and 
evaluated them against what might happen that was good.  She said 
that the FBI personnel on the scene and those working with them were 
convinced that the chances of bad things happening would only 
increase with the passage of time.
	     
	     The third question I asked was, has the military been 
consulted?  As soon as the initial tragedy came to light in Waco, 
that's the first thing I asked to be done, because it was obvious 
that this was not a typical law enforcement situation.  Military 
people were then brought in, helped to analyze the situation and some 
of the problems that were presented by it.   And so I asked if the 
military had been consulted.  The Attorney General said that they 
had, and that they were in basic agreement that there was only one 
minor tactical difference of opinion between the FBI and the military 
-- something that both sides thought was not of overwhelming 
significance.
	     
	     Having asked those questions and gotten those answers, I 
said that if she thought it was the right thing to do, that she 
should proceed and that I would support it.  And I stand by that 
today.
	     
	     Q	  Mr. President --
	     
	     THE PRESIDENT:  Wait.  Go ahead.
	     
	     Q	  Can you address the widespread perception --
reported widely, television, radio and newspapers -- that you were 
trying somehow to distance yourself from this disaster?
	     
	     THE PRESIDENT:  No, I'm bewildered by it.  The only 
reason I made no public statement yesterday -- let me say -- the only 
reason I made no public statement yesterday is that I had nothing to 
add to what was being said and I literally did not know until rather 
late in the day whether anybody was still alive other than those who 
had been actually seen and taken to the hospital or taken into 
custody.  It was purely and simply a question of waiting for events 
to unfold.  
	     
	     There was -- I have -- I can't account for why people 
speculated one way or the other, but I talked to the Attorney General 
on the day before the action took place.  I talked to her yesterday.  
I called her again late last night after she appeared on the Larry 
King Show, and I talked to her again this morning.  A President -- it 
is not possible for a President to distance himself from things that 
happen when the federal government is in control.
	     
	     I will say this, however.  I was, frankly, surprised 
would be a mild word, to say that anyone that would suggest that the 
Attorney General should resign because some religious fanatics 
murdered themselves.  (Applause.)  
	     
	     I regret what happened, but it is not possible in this 
life to control the behavior of others in every circumstance.  These 
people killed four federal officials in the line of duty.  They were 
heavily armed.  They fired on federal officials yesterday repeatedly, 
and they were never fired back on.  We did everything we could to 
avoid the loss of life.  They made the decision to immolate 
themselves.  And I regret it terribly, and I feel awful about the 
children.  
	     
	     But in the end, the last comment I had from Janet Reno, 
is when -- and I talked to her on Sunday -- I said, now, I want you 
to tell me once more why you believe -- not why they believe -- why 
you believe we should move now rather than wait some more.  And she 
said, it's because of the children.  They have evidence that those 
children are still being abused and that they're in increasingly 
unsafe conditions, and that they don't think it will get any easier 
with time -- with the passage of time.  I have to take their word for 
that.  So that is where I think things stand.
	     
	     Q	  Can we assume then that you don't think this was 
mishandled in view of the outcome, that you didn't run out of 
patience?  And if you had it to do over again, would you really 
decide that way?
	     
	     THE PRESIDENT:  No -- well, I think what you can assume 
is just exactly what I announced today.  This is a -- the FBI has 
done a lot of things right for this country over a long period of 
time.  This is the same FBI that found the people that bombed the 
World Trade Center in lickety-split, record time.  We want an inquiry 
to analyze the steps along the way.  Is there something else we 
should have known?  Is there some other question they should have 
asked?  Is there some other question I should have asked?  Can I say 
for sure that no one -- that we could have done nothing else to make 
the outcome come different?  I don't know that.  That's why I want 
the inquiry and that's why I would like to make sure that we have 
some independent law enforcement people, not political people, but 
totally non-political, outside experts who can bring to bear the best 
evidence we have.  
	     
	     There is, unfortunately, a rise in this sort of 
fanaticism all across the world.  And we may have to confront it 
again.  And I want to know whether there is anything we can do, 
particularly when there are children involved.  But I do think it is 
important to recognize that the wrong-doers in this case were the 
people who killed others and then killed themselves.
	     
	     Q	  Mr. President, were there any other options 
presented to you for resolving this situation at any point from 
February 28th until yesterday?
	     
	     THE PRESIDENT:  Well, yes, I got regular reports all 
along the way.  There were lots of other options pursued.  If you go 
back -- you all covered it very well.  The FBI -- you did a very good 
job of it.  I mean, the FBI and the other authorities there pursued 
any number of other options all along the way, and a lot of them 
early on seemed to be working.  Some of the children got out, some of 
the other people left.  There was a -- at one point, there seemed to 
be some lines of communication opening up between Koresh and the 
authorities.  And then he would say things and not do them and things 
just began to spin downward.  
	     
	     Whether there were other -- in terms of what happened 
yesterday, the conversation I had with the Attorney General did not 
involve other options except whether we should take more time with 
the present strategy we were pursuing -- because they said they 
wanted to do this, because they thought this was the best way to get 
people out of the compound quickly before they could kill themselves.  
That's what they thought.
	     
	     Q	  Did the government know that the children did not 
have gas masks?
	     
	     Q	     congressional hearings once the situation -- are 
you in agreement with that?
	     
	     THE PRESIDENT:  That's up to the Congress.  They can do 
whatever they want.  But I think it's very important that the 
Treasury and Justice Departments launch this investigation and bring 
in some outside experts.  And as I said in my statement, if any 
congressional committees want to look into it, we will fully 
cooperate.  There is nothing to hide here.  This was probably the 
most well-covered operation of its kind in the history of the 
country.
	     
	     Go ahead, Sarah.
	     
	     Q	  There are two questions I want to ask you.  The 
first is, I think that they knew very well that the children did not 
have gas masks while the adults did, so the children had no chance 
because this gas was very -- she said it was not lethal, but it was 
very dangerous to the children and they could not have survived 
without gas masks.  And on February 28th -- let's go back -- didn't 
those people have a right to practice their religion?
	     
	     THE PRESIDENT:  They were not just practicing their 
religion, they were -- the Treasury Department believed that they had 
violated federal laws, any number of them.
	     
	     Q	  What federal laws --
	     
	     THE PRESIDENT:  Let me go back and answer -- I can't 
answer the question about the gas masks, except to tell you that the 
whole purpose of using the tear gas was that it had been tested; they 
were convinced that it wouldn't kill either a child or an adult but 
it would force anybody that breathed it to run outside.  And one of 
the things that I've heard -- I don't want to get into the details of 
this because I don't know -- but one of the things that they were 
speculating about today was that the wind was blowing so fast that 
the windows might have been opened and some of the gas might have 
escaped and that may be why it didn't have the desired effect.  
	     
	     They also knew, Sarah, that there was an underground 
compound -- a bus buried underground where the children could be 
sent.  And they were -- I think they were hoping very much that if 
the children were not released immediately outside that the humane 
thing would be done and that the children would be sent someplace 
where they could be protected.  
	     
	     In terms of the gas masks themselves, I learned 
yesterday -- I did not ask this fact question before -- that the gas 
was supposed to stay active in the compound longer than the gas masks 
themselves were to work.  So that it was thought that even if they 
all had gas masks, that eventually the gas would force them out in a 
nonviolent, nonshooting circumstance.
	     
	     MS. MYERS:  Last question.
	     
	     Q	  Mr. President, why are you still saying that --
	     
	     Q	  Could you tell us whether or not you ever asked 
Janet Reno about the possibility of a mass suicide?  And when you 
learned about the actual fire and explosion what went through your 
mind during those horrendous moments?
	     
	     THE PRESIDENT:  What I asked Janet Reno is if they had 
considered all the worse things that could happen.  And she said --
and, of course, the whole issue of suicide had been raised in the 
public -- he had -- that had been debated anyway.  And she said that 
the people who were most knowledgeable  about these kinds of issues 
concluded that there was no greater risk of that now than there would 
be tomorrow or the next day or the day after that or at anytime in 
the future.  That was the judgment they made.  Whether they were 
right or wrong, of course, we will never know. 
	     
	     What happened when I saw the fire, when I saw the 
building burning?  I was sick.  I felt terrible.  And my immediate 
concern was whether the children had gotten out and whether they were 
escaping or whether they were inside, trying to burn themselves up.  
That's the first thing I wanted to know.  
	     
	     Thank you.
	     
	     Q	  Mr. President, why are you still saying it was a 
Janet Reno decision?  Isn't it, in the end, your decision?
	     
	     THE PRESIDENT:  Well, what I'm saying is that I didn't 
have a four- or five-hour, detailed briefing from the FBI.  I didn't 
go over every strategic part of it.  It is a decision for which I 
take responsibility.  I'm the President of the United States and I 
signed off on the general decision and giving her the authority to 
make the last call.  When I talked to her on Sunday, some time had 
elapsed.  She might have made a decision to change her mind.  I said, 
if you decide to go forward with this tomorrow, I will support you. 
And I do support her.  
	     
	     She is not ultimately responsible to the American 
people; I am.  But I think she has conducted her duties in an 
appropriate fashion and she has dealt with this situation I think as 
well as she could have.  
	     
	     Thank you.  (Applause.)"
156,talk.politics.guns,talk.politics.mideast,"==========================================================================
  Yes, we do have a beautiful country. And I enjoy it.  Most of all, I
  enjoy the thought that I have the means and can exercise my rights
  to defend me and mine. 
 
  And I want to thank all of you good folks, like Prescod, who remind me
  of what I have.  Along this line, I watched a documentary on one of the
  Nazi concentration camps.  Stacks and stacks of bodies.  There were scenes
  of Hitler speechifying, and what struck me, was the reverence and adoration
  on the faces of the people in the crowds.  I guess they were happy that
  Hitler had implemented full gun control and was taking care of the Jewish
  problem all at the same time."
157,talk.politics.misc,talk.politics.guns,"I heard the other day that Rush has gotten together with Tammy Faye Baker.
  They were crawling in bed the other night and Rush's feet brushed up against
  Tammy's legs.  ""God! your feet are cold"" she said.  Rush looked back at here
  and said, ""Tammy honey, I told you when we're alone you can just call me
  Rush.""  


  Ba dump Bump!  pishhhhh"
160,talk.politics.misc,talk.politics.mideast,"The word some sums it up, alot of scientist have concluded that without a
doubt Global Climate will/is occur(ring) and should be dealt with by source
reductions.  This includes making sure that the ""price"" of fossil fuels
reflects their ""true costs""."
164,talk.politics.mideast,talk.politics.guns,"



Your doubts are unsubstantiated, have some faith in us..




Yes I agree..  Lets say I call my self a XXX.  I go and shoot your family 
in cold blood.  Does that mean that XXX is responsible? No.  I am.
People tend to associate others with color/creed/etc.. it is a form of racism.




"
165,talk.politics.misc,talk.politics.guns,"

Were.

In urban areas."
167,talk.politics.misc,talk.politics.guns,"
""Personal gain"": for his own monetary advantage.  I don't think
anyone would dispute that he both violated his oath of office, and
abused his powers.  But that's not for personal gain.
"
168,talk.politics.misc,talk.politics.mideast,": 
:    When you force people to associate with others against their will,
:    yes.
: 
: People are *forced* into the USA armed forces?

They were in the recent past, maybe someone knows for certain if the
usa has decided if it wants a conscript army (as they sent into south
east asia) or a volenteer one?

--"
173,talk.politics.misc,talk.politics.guns,"

      Frankly, I'm sick of being lied to.  It was bad before Clinton,
      and now it's worse.  Here, listen to Ricks' ( FBI ) words,
      ONE-HALF hour before the fire:

       "" Come out with your hands up.  This matter is NOW OVER. ""

      Now, I hear Ricks ( and REno ) claiming that this was just 
      ""another incremental step in pressure"".  More bullshit.

      Why did they pick 6 AM  Monday morning?  So nobody would
      NOTICE.  So everyone would be busy at work, starting a new
      week.  More bullshit.

      Did the FBI hold back fire engines?  Here, let me paraphrase
      Sessions""

       "" no, we didn't hold back the engines.  We had them on 
         stand-by, blah, balh, blah...   And so, to protect the
         the fireman, we didn't allow the engines to enter until
         it was safe ""

     WHAT THE FUCK IS THIS?   "" YES, WE HAVE NO BANANAS? ""

     What the HELL kind of double-talk is this?  No, we didn't, so
     blah, balh, we did.    Huh?

     I WATCHED this.

     Clinton takes responsibility, ""EVEN THOUGH"" it wasn't his 
     decision.  MOre BULLSHIT.  Does he, or does he NOT, take
     responsibility?!   No more ""even though"" bullshit.  Yes.
     Or no.  

     Christ.
"
179,talk.politics.misc,talk.politics.guns,"







Let me see if I got this right.

Group of religious plinter schismatics erect a compound
and after at least fifty years of peaceful co-existance
with the outside community (having shoot outs only with
each other) - this makes them dangerous.  Prior history
would seem to indicate they are only dangerous to themselves.

Last I knew there was no National Branch Davidian Party
blaming the debacle in VeitNam on Foreign Meddlers and
three-two beer, calling for the Rounding up of Meat Packers,
Growers and Slaughter Houses.

You want tough political choices - how about letting odd balls
be odd balls?  (I know, this requires tolerance for 
those that go into Government - but we all know people
who have no useful skills.)


ith the death of the children everybody is getting
real upset - what about the other 40 plus people?
I suppose that you consider children to be property
of the state with the family as custodians. (In the
States its the other way around - children are parental property.)
If what you consider a Corrupt Government demands that
you send you children into _their_ tender care - I
suppose that you will obey the State and turn you children
over to their care.  Sorry - I am not as enamoured of the
womb to tomb cradle that is IngSoc.

Gotta go, the beach is calling.
chus
pyotr
"
185,talk.politics.mideast,talk.politics.guns,"In a previous article, sadek@cbnewsg.cb.att.com (mohamed.s.sa 

Mohamed,

What has he got to say about the carnage and genocide in our own SUDAN?
The two scenarios must be viewed from the same perspective or don't you
think so? well, methinks. no flames intended!!!

oguocha



"
189,talk.politics.misc,talk.politics.guns,"russotto@eng.umd.edu (Matthew T. Russotto) writes...




	It's fairly simple. It was decided to burn the place down,
	and more than one agent was dispatched to set the fires in
	separate parts of the compound. I doubt that ""simultaneously""
	means ""at the exact same time"" in this case. It likely means
	""close enough together to preclude them from being part of
	the same fire.""



	They might be waiting until the evidence comes in from the
	site, and the investigation is at least well underway. 



	The same could be said of Jonestown.


	Maybe. Then again, I've been suprised at what folks have missed
	in the past in similar situations. Don't jump t oconclusions.

                  _____  _____
                  \\\\\\/ ___/___________________
  Mitchell S Todd  \\\\/ /                 _____/__________________________
________________    \\/ / mst4298@zeus._____/.'.'.'.'.'.'.'.'.'.'.'.'_'_'_/
\_____        \__    / / tamu.edu  _____/.'.'.'.'.'.'.'.'.'.'.'.'.'_'_/
    \__________\__  / /        _____/_'_'_'_'_'_'_'_'_'_'_'_'_'_'_/
                \_ / /__________/
                 \/____/\\\\\\
 			 \\\\\\"
193,talk.politics.misc,talk.politics.guns,"

	You don't know much about the fall of Diem's government in Vietnam.
	Or the traditional Indian practice of Suttee. People have been
	burning themselves to death (or willing to go through such and end)
	for political and religious reasons since the beginning of time.
	Also, death from smoke inhalation is little better than dying from
	the flames themselves. Think about breatning in searing toxic
	gasses. It's not pleasant.
	


	Then again, to a Buddhist monk, it might be. To each his own.


	I'm waiting to see what the government has, too. 


                  _____  _____
                  \\\\\\/ ___/___________________
  Mitchell S Todd  \\\\/ /                 _____/__________________________
________________    \\/ / mst4298@zeus._____/.'.'.'.'.'.'.'.'.'.'.'.'_'_'_/
\_____        \__    / / tamu.edu  _____/.'.'.'.'.'.'.'.'.'.'.'.'.'_'_/
    \__________\__  / /        _____/_'_'_'_'_'_'_'_'_'_'_'_'_'_'_/
                \_ / /__________/
                 \/____/\\\\\\
 			 \\\\\\"
200,talk.politics.guns,talk.politics.mideast,"
     These zealots. Holy fuck.

     Israel. Armenia. Turkey. Greece. Croatia. Serbia. Bosnia. Russia. Germany.
Iran. The Arab World.

     War.

"
204,talk.politics.misc,talk.politics.guns,"garrod@dynamo.ecn.purdue.edu (David Garrod) writes...




	It was on CBS yesterday. The explanation is reasonable enough.
	Then again, if the fire was accidental, why didn't more
	people get out?


	That's true. I think there were several Australians in the 
	group as well.

                  _____  _____
                  \\\\\\/ ___/___________________
  Mitchell S Todd  \\\\/ /                 _____/__________________________
________________    \\/ / mst4298@zeus._____/.'.'.'.'.'.'.'.'.'.'.'.'_'_'_/
\_____        \__    / / tamu.edu  _____/.'.'.'.'.'.'.'.'.'.'.'.'.'_'_/
    \__________\__  / /        _____/_'_'_'_'_'_'_'_'_'_'_'_'_'_'_/
                \_ / /__________/
                 \/____/\\\\\\
 			 \\\\\\"
212,talk.politics.misc,talk.politics.guns,"

      Perhaps I failed to make myself clear:  Minorities in the U.S.
*correlate* with poverty.  This isn't good and we should address it,
but we shouldnt' ignore that minorities and poverty *do* tend to go
together.

      *Does* Vancouver have a consistantly poor population drawn along
racial lines?  If it doesn't, then assumptions of being able to compare
minority vs. majority in both cities is questionable at best.


       If the *rate* of increase over a period of several years remains
unchanged, or increases, I think it's not a far jump to say that the laws
are not effective.  No, you can't sit down and say that things wouldn't
have been worse.  I don't have a crystal ball and neither do you.  However,
that road leads us to a place where it is impossible to critique *any*
action.  If it gets down to be, ""It might have been worse without them,""
then there *is* no valid objection, which I'm sure would amuse certain
people to no end.


       So we've got a situation where we have several options:

	1)  The crime rate decreased:  Obviously gun control worked.

	2)  The crime rate remained the same:  It would have been worse
	without gun control.

	3)  The crime rate increased:  Perhaps the laws prevented an
	even bigger increase.

       Cute testing ground we've got.  All responses support the proposition
that gun control works.

       The question is this:  Did Washington D.C. experiance an increase
in its violent and/or gun crime rate which was greater than the pattern
indicated prior to the implemented gun control laws.  If it did, then
the suggestion that the problem the gun control laws were designed to
""control"" did not exist in their entirety prior to the gun control laws.
"
213,talk.politics.misc,talk.politics.guns,"
Peter Nelson posted a very eloquent response to this point in 
talk.politics.misc, so I need not consume more bandwidth here.



What I meant, if it was not clear, was the intersection set of liberal
and libertarian philosophies of ""natural rights"" and how the government
(and Constitutional interpretation in particular) fits into that 
philosophy.  This philosophy engages in the very serious practical 
error of endowing the nine lawyers on the Supreme Court with an almost 
totalitarian authority, completely outside of the consent or consensus 
of The People.  This is why Supreme Court nominations are such amazing
political fist-fights these days, because He who Controls the Court
Rules the Country.  The people on the Court may well be trying to do
the best job they can, but they are at best a benevolent oligarch, even
if you approve of every Supreme Court decision ever.  Eventually, an
oligarch will arise that will decimate that which you hold dear.  Try 
Supreme Court cases by Jury, and the problem would be mitigated a great 
deal.

Those who would create broad, non-enumerated government powers at any 
level (as in European Parlamentary Democracies and the current de-facto
standard in the U.S.) have essentially engaged in the same fundamental 
mistake, except that it is some different body that has the totalitarian, 
virtually unchecked (except by plurality election, death, or retirement), 
government power. 



This is like asking why the wind blows, unless you can prove that
the fact of your engaging in certain activities has absolutely no 
effect whatsoever on any other human being who has not consented to
your engagement in those activities.  Very few human activities indeed
fit into this category.  

Even for those few that do, who would you empower to make the judgement 
of what is and is not a fully autonomous activity?  Who defines ""picking 
my pocket"" and ""defrauding""?  Are economic assets a person's only assets,
or are peace of mind, stability, confidence in a child's emotional 
environment, security, and many other things not also a part of a person's
assets?  What gives you the right to create a moral environment that a
parent strongly objects to?  What gives you the right to create an 
environment of social unrest and instability?  If you say that what you
do does not have those effects, by what authority do you say that?  Who
is empowered to make these value judgements?



If the Federal Constitution explicitly prohibited you from doing so, the 
federal government would prevent you from doing so.  If it did not, and
you could muster enough local support to pass an amendment to the local
Constitution (by, say, a 3/4 majority) empowering the local government 
to do so, then I would have to vote with my feet and move to a neighborhood
more friendly to my own system of values.  This is not an ideal situation,
but it is far better than the mess we are mired in right now.



When you define ""rights"" very broadly, there is no practical choice about 
whether people will or will not infringe upon your rights since these
""rights"" overlap.  Even when rights are defined very narrowly, the government 
has been empowered to prevent others from infringing on your rights.  The 
fundamental question is, by whose authority is that power created.  If you 
support the current situation with a ""natural rights"" Supreme Court (rather
than an ""original understanding"" Supreme Court or, even better, Supreme
Court by Jury), you are consenting to having nine lawyers in Washington, 
D.C. create those powers out of the air.  In my ""Fractal Federalism"" scenario, 
it is a broad consensus of The People (i.e. the amendment process) that 
creates those powers.



No, I mean the federal government that comes trucking in with guns to
tell the locals how to run their neighborhood.  Waco, TX is a nice example.



If you create a community where public masturbation is permitted in the 
cause of ""personal autonomy"", have you done anything different?  What
precisely are these autonomous activities you are referring to?  If you
list them, perhaps we can get enough people to agree that they are truly
autonomous and pass a constitutional amendment protecting them.




The Koresh Incident appears to be a horrendous abuse of government power,
power possibly illegitimately obtained through a means I would abolish. 
The constitutionality of ""no-knock"" warrants seems very dubious to me, not
to mention the mere existence of BATF and the government's propensity to 
ignore the word ""infringe"" in the Second Amendment.  This power is upheld 
by the same body, with its incredible concentration of power in the hands 
of nine people, that has upheld much so-called ""Civil Rights"" (read- affirmative 
action) legislation despite the Fourteenth Amendment.



Money is certainly not the only asset I have in this world.  If it were,
this would be a bleak existence indeed.




Matt Freivald


--------------------------------------------------------------------------
LiBORGalism:
             THINKING IS IRRELEVANT. INTEGRITY IS IRRELEVANT.
          FREE SPEECH IS IRRELEVANT. PRIVATE PROPERTY IS IRRELEVANT.
                 PERSONAL RESPONSIBILITY IS IRRELEVANT.
                     CONSERVATIVISM IS FUTILE.
                      YOU WILL BE ASSIMILATED.
--------------------------------------------------------------------------
THESE ARE MY OPINIONS ONLY AND NOT THOSE OF MY EMPLOYER!!!!!!!!!!!!!!!!!!!"
214,talk.politics.mideast,talk.politics.misc,"@> 	A few things about the University. It is more fun than some may
@> admit. Partying does go on and it has consistently been ranked
@> one of Playboy's top party schools. ..."
225,talk.politics.misc,talk.politics.guns,"
Saw it in t.p.m., thanks.




Yes, and the individual is not omitted; I just didn't fully articulate the 
principles of Fractal Federalism.  All government powers derive from the
People; each level can receive a new power from the level below through 
the amendment process, where a true consensus (say a 3/4 majority) writes 
that power into the Constitution of the level above (in the case of the 
lowest level, an amendement is passed by a 3/4 majority vote; in the case 
of higher levels, it must be passed by 3/4 of the legislatures.  We can
of course haggle about the specifics of ""true consensus"" when we hold our 
Constitutional Convention :-).  Once a power has been granted, it may be 
exercised by the legislature.  Powers not in the original Constitutions must 
percolate upward, starting from the individual.  The ratification process 
for the original Constitutions should involve consensus and not simply a 
plurality or majority.

Granting a ""right"" in a constitution is of course the same as empowering
the government at that level to restrict the activities of the governments
at the lower levels, so it operates in the same way as the amendment process 
(again, that crazy resemblance to the supposed-but-not-actual U.S. government 
structure).

This government structure is a very frustrating one for those people (read-
""liberals"") who would like to have concentrated power to use the government
to force people to do ""good"" (a difficult-to-define word, and one that it 
is difficult to reach a consensus on).  It is also a frustrating structure 
for those who want to use the government to dictate personal behavior (read- 
""big-government conservatives"").  I personally would rather see those types
of people frustrated than the incredible erosion of liberty (both civil and 
economic) that is going on now.

This is IMHO a ""good"" government stucture for those who see the role of
government as the protection of individual liberties, while still recognizing
that individuals need to have some influence in the type of community that
they live in.




One which maintains peace, liberty, and the opportunity for happiness for its
people, while working within the realities of human nature.  You do bring
up the point (intentional or not) that a ""lasting"" idea is by no means
necessarily a ""successful"" idea.  I believe that Fractal Federalism would
at least bring many ideas to light, and The People would have the opportunity
to democratically choose between ""good"" ideas and ""bad"" ideas.  If the
Docialists, er, I mean Democrats are right and government activism fosters a
prosperous People, they will have a plethora of local opportunities to  
check their thesis.  If Libertopia is possible, it will arise.  If a balanced
Conservative Republic is democratically received as the best level of
government activity, it will become clear to The People that it is best.





Right, and people would not rescind any freedoms (read- ""empower the
government"") except through the amendment process.  That is how the Federal 
Government is supposed to work now, but the Supreme Soviet, er, I mean the 
Supreme Court put a stop to that ""republican government"" nonsense.

In my hypothetical government, if there were a constitutional provision
empowering the government to regulate churches the government (whatever
level we are talking about) could indeed ban churches.  The constitutional
provision would be invalid if a higher level had a constitutional provision
protecting free exercise of religion.  The uppermost Constitution is still
the Supreme Law of the Land.




It is a matter of individuals being able to control their own associations
and environment, not a matter of suppression of ideas.

One dilemma of the human condition is that individuals need liberty, and
they also need to have some control over their environment.  In my
""Fractal Federalism"" government, certain ""rights"" are protected by the 
constitutions.  Other ""rights"" are protected simply because the government 
has not been empowered to infringe upon them.  When a consensus is reached
that the government should have a certain power, then freedom is infringed
upon.  This cannot be avoided -- murder statutes infringe upon freedom,
but I think that the consensus of the American people is that murder statutes
are a good idea.

I am sure that many parents believe that they have a ""right"" to control
the environment that their children live in.  People feel that they have
a ""right"" to sleep peacefully at night; thus, there are noise ordinances.
There are zoning laws that keep businesses from overrunning residential
neighborhoods.  I do not view these as bad things (certainly some individual
instances are bad, but the concept is not necessarily bad), I view them
as the people in a community having some control over the type of community
that they live in.  I see the alternative as near anarchy.

Like I said in another post, if you can come up with a scenario where an 
individual can do something truly autonomously -- with absolutely zero
effect on anyone else -- then no individual or government has the right
to restrict that activity.  There are simply not very many behaviors that
fit into the category of the truly autonomous, so the whole thing becomes
an issue of one individual or group having power over another individual
or group.  I think that the ""Fractal Federalism"" approach is a sound, if
not ideal, approach to limiting this restrictive power.  The libertarian 
scenario degenerates to ""might makes right,"" and the system we have right
now is one of ""lawyers abusing natural rights philosophy to decide what 
powers the government should have by subverting the democratic process 
though the Supreme Court.""





I think I answered this above already, but let me expand a little more
with an example.  If I stand naked in front of your house and masturbate 
in front of your children while they play, in your libertarian (small 'l')
scenario the only recourse you have is to yell at me.  ""Autonomous"" is
a value judgement 99.99% of the time, it is not a scientific reality with
a clear definition.  Exactly who would you empower to make that value
judgement?






Lots of people are long on complaints and short on practical solutions.
Although I am pessimistic that my idea will ever bear fruit, I am at least
trying to be long on solutions also.  I am truly interested if you have
any improvements to make on my ideas (I call them ""my ideas"", but they
all come from an ""average guy"" reading of the U.S. Constitution without
benefit of the indoctrination of Constitutional Law academia).




Sorry, the confusion was my fault.  When I said that ""Fractal Federalism"" 
resembles the U.S. constitution, I meant it and thought it was pretty clear.  
I should have more clearly explained that the ultimate derivation of government
power is from the CONSENSUS of the people (although not the CONSENT of every
individual; a practical observation, not a moral judgement).  It is certainly 
better than having all government power derive from nine lawyers, which is the
situation we have now.  That is why I think the Supreme Court should be
a jury court, with a different jury for each case.  

It is certainly not perfect (no philosophy of government is), but do you still 
find it a repugnant idea?  If so, what is your solution?





I think that you misunderstood the structure of the form of government I
advocate, and it was my fault for not being more clear.






The majority does not make the rules.  The majority (or possibly a 
plurality) simply elects representatives to exercise limited government 
powers; those limited government powers derive from a large consensus, 
not a simple majority.  And the Federal Government, in my scenario, still
has the power to protect freedoms.






Matt Freivald


--------------------------------------------------------------------------
LiBORGalism:
             THINKING IS IRRELEVANT. INTEGRITY IS IRRELEVANT.
          FREE SPEECH IS IRRELEVANT. PRIVATE PROPERTY IS IRRELEVANT.
                 PERSONAL RESPONSIBILITY IS IRRELEVANT.
                     CONSERVATIVISM IS FUTILE.
                      YOU WILL BE ASSIMILATED.
--------------------------------------------------------------------------
THESE ARE MY OPINIONS ONLY AND NOT THOSE OF MY EMPLOYER!!!!!!!!!!!!!!!!!!!"
231,talk.politics.mideast,talk.politics.misc,"Can someone elaborate a little on what this ""Libertarian"" movement is? I
am not going to draw conclusions from a small sample, but so far I
recall two self-described ""Libertarians"" posting here. Both seems to be:

1) Incredibly ignorant.
2) Incredibly arrogant.
3) All they want is to get people angry.
4) Posses a lousy sense of humor.
5) write incoherently and jump from topic to topic without any logical
   connection between topics.
6) Describe themselves as intelligent and knowledgeable, although everything
   in their posters points to the opposite.
7) Very childish.

Is this some campaign to smear this Libertarian party or what?"
235,talk.politics.misc,talk.politics.guns,":
on
h

I guess your view of the video from your sofa gives you a better view than
the cops involved?  I guess one can see what one wants to see after all."
239,talk.politics.guns,talk.politics.mideast,"

I believe that this is not quite correct. My understanding is that LDS is
engaged on a project to ""convert"" the souls of deceased persons of other
religions, in order to spare them from damnation and gain them entrance into
heaven. To this end, the Church has compiled extensive genaeological records, so
that they will know the names of people to convert. A long article in the New
Yorker a few years ago described the LDS research methods in some detail (for
example, some researchers pay visits to local native storytellers to learn the
names of people long dead). This sounds like just the sort of lie that would be
made up about any unusual religion, but the New Yorker story convinced me that
there is some truth to it (the New Yorker used to do extensive fact-checking, and
the story was quite detailed)."
251,talk.politics.misc,talk.politics.guns,"   Would you like fries with that, sir?
"
255,talk.politics.guns,talk.politics.misc,"

Um, I sortof hesitate to bring this up, but owning even a single share
entitles you to attend the annual shareholders meeting, and under most
corporate charters to introduce topics to be discussed.  While I *don't*
suggest the tactic used by some in Japan (go to the shareholders meeting,
and disrupt the bejeezus out of everything), what about a well-worded
resolution complaining about ""advocacy journalism""?

"
256,talk.politics.misc,talk.politics.guns,"
How about tell everyone what the hell they were doing there in the first place?

If we knew that, we'd be in a much better position to judge their actions.
Until then, we can only speculate and develop nice conspiracy and/or police
state stories."
268,talk.politics.mideast,talk.politics.guns,deleted
269,talk.politics.misc,talk.politics.mideast,"

Who said it was dead. It seems to be alive and well here on the net."
278,talk.politics.misc,talk.politics.mideast,"
Certainly many religious beliefs seem to be positive principles for
everyday living.  Indeed, I believe it is the Islamic religion which
avoids alcohol (I apologize if I name the wrong religion) and that
is certainly a physical positive in many respects.  However, this
proves nothing.  Just because something is a ""basic, pragmatic
principle of day-to-day living"" TODAY doesn't mean it evolved from
the same.  Especially those beliefs and (mostly) positions held based
on interpretations of the religion.

Religious beliefs come from many places but most will be backed up
(after many levels of arguments) to ""Because that's how it is written.""
or ""God says...""  Now I'm not faulting that but that is not a basic,
pragmatic principle as you mean it in this context.  It is a belief
based on faith, which by definition is not necessarily backed up by
logic.  Faith is a given.  God is a absolute truth when arguing from
religion.  Also, many religions would reject your thesis that their
beliefs simply come from these day-to-day principles.

In summation, if you wish to use religious arguments be prepared to
back them up with ""It says in the [fill in religious document here],""
because most religions (things which at least I denote as religions)
are based on the writings of or teachings of [fill in religious
figure here].

NOTE: Religion is a charged topic and if I offended anyone regarding
	  my references to God, I apologize.  Please insert your own
	  sensible references, the argument should apply to nearly all
	  religions."
283,talk.politics.misc,talk.politics.guns,"The fact that Reno is actually taking responsibility (gee--that's a new
one for a politician) is a new thing for a member of Clinton's administration.
I actually respect her for having a backbone ( I never thought I'd say
that about someone from that bunch).

The way I understand what happened is that she discussed with Clinton
what was being planned for Waco.  Clinton didn't say no, so gave de
facto approval for the operation.  Things got messed up, and a lot of
people died horrible deaths.  (if I am incorrect about this, please 
feel free to correct it.  This is just what I've been able to pick 
up.)

I've just got a couple of questions about this whole thing.
(1)  Why did the government feel they needed to assault that compound?
(2)  Why didn't they try to flush them out in the first week of
     this fiasco instead of waiting 50 days.
(3)  Janet Reno jumped up to take responsibilty to take heat away
     from the President.  Does this sound anything like what a couple
     of Reagan's aides did?"
286,talk.politics.misc,talk.politics.mideast,"

You have yet to answer any or all of my questions and challenges to your 
statements.  By this am I to assume that you are unable to do so?  Or just
plain unwilling due to your lack of proof/intelligence?  So what next?  I 
prove you wrong so you just put me in your killfile?

Your lack of reasoned response seems to be a typical Clayton response.


"
289,talk.politics.misc,talk.politics.guns,"

  What crap, Phil. 50mm? Wrong. To give you a clue as to how big 50mm is, the
 F-16 fighter aircraft have 20mm gattling guns used to shoot down other 
 aircraft. A 50mm gun would be somewhere in the `cannon' realm. They might
 have had .50 calibre but definitely not 50mm. 



<><><><><><><><><><><><><><><><><><><><><><><><><><><><><><><><><><><><><><><>

 Paul R. Busta	                                    Busta@kozmic.enet.dec.com
 Salem,N.H.                                   
 603-894-3962
"
290,talk.politics.guns,talk.politics.mideast,"for those who live near or plan to vacation in New Hampshire
and Maine, I am posting the basic info of how to
apply for a LTC (CCW) in those states for non-residents."
292,talk.politics.guns,talk.politics.misc,ABOLISH CULTS!
301,talk.politics.misc,talk.politics.guns,"mwilson@ncratl.AtlantaGA.NCR.COM (Mark Wilson) writes,
(missing the entire point of my post):


No joke.


No,_you_jumped to_that_conclusion.  It's actually an argument as
to how to accomplish the societal good of discouraging drug use
without violating individual rights.


No. _You_missed the point.  The point is, the ""War On Drugs""
is a failure, and is counterproductive.


But, they are not free to be stupid and injure other people.
Admittedly, the fetal right-to-life is outside the scope of
this discussion.  However, it's ridiculous to assert, as you
apparently do, that cocaine has_no effect_on the developing
fetal nervous system.  Caffiene and nicotine have fetal effects
too, why should cocaine be any exception?


If you had read my article before writing your knee-jerk response
you would have seen that this is exactly what I advocated.


No shit, Sherlock.

[...]

Thank you.  How could you have missed the point so utterly?
What_have_you been smoking?


Obviously, importers will not be buying drugs in the U.S., under
U.S. jurisdiction.  Use your remaining brain cells.


O.K., I'll spell it out for you.  ""Barter economy"" means that
drug users will be permitted to grow or synthesize chemically
anything they choose, or to buy it outside the U.S. and bring
it in, if it won't grow here.  They will also be permitted to
trade with other drug users for drugs other than the ones they
themselves grow or manufacture.  They will not, however be able
to legally sell their drugs for money.  Both manufacture and
importation of noncommercial drugs will be taxed, to discourage
their use. ""This is your brain on drugs. Any questions?""


Pardon me, but possession/use of these drugs is still a crime!
You cannot analogize the rates at which drug users would seek
treatment, and the comparative ease with which it could be
made available today, when these drugs are illegal to possess/use,
with what it would be were they_not_illegal to possess/use.
Decriminalizing possession and use makes treatment_much_easier.
Drug dealers are exploiting the weaknesses of those persons who
are prone to addiction, and as such, the drug users should be
left alone, not thrown in prison along with their victimizers.
Drug_dealers_are the criminals, and should be treated as such.
Drug addiction does not absolve you of responsiblity for your
criminal actions, however.


The drug test of an arrested suspect is voluntary, not coerced,
and does not therefore constitute violation of Amendment V.
Those convicted who are drug users, as evidenced by the test,
are in need of treatment for their problem.  Institutionalization
of these adddicted criminals is, I would argue, the best way to
help them straighten out.  If they refuse the test and are convicted,
their sentence can be appropriately harsher, since they, unlike the
addict, have no ""excuse"" for their crimes.


Why not?  My objective is to discourage drug use_and_criminal
behavior.  If fewer criminals do drugs out of fear of getting a
harsher sentence if they are convicted, why is that not a good
thing?  If fewer drug dealers (who are still criminals, BTW)
can find victims, why is that not a good thing?  If fewer drug
users, such as drunks, 'potheads,' etc., commit crimes out of
fear of being cut off from their sources of supply, why is that
not a good thing?

I'm certainly willing to debate my position.
You have to read it carefully though."
302,talk.politics.misc,talk.politics.guns,"
You have perhaps heard of the Dead Sea.  I may be wrong, but I believe
it is not misnamed.  And I don't believe that humans had a hand in it,
although it is possible since the great cedar forests of Lebanon were
but a memory by the time of Christ if not earlier.

But, more on the point, while Nature is the may be the more prolific
""despoiler"", Man is certainly the more creative.  We have to our
credit pesticides and heavy metals, not to mention radioactivity,
which is so wonderfully persistent and fatal (not that we invented
radioactivity or heavy metals, we only concentrated them so that they
would be a more lethal threat).

In general I find Mr. Bacon's arguments rhetorical, devoid of sense,
and therefore trivial.

BTW, is there any reason this discussion is on phl.misc?"
303,talk.politics.mideast,talk.politics.guns,"
Thank you very much for clarifying your position and source.  Apologies 
are accepted in good faith.  This absolutely was no attempt to bring you to
your knees, It is merely a suggestion to really check and re-sheck your
sources before throwing a flame into the net.

Thanx again"
306,talk.politics.misc,talk.politics.guns,"
+>Can people please stop the 'I think/know the BATF/FBI are completely
+>responsible but they'll cover it up so that the investigation will
+>show that Koresch is responsible' bs. In an investigation of this
+>size with the feds, state, and civilians involved in the
+>investigation it would be practially impossible to cover up.

	The place has burned to the ground.  The FBI and company
have the whole area cordoned off and have already arrested 
reporters for being at the site and taking pictures.

	All your going to get in terms of a story is what the FBI, ATF
and the Texas Rangers decide to release.  



+>And with Republicans like Arlen Spector calling for investigations,
+>this isn't going to be handled with kid gloves.
 
	When the Philadephia cops dropped their bomb on MOVE and
managed to burn down an entire neighborhood many people said 
the same thing.  Dead men and rubble tell no tales that the
police dont want them to tell.  "
307,talk.politics.misc,talk.politics.guns,"A few questions for Janet Reno:

	Why don't you think generals have any place in law enforcement?

	If the ATF/FBI had proof that Koresh was:

		A child molester
		A child abuser
		A wife abuser
		Bigamist
		Sexual Deviant (not a crime in all 50 states, yet)
	As well as
		Illegally modify weapons

	Why wasn't he simply arrested during one of his morning jogs?  Why did
the allegations of child/wife/sex crimes only come out after the Branch
Davidians repelled the initial assualt?

	Was it because it became necessary to demonize David Koresh?  Do you
feel responsible for the deaths of over 80 people?  How many would be alive to
day if Koresh had been arrested outside the compound?


	Inquiring minds want to know.

	[Although Janet was installed after the siege began, her purge of the
justice dept. leaves only her people in charge.]"
308,talk.politics.misc,talk.politics.mideast,"Since 1979, the members of the European Parliament (the parliamentary assemby
of the European Community) have been elected directly by the citizens of the
Member States. Before, the Members of the European Parliament (MEPs) were just
Members of National Parliaments (MNPs) elected by and from among their peers.

In the European Parliament, every Member State has a fixed number of seats,
which increases less than proportionally with the population. Once in five
years, a general European election is being held, in which the citizens of all
Member States choose their representatives to the European Parliament. Next
elections are due in 1994.

Now the voting system for these European elections still differs from one
country to another. Although the European Treaty enabling the direct election
of the MEPs requires a uniform voting system, up to now every country has just
used its own system, more or less the same one used for national elections.
British MEPs are elected in a first-past-the-post system with one MEP per
district; nearly all other States have chosen a system with proportional
representation. But then in some countries (France, Italy) MEPs are allowed to
be a MNP as well, whilst in others they are not (Belgium, Netherlands).

The European Parliament is now working on a uniform election system for its
own members, so that every candidate should have the same regulations to
comply with, regardless of the Member State (s)he wants to be elected for. I
would like to know what you people out there think of the following questions:

1. Do you think it is necessary to have uniform regulations or should every
Member State continue to use its own regulations (for European elections that
is)?

2. Do you think a system of majority voting should be implemented, with one or
more MEPs per district, or would you prefer a system with proportional
representation (for the whole of the Community or per state, per region, per
district?).

3. Do you think the European Commission (or just its president) should be
directly elected too, or should it be appointed by the European Parliament, or
by the joint Member State governments as it is now?

4. The Maastricht Treaty allows subjects of Member States to stand for
election in another Member State they are residing in. Do you think you would
or could vote for a foreigner if his/her ideas appeal to you?

5. Do you think MEPs should be allowed to be a member of a national parliament
or a regional parliament too? Or a member of a national or regional government
body?

6. The European Parliament now has meetings in both Strasbourg and Brussels.
MEPs themselves are for a complete move to Brussels in great majority, but
political compromises between the governments of the Member States stick to
the status quo. Do you approve of this or do you think the European Parliament
should meet in one city only, and if yes, which?

Please post your answers to eunet.politics, to which all followups are
automatically directed. If you do not have access to that group, please mail
your answer directly to me and I will post it for you.

I hope many of you will take the time to post their views on this matter."
313,talk.politics.misc,talk.politics.mideast,"Do we know yet who will be holding the hearings? And, if so, do
we know who is on the committee of question askers? I'm sure
many of us have potential questions we'd like to send to them."
316,talk.politics.misc,talk.politics.mideast,"

   |>>|>       Excerpts from ""Insight"" magazine, March 15, 1993

   |                       *Paranoia part deleted.*

   |  Isn't Insight magazine published by the Mooneys?

   I don't remember the article that you removed so I can't comment on it.
   What I can comment on though is your response.

   Do you really believe that what you wrote is sufficient to refute
   the article?  Do have any facts in addition to your opinion?

No one has time to chase down every rumor that gets printed
in the National Enquirer or whatever.  The point is to wait
and see if the assertions of the (rather bizarre) original
post will be corroborated in any way.  Perhaps they will.
The recent posts of the rather bizarre original poster speak
for themselves."
318,talk.politics.misc,talk.politics.guns,"
       While also allowing law enforcement agencies to intercept phone
conversations of criminals *and* non-criminals unlawfully.  (""No, Rev.
King, we aren't spying on you."")

       I wonder how long it will take for ""the wrong people"" to put their
hands on the equipment necessary to read this stuff.  It'll probably
be as safe as weapons locked safely in evidence rooms.


       And people to whom they sell them to.  All it takes is corrupting
the right guy.  No, that never happens.
"
320,talk.politics.misc,talk.politics.guns,"
  This might be illegal without a very specific Presidential declaration
or even a change in law. In general (sic), U.S. military troops are not
permitted to be used for domestic policing operations.
"
327,talk.politics.misc,talk.politics.guns,"
And this results in a fire that starts in one room and torches the entire place
before anyone in the adjacent rooms can escape?  I don't think so.  So much for
the smolder theory."
350,talk.politics.misc,talk.politics.guns,"
  True.  Today's Boston Globe interviewed a former Unification Church
  leader who is now a consultant on cults.  He said the FBI's approach
  was totally wrong.  He said they should have tried to break down the 
  BD's loyalty to Koresh through psychological means.   Koresh's whole
  theology was based on an approaching confrontation with the forces 
  of evil in the world and a seige mentality based on this.  The Feds
  played into his hands **PERFECTLY**.   By surrounding the compound
  with tanks and playing loud rock music and glaring lights at them 
  they strongly reinforced Koresh's message that the outside world was
  evil and threatening.    He said instead they should have set up 
  a picnic atmosphere, and acted inviting and friendly.  If they
  broadcast anything over PA systems it should have been loving 
  relatives reflecting on pleasant events from the cult members'
  childhoods.   The idea is to make the outside world and surrender
  seem like a pleasant, desirable alternative.   Interesting comments.
"
351,talk.politics.misc,talk.politics.guns,"
	Having watched most of the televised trial, I can answer that
when such statements were made by the defense atty, the prosecutor did
object, and the judge tended to sustain the ones that were obviously
falling under the ""self-incrimination"" type of objection.  There was
quite a bit of meta-discussion during the trial over the use of graphic
language, with most folks asking the judge if she wanted to hear the
exact language.  Practically every time the defense tried to get the
plaintiffs to ""self-incriminate"" by asking them such questions, there
were objections and sustains.

	At one point the defense managed to get in a quip about
""solicitation for a felony"" and the judge herself said ""sustained""
before the prosecutor could get the objection stated."
354,talk.politics.misc,talk.politics.mideast,"



Of course, then there's the other side. An article in yesterday's Atlanta
Journal stated that there are many scientists who have misgivings that the 
data being used to determine whether or not global warming is occuring is
faulty. The point that the article made is that all long term temperature
dataa collected has been in urban areas, and that any heat rise can be
attributed to the growth and urbanization of the area. They called it
the ""asphalt temperature trend"". We have no real long term data on remote
areas, such as the middle of the Amazon rain forest, or the top of Mt. Everest
or the Gobi desert, for that matter. An accompanying article mentioned that
a group of scientists at NASA had developed a method for using a satellite
to collect temperature data globally, and that preliminary results showed
a slight downward trend attributed to the Mt Pinatubo eruption. It went
on to say that even with the current downward trend, there appeared to be
*NO* change in global temperatures using trend prediction methods for at
least the next 50 years.

I can quote the article verbatim if you like.."
360,talk.politics.misc,talk.politics.guns,"
Wait a second, you're ignoring major facts here.

There was NO attempt to simply serve a warrant. The BATF had a
no-knock warrant. The initial firefight began when the BATF threw
concussion grenades at the building. (BATF admits this!)


Let's be realistic here, shall we?

You're a member of a rather paranoid religious organization. Someone
comes to your building, dressed in black suits, carrying firearms.
They throw a concussion grenade at the place, and try to break in.
What, exactly, are you going to do?

I would not allow anyone to enter my home without first identifying
themselves. If someone attacks my home by firing weapons or throwing
explosive, I think I'd be entirely justified in defending myself.

Regardless of what I think of the BDs, and regardless of whether or
not they were guilty of firearms violations, this is NOT the way you
treat people in a supposedly free society.

	<MC>"
365,talk.politics.mideast,talk.politics.guns,"
 	Actually, You're wrong as well. The KKK is allowed to
march and any attempts to curtail their freedom is rejected
(Actually I believe the ACLU won a case for them last year). 
	Morality should not be legilated in a free country like
the U.S. 
	I'll post something on TJ and Uva under Uva for those
Hoos bashers.
"
369,talk.politics.guns,talk.politics.mideast,"

   Some women might say, ""Death"".  How about ""life, with no hope of parole""?"
376,talk.politics.misc,talk.politics.guns,"






    James Madison, Federalist Paper 41:

    ""It has been urged and echoed, that the power ``to lay and
     collect taxes, duties, imposts, and excises, to pay the debts,
     and provide for the common defense and general welfare of the
     United States,'' amounts to an unlimited commission to exercise
     every power which may be alleged to be necessary for the common
     defense or general welfare...

    ""No stronger proof could be given of the distress under which
     these writers labor for objections, than their stooping to such a
     misconstruction.  Had no other enumeration or definition of the
     powers of the Congress been found in the Constitution, than the
     general expressions just cited, the authors of the objection
     might have had some color for it; ...  But what color can the
     objection have, when a specification of the objects alluded to by
     these general terms immediately follows, and is not even
     separated by a longer pause than a semicolon?  ...  Nothing is
     more natural nor common than first to use a general phrase, and
     then to explain and qualify it by a recital of particulars.
-- "
381,talk.politics.misc,talk.politics.guns,"
The FBI says that some of the survivors claim to have seen the leaders
of the cult talking about setting a fire, and to have smelt kerosene.
I assume this will come out at any trial that occurs as a result
of these events."
386,talk.politics.misc,talk.politics.guns,"
Why?  He, Reno, and the FBI got what they wanted -- a reminder of
who is the boss in America -- the thugs who work for the government."
387,talk.politics.misc,talk.politics.guns,"
NOT an accurate analogy. David Koresh did not take a bunch of
hostages and then call the BATF with a ransom note. You make
it sound as if the BATF showed up to save those children in the
first place. I have some interesting news for youBATF
has absolutely NO jurisdiction in child abuse cases. 

It seems to me that the BATF showed up, took the Davidians hostage. 
Then the FBI showed up, negotiated to have a few of the hostages 
released, but were unable to keep the BATF from killing the rest 
of the poor people trapped inside the compound.

        Steve Martin
        Steve_Martin@msmgate.mrg.uswest.com"
393,talk.politics.mideast,talk.politics.guns,"This is an outrage!  I don't even own a dog.
"
401,talk.politics.mideast,talk.politics.misc,"
""Society"" is impossible without some shared set of moralities, sense
of what is ""god"" and what is ""bad"" action and basic foundation of 
something ""universal"".


"
405,talk.politics.misc,talk.politics.guns,"
...

I must object to the characterization of those opposed to the
government's handling of the Waco situation as ""gun supporters"".
Your argument tries to paint the BATF critics as right-wing
gun nuts, and just mixes up two issues.

I am one of the BATF/FBI critics, and yet I am a liberal
and just as anti-gun as you are.  I just happen to believe
that everyone has civil rights, even religious crazies.
They're all human beings, not some nest of wasps that
you're trying to exterminate.

The BATF created the crisis situation by the way they handled
the original raid.  It was well known that Koresh regularly
went jogging outside his property.  He could have been served
with a search warrant then.  He could have been arrested if
he had refused to comply.  Instead officers armed with grenades
invaded the property.  This escalated into a shooting war
with tragic deaths on both sides.

Those were the first two mistakes:  the bad judgment of
asking for a no-knock warrant, and the bad and probably
illegal way the already-unwise warrant was served.

At this point, the situation escalated to where it was
described as an armed standoff and a hostage crisis.
That's when the government started covering their traces,
sealing the warrant, revising their reported history of
the incident, etc.

Things were already building up to disaster.  Now the
government could have simply closed the supply routes
and waited.  But according to Janet Reno, that option
had ""never been seriously considered"".  So, supposedly
because the agents were ""frustrated and fatigued"", and
because there supposedly were no backups, they felt
they had to go in.

Now it's entirely possible that Koresh was responsible
for the fire.  If that's so, he deserves the blame
for the deaths of the people in his compound.

But the government's hands are far from clean.
Their first raid demonstrated bad judgment plus
contempt for the 4th amendment.  The motivations
for the second raid are just too unbelievable.
And their coverup of the events of the first
raid undermines their credibility in anything
they do thereafter.  We have only some very
biased FBI agents' word for what happened.

And please let's not turn this into a pro-gun vs. anti-gun
discussion.  Anti-gun people do not believe that gun-owners
deserve to get frontally assaulted by armed government
agents.  And Koresh's civil rights exist whether his
guns were legal, illegal, illegal-but-should-have-been-legal,
or whatever! 

"
412,talk.politics.misc,talk.politics.guns,"                                        ^^^^^^^^^^^^^^^^^^^^^^^^^^^^^^

 Which is a helluva lot more than any Republican attorney general ever did!

 BTW, why all the crocodile tears over wasting a few religious nuts, who
 wanted to be wasted anyway?  We just got back from wasting a few hundred
 thousand religious nuts over in the Middle East, and everybody cheered!!"
422,talk.politics.guns,talk.politics.misc,"
At Algor's insistance, the shaped charge will automatically detonate after
thirty years, a la ""Logan's Run,"" in order to maintain population control.
"
425,talk.politics.mideast,talk.politics.guns,"                             ^^^^^^^^^^^^^^^^^^^^^^^^^^^^^^^^^^^^
                              ^^^^^^^^^^^^^^^^^^^^^^^^^^^^^^^^^^^


Joachim

I have restrained from involvement in flame wars.  These comments however make
me long for the days when I was a flame warrior.  I would hope that you would
refrain from such idiotic slander.   


Winslow (formerly of Madison)

P.S.  I might have to drop the formerly and become the ""old""  Winslow of Madison."
436,talk.politics.misc,talk.politics.guns,"Has anybody heard an explanation of why the FBI was using tear gas
in a 35 mph wind?

Doesn't seem like vry good tactics to me ...

Any other explanations?

Lew"
439,talk.politics.mideast,talk.politics.guns,"	A few things about the University. It is more fun than some may
admit. Partying does go on and it has consistently been ranked
one of Playboy's top party schools. But we do study and more
importantly learn a lot. The overall UVa drug use is actually
lower than the average college in the U.S. 
	There is no hate law on the books even though they (The
forces of PC) tried to have one last year( by the way a similar
law at the University of Wisconsin ? was found unconstitutional
last year). There is a law
against relationship of professors with their students or
advisees that just passed. 
	Thomas Jefferson was the sole author of the Virginia
statute for religious freedom(the basis for the first ten
amendments), though he is not given full credit for righting
the bill of rights. So someone who picked on me for that is
right. 
	By the way, we're the man in everything. Sports
academics and partying. I'm sure a lot of other schools are
good at what they do as well, so don't start mailing me junk.
I'm happy where I am and maybe I'll go to one of y'alls medical
schools in a couple of years.
"
441,talk.politics.misc,talk.politics.guns,"
For starters, they could have gone on waiting and negotiating.  The Davidians
weren't going anywhere, and their supplies had to be limited.  Large, perhaps,
but limited.  If they had simply fired the compound by themselves without
gov't tanks smashing down their walls, then at least the gov't would not be
guilty of having _again_ used an inappropriate level of force, and would have
been able to use the meantime to continue to pressure and negotiate.  No, they
would not have looked good on the news in six months or a year.  But they sure
as hell don't look very good now.

Larry Smith (smith@ctron.com)  No, I don't speak for Cabletron.  Need you ask?"
442,talk.politics.mideast,talk.politics.guns,"


Geez, I think some of these people have been too long on the net,
you are not going to convince anyone of anything through violent
language, one wonders why so many have violent tounges...




"
448,talk.politics.misc,talk.politics.guns,"
	Do you mean besides the National Guard?

	Outside of military reservations?

	Besides national emergencies?"
451,talk.politics.misc,talk.politics.mideast,"
Yeah, just like you shouldn't assume that Aryan Nations supports
genocide.  Who are they (and you) fooling?"
455,talk.politics.misc,talk.politics.mideast,"Announcing
the Trincoll Journal

                                                      Trinity College's
Paperless Publication

The Trincoll Journal is an interactive magizine written in Hypercard. 
This publication offers a wide variety of information concerning the
""Trinity Campus"", and the Greater Hartford Area. In addition the Journal
also provides a unique forum for opinion and expression.

We would like to invite the Internet community to participate in the
creation of this publication by submitting Articles, Art Work, Events
(for the Greater Hartford Area only), and anything else that you think is
interesting, to the Journal each week.

Articles may be written about anything as long as they are written well! 
We are also interested in mirroring Newsletters and other information not
easily accessible to non-intensive Macintosh Users.

The weekly deadline for submitting Materials is Wendsday 10:00pm (Eastern
Standard Time).
Please send all submissions to: Journal@mail.trincoll.edu

To receive the Journal each Week send a mail message with the words
""Subscribe Journal"" as the subject line to: Journal@mail.trincoll.edu.
Please include Full name and instituion in the body of text."
457,talk.politics.guns,talk.politics.misc,"

	B urn
	A ll
	T he
	F uckers
"
458,talk.politics.misc,talk.politics.guns,"
Of course they did, otherwise they wouldn't have staged the
raid in the first place.





Napalming seems a bit redundant.

The Stupidity was in the BATF mindset 'We're from Washington
We Know Better""  Execute Plan A: Storm the compound in a No-Knock
- the locals are gullible rubes, who cares that they served
warrents by knocking on the door.  Such an old fashioned, out dated
method of Law Enforcement anyway.  Gotta have the latest Armament
Technology, doncha know?

Sweet baby buddah - didn't these clown ever read ""Dealing
with Paranoids""?

chus
pyotr


"
459,talk.politics.misc,talk.politics.guns,"





+>The paranoid assertion that the BATF fired first in an unprovoked
+>assault assumes that the BATF were on a death wish. Had they
+>expected the B-D to be anything other than peacefull citizens who
+>would accept a search authorized by a court they would have turned up
+>in a tank and broken the door down on day one.

	The search was a ""no-knock"" warrent.  Meaning that what
those on the scene see is a bunch of men with guns storming 
their compound and lobbing grenades at them.  The terms of the
search warrent are secret and the BATF has yet to even reveal
what they were.




+>The stupidity was the attempt to serve a warant on the place by
+>ludicrously underarmed and unprotected police. 

	They did not serve a warrent, they basically attacked the
compound and expected a surrender.  They had semiautomatics and
concussion grenades that we KNOW about.  

	Look at the death and injury toll inflicted on both sides in the first
battle and its difficult to believe that either side had any
superiority in weapons.
"
468,talk.politics.misc,talk.politics.guns,"

Here in Georgia, the state legislature in 1992 ""accidentally passed a law 
lobbied for by Opthamologists prohibiting anyone but a licensed MD from
giving shots. They were trying to limit Optometrists from competing with
them.
They inadvertantly forbade nurses, EMTs, dentists, and tattoo artists 
from ""piercing the skin."" (probably diabetics too). The Secretary of State's 
office announced on June 30th that they wouldn't enforce it pending
reconsideration in the 1003 Legislature. In the hassle over the state flag
I heard nothing about repealing it.
"
474,talk.politics.misc,talk.politics.mideast,"
	He's 1/2 liar, 1/2 cheat and 1/2 demagogue."
484,talk.politics.misc,talk.politics.guns,"
What's despicable is that this sordid incident is being glommed onto by all
sorts of people desperately trying to ""get a revolution."" It makes
""ambulance chasing"" by lawyers seem like a harmless pastime.

For the last few months, benighted souls have been calling C-SPAN on issues
as mundane as budget resolutions, saying that ""I don't know, I just have
the feeling there is going to be a revolution in this country,"" and so on.

Get real! For a real case study in revolution, go to Blockbuster Video
and check out ""Underground,"" a film made about the Weather Underground in
the 70's. Even with all the strife back then, the ""revolution"" never did
come. And Waco is supposed to be the spark of the end times?

In the tape, it is interesting to see the way the Weatherpersons dance
around the issue of one of their defining moments, which was when a few
of their comrades managed to blow themselves up manufacturing bombs in
a Greenwich village townhouse. The problem, one of them said, was that
they were so caught up in their armed struggle that they *forgot* about
their own personal safety and weren't ""careful."" But of course that was
*society's* fault, a society that didn't instill a sense of worth in
the people, so they neglect their own safety.

Current apologists for Koresh may pick up some important rationalization
tips from this tape!
"
487,talk.politics.misc,talk.politics.guns,"
BULLSHIT. How many lakes have ceased to be able to support life from
purely natural pollution? Man has already done this to scores of lakes.
Also, much of the ""degredation"" you cite was done by cows and pigs.

And why do think there are so many cows around?

Could it be.......cause people raise them?

"
489,talk.politics.misc,talk.politics.guns,"
    This is the first I hear that Koresh refused to release
    someone.  In fact, a lot of people, including children, came out
    during the stand-off.

    How do you know Koresh killed his followers?  The FBI said
    he had had no such plans (and they had the place bugged), Koresh's 
    attorney said the same thing, and the survivors claimed that the 
    fire was started by goverment agents.







-- 
------------------------------------------------------------------------------------------
Disclaimer: Opinions expressed are mine, not my employer's."
492,talk.politics.misc,talk.politics.guns,"
   >They used a tank to knock a hole in the wall, and they released
   >non-toxic, non-flammable tear gas into the building.

       Non-toxic tear gas?!?  Do you know what tear gas is?

       I do: once upon a time I happened to be in a room when someone threw 
       a tear-gas grenade in (that was supposed to be a joke:).  The sensation 
       was incredible: I felt my eyes and nostrils were being torn apart.
       I remember us - a bunch of young men in our early 20's - running out
       like a herd of wild animals, knocking down the door and jumping
       out of the windows (thank G-d we were on the first floor).

       I can't imagine this kind of stuff being used against children.

For them, the worst effect might not be the physical effects so much
as the psychological effect of being incapacitated without fully
understanding the cause.  Many years ago, I was accidentally exposed
to a tiny dose of tear gas.  (It was in Athens, on the street leading
to the American Embassy; there'd been a march that had been broken up
with tear-gas; I must have stumbled into a remaining patch of gas the
next day.)  Aside from the tears, feeling sick to my stomach, etc.,
the really horrible psychological effect was that of suddenly falling
to pieces and not knowing why it had happened---I was horrified and
wondered what disease or other health problem I had.  (I didn't find
out about the march and the tear-gas till hours later.)  I can imagine
how horribly disorienting this might be to very young children:
suddenly crying uncontrollably and feeling sick, weak, and out of
control of your body---and not knowing the cause.

``This gives us a chance to try the Gas of Peace.''  Yeah, right.
"
493,talk.politics.misc,talk.politics.guns,"Rejoice! The Streets of Amerika are much safer now that the Branch
Davidians no longer have those nasty assault weapons. Your children will
no longer lie awake at night wondering when the next Brand Davidian will
attempt to shoot them from their rural compound. 

   Men, women, and children have been murdered by our great BATF, but the
greater good has been secured for all."
501,talk.politics.misc,talk.politics.mideast,"
A very well put together post. I disagree with several key points, but the
post is an excellent one with which to ""engage in discourse"":

    >There has been much discussion recently about the right to
    >freedom of association. Mr. Cramer and Mr. Ronzone appear to
    >take an absolutist position on this right--that it is a
    >fundamental human right, perhaps the fundamental human right,
    >and that it supersedes other rights, such as the right to an
    >equal opportunity. Others feel that a right to an equal
    >opportunity outweighs the right to freedom of association,
    >and thus we have the never-ending debate that flares up
    >repeatedly.

Freedom of Association (FOA) involves the MUTUAL and VOLUNTARY agreement of
two or more people.

Right to Equal Opportunity (lets call it REO) involves coercion in all cases
(by definition).


    >A major problem is that neither of these rights are
    >explicitly declared or protected in the Constitution or in
    >the Declaration of Independence, although both can be derived
    >from these documents. Unfortunately, this means that the
    >debate will never end, because neither side can conclu-
    >sively prove the validity of their view--it becomes solely a
    >matter of personal philosophy.

Yes, there is much debate. But no, it can end, with once and for all
recognition of these rights. (Well, not totally 100% perfect end, but end
in the same way that there is no worldwide disagreement that say, murder, is
a crime).


    >My personal opinion is that the real answer lies somewhere in
    >between. I regard both of these rights as fundamental human
    >rights which, unfortu- nately, come into direct conflict with
    >one another. Which is stronger depends on the given
    >situation.

Hmm, there is even MORE discusion about religion. Should  we take a 
""somewhere in between"" approach towards the State & a State recognized
religion? The first amendment, is so, uh, so absolutist you know.

    >For example, if the owner of a ""mom-and-pop"" store wishes to
    >hire an employee to help out, their right to freedom of
    >association outweighs the rights of their job applicants to
    >an equal opportunity. They should be free to hire whomever
    >they choose, using whatever criteria they choose, without any
    >government intervention at all.
    >
    >Similarly, if a family wishes to rent out a bedroom in their
    >home, or a garage apartment, or something similar, then their
    >right to freedom of association outweighs the rights of their
    >prospective tenants to an equal opportunity.
    >
    >If, on the other hand, IBM, a multi-national corporation with
    >275,000 employees, publicly owned, and operated by a board of
    >directors, wishes to hire additional employees, then whose
    >freedom of association are we protecting? The board of
    >directors? The other employees? The owners of the stock? In
    >this case, the applicant's right to an equal opportunity
    >outweighs the right to freedom of association, and we, as a
    >society, can ask IBM to use only those criteria which are
    >relevant to the specific task.

Why? Says who? Why can mon & pop have FOA, but IBM be forced, and force is
the correct word here, to have REO? As purchase of IBM is voluntary, then
there are very well defined procedures on how IBM chooses to do some things
and chooses to do other things. Why not let those same procedures work for
employment policies?


    >Similarly, if a landlord owns a number of apartment buildings
    >in which he does not live, and which are managed by an
    >independent management agency, then whose freedom of
    >association are we protecting? If the owner does not live in
    >his buildings and has no contact with his tenants, then the
    >prospective tenant's right to an equal opportunity outweighs
    >the right to freedom of association, and we, as a society,
    >can ask the owner to use only those criteria which are
    >relevant to ""good"" tenants. (I've put ""good"" in quotation
    >marks because I really don't want to be drawn off into the
    >side issue of what constitutes a good tenant.)

Why does this tenant have an ""option"" (I won't call it a right) to destroy
the FOA of the landlord? If the landlord and the tenant can't agree, then they
both can cease from using each other's property.

Suddenly, by arm waving, by magic, a landlord does not have FOA. And on what
basis does the FOA of the landlord ""disappear""?

It seems that vague terms like ""no contact with tenants"" suffice.

Well, I think FOA is one our most important rightts (in the top 2-3), and by
golly, if the State is going to make it suffer, I sure would like to see the
heinous crime that justifies the removal of this right.

I don't think ""no contact"" with the tenats is even a crime, much less something
that should cause severe interference with important rights.

    >I suspect that the majority of the people in this country
    >agree with my position on these extreme cases, particularly
    >if they are presented in this manner. I don't know if Mr.
    >Ronzone or Mr. Cramer would agree--I suspect not. In any
    >case, additional problems arise when we try to apply
    >guidelines for the middle ground. What if the company has 10
    >employees, or 100, or 1000? Where do we draw the line between
    >protecting the right to freedom of association and protecting
    >the right to an equal opportunity?

Rights are not defined by majority/mob choice. FOA is an absolute. REO
is a fancy name for thuggery, for racism, and coercion.

    >The difficulty is that any line we draw will, of necessity,
    >be artificial. And any legislation resulting will be flawed.
    >In the past, the government has usually tried to pass laws
    >which referred to the number of employees hired by the
    >company--e.g., any company with more than xxx employees was
    >affected by the law. Those with fewer were unaffected.

Of course it would be. You dimly see that the line must be artifiacial, because
FOA is the only right. Just like a State religion -- you can't jsutify that
either.

    >Generally, I believe that if we do not have any regulations
    >affecting these rights, then the right to freedom of
    >association will be stronger. On the other hand, many of the
    >regulations protect the right to an equal opportunity too
    >much, weakening the right to freedom of association.
    >
    >I don't believe there is a satisfactory solution which will
    >please everybody. A solution that I came up with is to use
    >publicly owned vs. privately owned as the dividing line. If
    >the company remains privately owned, then the owners should
    >be free to do whatever they want with their company. If the
    >company becomes publicly owned, then the public has a right
    >to ask the company to submit to additional regulation.

Why? I assume that when you say ""publicly owned"", you are talking about those
quasi-State companys that do NOT have shareholders.

The companies on the Fortune 500, for example, are all privately owned. They
can give you a list of all of their owners. They have no ""anonymous"",
unknown to them, owners.


    >By the way, the above analysis is based on the assumption
    >that the right to freedom of association and the right to an
    >equal opportunity are both fundamental human rights of equal
    >importance. Since this is entirely a matter of faith, not
    >subject to any ""proof"", I do not choose to even try to
    >establish this. You either accept it or you don't.
    >
    >Any comments?

FOA can be derived by any two rational people, on a basis that neither has
evil, malicious, or murderous intent towards the others.

In short, agreement is mutual, or not at all.

Your REO on the other hand, lives only by accepting coercion, the gun, into
the situation. And that is self-destructive of the whole argument, because it
is based only on might makes right. Sort of like saying, ""nobody has a right
to live"", whereupon I whip out a gun and shoot you dead -- end of argument.


-- 
There are actually people that STILL believe Love Canal was some kind of
environmental disaster. Weird, eh?"
503,talk.politics.guns,talk.politics.mideast,": 
: Dear, dear.  They could have COME OUT.
: "
504,talk.politics.guns,talk.politics.mideast,"
	[...deleted...]

At least you're consistent.  I'm sure the highly propagandized Germans
tended to believe their government's version too in the thirties and
forties as those ""different"" highly demonized Jewish ""cultists"" met
their fate.  Always trust your government.

"
510,talk.politics.misc,talk.politics.guns,"

 The above statement ignores reality. The BD WERE provoked.




 Damn, Phil. You must have seen a different tape of the initial raid than
I did. Your `doorbell' happened to include lobbing percussion grenades and
attempting to storm the compound through the windows. I can honestly say
I have never seen a `doorbell' that works like that.





  THINK, man. The BATF are serving a warrant on someone who they feel might
 have illegal automatic weapons. If they expected, as you state, that `the B-D
 to be anything other than peaceful citizens' they could have sent one, maybe 
 two agents up to the front door, knock, and attempt to serve the warrant on
 the person answering the door. Scenario one, that person lets them in to 
 perform the search and no one gets hurt. Scenario two, the person answering
 the door pulls a weapon aand kills both officers. Now you have two dead BATF
 agents instead of four, the BATF knows exactly where they stand with regards
 to the BD and began to formulate a plan of action to arrest those responsible
 without harm to the innocent people/children within the compound.




 No, the stupidity was the attempt to serve the warrant SWAT style.




 Sure, do it within the law. The BATF is there to uphold the law, not
 circumvent it to fit their needs.....


<><><><><><><><><><><><><><><><><><><><><><><><><><><><><><><><><><><><><><><>

 Paul R. Busta	                                     Busta@vicki.enet.dec.com
 Salem, N.H.
 603-894-3962"
519,talk.politics.misc,talk.politics.guns,"

As does the idea that a CS gas canister can get hot enough to ignite dry
baled hay.
"
523,talk.politics.misc,talk.politics.guns,"
The Stacy Koon-Lawrence Powell defense!  The decisions of Janet
Reno and Bill Clinton in this affair are essentially the moral
equivalents of Stacy Koon's.  Reno and Clinton have the advantage
in that they investigate themselves. "
536,talk.politics.misc,talk.politics.mideast,"
No we don't.  They might be zealous, and maybe the bureau shouldn't
exist by some people, but they ARE NOT NAZIS.

Why do people toss around the Nazi label so easily?

"
538,talk.politics.guns,talk.politics.mideast,"
[...]

The House Document Room can be reached at +1 202 225 3456.  You need to 
have the number of the document you want (e.g. HR1036) and they'll be happy
to send it to you.  Tell them if it's going to be a big stack, because the
surly sounding guy who answers is scrawling in a really awful hand on the
back of the envelope that will come and will run out of room quickly if
you don't tell him.

The Senate document room is too important to deal with the likes of you
and I, and will answer requests from off the hill only by mail.

"
542,talk.politics.mideast,talk.politics.guns,"Frank Benson:

Another spelling flame?

Aren't you the guy who threatens people on talk.politics.guns?  2nd
amendment yea, 1st amendment nay."
545,talk.politics.guns,talk.politics.mideast,"
Hmm... For more recent lesson what about that little square in China?

Another lesson might be the one repeated every year in Tibet...

And of course there's always El Salvador...

And the beat goes on and on...     :^(

MESSAGES FROM GOD:  GET OFF YOUR ASS!  DON'T TRUST THE
GOVERNMENT!  AT ANY TIME!  FOR ANY REASON!  -THE SCREAMING MAN
     
CONNECT THE GOD-DAMNED DOTS!!!  Ministry, TV Song
"
547,talk.politics.misc,talk.politics.guns,"Do all those who are saying the government is responsible for the death
of those in the compound also say that the Isrealis are responsible
for the death of the Isreali athletes at the Olympics? Hey, the
Palestinians and the Dividians COULD have given up peacefully ('yeah,
and monkey could fly out my butt' - Wayne)."
548,talk.politics.misc,talk.politics.guns,"[Motor-Voter stuff]

       Well, there does have to be a line.  And to be honest, extending
voter registration to DMVs is hardly analogous to having only one
place for registration in Alaska and opening a new one in Atlanta.  More is 
not always better once you've passed a certain point.


       I thought the Motor Voter bill passed.

       In any case, my experiance with Tennessee's voter registration
system (which you can register with by mail, by the way) is that nobody
who is interested in voting is being denied access to registration.
All it requires is just the tiniest bit of interest on the registrant's
part and thinking about the election once in the eleven months prior to
it.  (Once you register it's good unless you miss for years worth of
elections of move.)

       It's easy to register now.  I simply don't see the value in going
out and trying to get people registered who don't have enough gumption to
even write and have the proper forms sent to them.   How can we expect
responsible decisions out of these people?
"
553,talk.politics.misc,talk.politics.guns,"



I wonder where you have been getting your mis-information from. Straight
from the BATF itself?

Koresh and his followers did not -capture- the compound a few years ago, it
has always been theirs. A few years ago their was an argument over who should
lead the group, a gunfight erupted *one* person died. Koresh was charged
with the murder. When the sheriff came to arrest him, the sheriff knocked
on the dorr and showed Koresh the warrant (a tactic that the BATF might try
learning). Koresh and the others charged peacibly surrendered to the sherrif.
A trial ensued, the others were found innocent, and the jury hung on Koresh's
charge."
559,talk.politics.guns,talk.politics.misc,"#
# Which Article of the Constitution gives me the right of revolution if things
# seem to be going cockeyed??
#
# Hmmm...
# --
# Peter G. White, President, Synthesis 93 Inc.
# Milwaukee, Wisconsin, U.S.A.
# Peter.White@mixcom.com
"
568,talk.politics.misc,talk.politics.guns,"-------------------------------------------
It's already in the hands of a monopoly of the rich because of capitalism
of land. Other than government land, saved for posterity and the eco-system
as well as government function, the remaining land is owned by a smaller
percentage of the people than ever before. The game of capitalism is almost
won. The game has only to be declared over and we will have to take matters
into our own hands and redistribute it again fairly, or else be enslaved in
return for a place to live. Here in central California, already, fewer than
30% own all the property and 5% of them own 90% of it. That's twice what it
was twenty years ago. Rents are so high that you pay 60% of your income for
rent. If you just have a McJob, all you can afford is one room, if that.
Some 30% of minimum wage workers are homeless. Unless you both have degrees
in technical fields and are working in them, (in the midst of 30%
unemployment in high tech jobs!), you will never own anything but a used
car if you choose to have more than one child!!! And everywhere else you
could afford there are no jobs. The only way to get there is to save and
not consume any more than you have to, clothing used, food poor. No movies,
no entertainment,, ect. for about five to seven years, and then, if you've
saved $20,000, if you can get together that much, and that's ignoring your
kids and working two jobs, then you can buy a home in Arkansas or Missouri
outright and live somewhere where they flood every other year! That's an
exaggeration if you pay close attention to the flood lines on other
people's houses and find a sturdy hill, then you can buy one up there! Also
buy a rowboat. Missouri's not so bad, if you like the sensation of sleeping
in a sweatbox in summer and your car freezing solid in winter. They really
do put those heaters into the dipstick hole to keep them warm enough to
start with ether!:) Shit, kill the rich and redistribute the livable
property. Kill all of them!
-RSW

---------------------------------------------
The land is simply granted to people who live on it now. Extra is kept for
the future. You get to stay where you are without paying rent. Land that
supports others becomes property of the state. Farmers are welcome to plant
crops that people need according to demand and ability and soil quality. If
you want to grow sourgum because you always did, and you aren't doing a
good job, then we let another farmer grow sorghum, and you grow something
else. When people die the land they were entitled to use goes into the
public holdings. No one can sell land, but they can trade places with
anybody. No one can lease land. The government will locally distribute the
use of the land not used for residences. Residences that are insufficient
to the families living there can be traded to the public for a larger house
and yard according to need and availability. The local land council who vow
to live on their land till death to avoid profit ties will decide fairness
subject to review by the state and federal land councils. It will cost no
more than any fucking thing costs now with fucking assed rent going down a
deep dark hole to the owners! Anyone can submit a request for a larger
house or land to start a business on, depending on a valid business plan
and community needs. Heavy equipment is subject to seizure for the public
good or as needed. Heavy equipment operators are encouraged to keep and
maintain their own machine and to operate it at a reasonable salary in
service to the community. Companies who own many machines are to be divided
among the appropriate equipment operators and the rest to be let to valid
operators on a need basis. Cost of upkeep is charged. A guild of heavy
machine operators is recognized for safety and training's sake. Their
council is a subcouncil to the community council. Etc. Etc. Etc. It isn't
so hard to think of a better system than we have. All you have to do is
realize that the system we have now is not sacrosanct, in fact it's a
rigged game that steals you blind and is the most unfair any system could
be already!!!!!!!! The trick is to realize that the old rich have been
making the rules behind your back and that it's time to kick them off the
merry-go-round. Tax the rich to death. They are the ones that converted
your 60's school lunch program into the joke it is today. They are the ones
who always cut education. They are the ones who always raise the rent when
you get a raise. They are the ones who should be not just dislodged but
killed for their abuse. I have trouble justifying the death penalty for a
poor kid who killed and didn't know why not. I have no trouble justifying
the death penalty for the rich who steal countless human lives to feed
their greed! Have you paid rent most of your life? Then you have been
enslaved, percentage wise, most of your life. We used to be serfs. Now we
are called renters, and we are still enslaved to somebody who claims to own
land they don't use and make us pay them for it when they did nothing to
own it. Most rents in California are enough to buy the apartment house,
paynthe taxes and the insurance and have a little left over to travel with!
I have seen the books! I know what my landlord pays and to whom! I know
what I pay her. I am being forced to buy her a building and then I will be
let out at the other end with nothing, when I had as much right as her to
live on this planet! And her child will have the money to likewise
enslave my child. I hope I find out when I am going to die. I can make
things just a little happier form me to be able to destroy her life as she
destroyed mine. And maybe I can take a few other landlords with me, and
their heirs. That would be worth it. Then to be able to die before they can
do anything to me. That's a poor man's dream. Sleep tight, bastard
landlords. You don't know the trouble you are buying yourself as you sleep
on my heirs money in your mattress!
-RSW
"
573,talk.politics.misc,talk.politics.guns,"

As far as a member of the Armed Forces is concerned, the
President is whatever the h*ll he wants to be. All of them
recently have rather insisted on being treated as something
other than a *mere* civilian.


So if Hilary were asleep at the time......


I like living in a country where the head of state is not
a military officer too. But this point about not using the
military as the first choice for solving domestic problems....

Didn't they go after these Branch Davidians with a *tank*,
after all?

"
575,talk.politics.misc,talk.politics.guns,"rja@mahogany126.cray.com (Russ Anderson) writes...




	The fact is that Koresh and his followers involved themselves
	in a gun battle to control the Mt Carmel complex. That is not
	in dispute. From what I remember of the trial, the authories
	couldn't reasonably establish who fired first, the big reason
	behind the aquittal.

                  _____  _____
                  \\\\\\/ ___/___________________
  Mitchell S Todd  \\\\/ /                 _____/__________________________
________________    \\/ / mst4298@zeus._____/.'.'.'.'.'.'.'.'.'.'.'.'_'_'_/
\_____        \__    / / tamu.edu  _____/.'.'.'.'.'.'.'.'.'.'.'.'.'_'_/
    \__________\__  / /        _____/_'_'_'_'_'_'_'_'_'_'_'_'_'_'_/
                \_ / /__________/
                 \/____/\\\\\\
 			 \\\\\\"
578,talk.politics.misc,talk.politics.guns,"Can people please stop the 'I think/know the BATF/FBI are completely
responsible but they'll cover it up so that the investigation will
show that Koresch is responsible' bs. In an investigation of this
size with the feds, state, and civilians involved in the
investigation it would be practially impossible to cover up.
And with Republicans like Arlen Spector calling for investigations,
this isn't going to be handled with kid gloves."
579,talk.politics.guns,talk.politics.mideast,"


It is not a matter of dis-belief but a matter of which of their constantly
(and radically) changing stories we are to believe.

Steve B."
605,talk.politics.misc,talk.politics.guns,"
My god, how many chances do they get?  Operation Move (Philedelphia, early  
80's), Black Panthers (Chicago, 1969), etc., etc.  Hell, we get heavily armed
millenial cults out west every couple of years.  Do with have to start a  
cascade of times the feds have been in situations like this?
"
608,talk.politics.guns,talk.politics.mideast,"
Well, it seems we don't learn the lessons of history do we?

I was hoping that Kent State taught us a lesson.

Apparently not.

Apparently the government will murder anyone they choose to still.

---
Rawlin Blake    blake@nevada.edu"
616,talk.politics.misc,talk.politics.guns,"

Because the Gun loonies were firing on vehicles with 50mm amunition that
has a range of 3000 meters.

Next question.


The problem is of course the laws that allow a bunch of raving nutters
to collect a huge stack of arms in the first place.

The sequence of events meant that there really was no option but to
attempt some sort of breakthrough via an intervention. If the FBI had
had the stomach for it they could have mounted a commando type
raid and attempted to save the children by shooting all the adults.
It really was a no win situation. Koresh had plenty of opportunity 
to give up and stand trial for the murder of the 4 ATF officers. Instead
he ordered the murder of the children.


In order to reject the word of the FBI and BATF it is neccessary to beleive
the words of a man who has just murdered 17 children and ordered the 
suicide/murder of his other 80 followers. According to the account given
the BATF attempted to serve a warrant upon Koresh at the ranch and were met
by gunfire in a deliberate attempt to murder them. The Koresh/gun supporter
claim that the BATF started shooting simply does not stand up. If the 
AFT had gone there to start shooting they would have gone with heavier
grade weaponry than standard issue handguns. For all practical purposes
they were unarmed, the B-D followers had automatic weapons.


The B-D seige could not be allowed to go on indefinitely. The B-D were
quite capable of commiting mass suicide and murdering the children at any
time. A commando assault was the only other likely action that could have
achieved that objective, that would have been very risky, orders of 
magintude harder than Antebbe or the Iranian Embassy Seige. Airplanes
and Embassies are not designed for defense against attack ranch 
apocalypse was. 6 terrorists are far easier to disloge without casualties
than 80.

Allowing the siege to go on was not an option either, besides the serious
risk that Koresh would proclaim armageddon at any moment there was the 
question of the difficulties of keeping the emmergency team on standby over
a prolonged period. The longer the siege went on the more mentally prepared
Koresh and his followers would be for a prolonged siege. Rather than go
in prematurely the mistake was probably to go in too soon.


Can you think of a better way of getting the children out?

A 100% certain way?


The people who do not want gun control must obviously discount the entire
government story. This is simply rationalisation. It is not enough for 
them to simply dismiss the government as incompetent. That would require
them to come up with a solution themselves. Instead they have to come
up with a government conspiracy theory whereby the government decided to
set out to murder 80 people just to set up some sort of scare to alow them
to get gun control legislation through.

This conspiracy theory assumes that the BATF deliberately got 4 of its
agents killed and that the FBI etc actually enjoy sitting out in the
middle of Texas being shot at by religious nutters.

Still the conspiracy theory is comforting, it allows them to pretend that
WACO proves nothing except about how incompetent the government is in 
resolving a hostage crisis. No govt in the world has ever faced a 
comparable situation, quite probably there was no manner in which it
could be peacefully resolved. The blame does not rest on the FBI, it
rests on the fact that Koresh was allowed to get so far, in particular
the person who tipped the B-D off in advance has the murder of 4 ATF
agents and 17 children on his or her conscience.


There are a large number of people in the US who predict the end of society
preach salvation through armed security. The fact is that these are the
very people who pose the threat to society in the first place. The next WACO
may not be religious nutters but a political movement. A splinter group
of the Klu Klux Klan taking over a schoolhouse in a black area for example
and holding several hundred children hostage.

The only possible solution to such situations that can work is to prevent
them arising. No other government in the world has faced such a situation. 
this is because no other government has so carelessly allowed high power
weaponry to become avaliable to any little Hitler or would be Messiah
to set themselves up as dictator in their own little empire.
"
617,talk.politics.misc,talk.politics.mideast,"



Oh, do please try not to be ludicrous.  SO=Significant Other, a term I employed to avoid the awkward construction ""girlfriend or wife"".



A ""deviant"" is someone who does not fit an ""accepted norm.""  By that definition, I would certainly be a deviant, as bisexuality is not an accepted norm in American society so far.  This term, of course, really has no negative aspects inherent in its denotation.  I presume you intended it as a term of abuse.  It's a great pity you feel such tactics to be necessary, but hardly surprising since you have no factual basis for your absurd beliefs.



May I attempt to emulate your style of discourse with a term of abuse?  Ahem...You addle-pated jellyfish!  The post to which I responded was a highly amusing one in which you belittled homosexuals for having no political clout.  I would be further amused if you would explain to me why having no political clout and constituting a political minority are different.



And yet you call them ""girls!""  The feminists would be up in arms.


Cough, cough.  Well, well, you certainly are a fine, upstanding fellow, you are, sir.  And like many ""fine, upstanding fellows,"" you have the reading comprehension of a dyslexic anteater.  Perhaps I should have been more explicit in pointing out that females constitute a political minority in this country when last I checked, and that your obvious lack of respect for these minorities equates to a lack of respect for women.  That is, of course, a conceptual stretch of logic, but given your slow uptake as de




monstrated so far, I figure we should start simple and work up.  Don't worry, you'll get it
     
!



This is very true, this bit about nature asserting itself.  Homosexuality has always been a part of human society, and always will be, for that is the natural order.  If you're naive enough to believe otherwise, go right ahead; we'll try not to snicker too loudly behind your back.

""Inevitable.""  Chortle.  Anyone would think you had some idea what you were talking about.  I haven't seen fact one from you, and until I do you can just dispense with the bullshit, and tell us what we already know, that you're a clueless little slime mold with no concept of reality beyond The Donna Reed Show.  Live a little, and then come back and tell us all about the ""natural order of things.""  You're in a bubble, and it's really going to rock your world when you come out.



""Foolish and misguided.""  Oh, this is too much.  So which religious figure do YOU believe you are?  And how do you know so much about the nature of man?  You're almost too amusing to be worth the effort of crushing your pealike brain.      

Gee, you sound awfully sure of yourself.  ""Methinks the bigot doth protest too much.""  Admit it: you're scared shitless that what you've been spoonfed all your sorry little life was wrong, and you're trying to escape that fear by a blind faith that you know, deep down, is based in nothing, nothing at all.  Go ahead, clutch your unfounded declaratives to your empty breast; ignore the myriad of societies that have accepted homosexuality as equally valid or even mystical.  Ignore the solid, inescapable fact t




hat we've existed as long as humans have.  Fear us.  Go ahead.  Laugh at us if it makes you feel better.  We both know you're just whistling in the dark.  There's one group that's stamped out whenever it appears, in any form, and that's the group of boneheads who fancy themselves morally superior.  You're in that group, and you're slowly and steadily being stamped out.  Preach while you can, little man...it won't be long.


That's the first truth you've told so far.  I don't hate hets, sir.  I'm bisexual, and I embrace man- and womankind alike.  I have nothing against those who don't understand my love.  But you deny its potency and validity.  You would crush us all, human beings to a one, in your imagined divinity.  It's fools like you that stir my ire...idiots with the small minds, who can't think for themselves, who know nothing about how the real world operates, and who hate because they are told what to do and do it like




 sheep, who hate everyone who refuses to be a sheep.  You're not part of the norm.  You're part of a minority--YES, a minority!--with supreme, o'erweening arrogance.  Your hubris will topple, because it always has, because those with intelligence know it to be a clown's costume.

Wow, that was pretentious!  I sometimes wonder why I waste my talents on zeroes like you.  I really have no interest in continuing this effortless discussion; after all, this is for me the proverbial battle of wits with an unarmed opponent.  Come back with some swords--i.e. facts--and we shall do battle.  Till then, begone from my sight.

Drewcifer"
624,talk.politics.misc,talk.politics.guns,"
Well, they never should have gotten into this situation.

Look at the history of this group. David Koresh has been arrested
?twice?  by local police. Both times, he accepted the arrest warrant
and went peacefully. So, the feds decide to arrest him. How do they
choose to arrest a person with a record of peaceful obedience under
arrest? They throw a concussion grenades at his building. 

In addition, we KNOW that we've been lied to. Initially, we were told
that they suspected him of molesting children and having several
wives. But these are NOT ATF offenses, were they? So they changed
their story, several times. And the original warrant is STILL sealed.
And we were told about the rockets and ammunition they had... but did
anyone notice any ammo exploding in the fire? They claimed that Koresh
hadn't left the compound in months... but people in town report seeing
him just a week before the raid.

How would I have handled it differently? 

Well, first, I haven't seen any evidence that the BDs did anything
wrong. There's a sealed warrant, and a collection of stories which
keep changing about what they did. So I might not have done ANYTHING.

OK. Now, supposing that I know what the BDs are being arrested for.
Well, they've got a history of accepting arrests... so, I send
officers to the door with a warrant. Wearing bulletproof vests.
Covered from a distance by sharpshooters. Now, there's no good reason
to suspect that these people will do anything, right? Why didn't
anyone TRY serving a warrant?

OK. Going further. They refuse the warrant. It becomes necessary to
raid. You plan a raid. You hear an hour before that there was a leak,
and they know your coming. SO what do you do?  Well, change your
plans, right? Nope... they go ahead with it anyone... including
sending in unprotected men to break into the place. It was idiotic. I
don't know what I would have ended up doing. But that original raid
should NEVER have happened.

The shit that came later should NEVER have happened.

The full record of the raid should be released to the public to let us
know what the hell really happened there.

The lies should NEVER have been told.

	<MC>"
625,talk.politics.mideast,talk.politics.guns,"

   >Bull shit. There is no reason in the world why we can't say that
   >taking views analogous to the KKK's or some such organization is
   >wrong. There is no reason why some morality may not be legislated. As
   >it is we do not allow theft, or murder, or rape. Why should we allow
   >hateful sppech whose only purpose is to stir anger and violence.
   >Harry.

   I think the answer to Mr. Mayamsky's question can be found in the
	 		 ^^^^^^^^^^^^^^(Mr. Mamaysky's)
   first amendment to the US Constitution.

	   Amendment I                                           (1791)

	   Congress shall make no law respecting an establishment of
	   religion, or prohibiting the free exercise thereof; or
	   abridging the freedom of speech, or of the press; or the
	   right of the people peaceably to assemble, and to petition
	   the government for a redress of grievances.

   Steve

I do not say that freedom of speech should be banned. Far from it.
I am merely suggesting that there are certain things which can be
universally agreed to be morally incorrect. There are not many such
things. But there are some. As an example:

(1) murder is morally incorrect

(2) the idea that one group of people is somehow racially inferior to
another is morally incorrect

etc.

The point is that any action which serves to promote a morally
incorrect action should be forbidden. This implies that no one has the
right to say that an innocent person should be murdered. Regardless of
freedom of speech, I may not stand on a street corner and advocate the
murder of innocent people. The reason for this is that murder is a
morally incorrect action.

In the same way, since bigotry is morally incorrect in the narrow
definition which we have given it, (2), I, nor any one else, has the
right to stand on a street corner and promote bigotry. Such an
enforcement does in no way deny any one their rights as guaranteed by
the first amendment. It merely ensures that no person may be the
target of an attempt to deny him a fundamental moral right, such as
the right to not be murdered, and the right not to be discriminated
against.

I believe, Mr. Berson, that to blindly accept the constitution is a
terrific mistake. We must cinstantly question the constitution and
interpret it in a way befitting the society in which we live. Anything
short of such an effort would render us little more than trained
monkeys, who are able to merely repeat what they have heard without
paying the slightest bit of attention to the intent of the document in
question.

Would you disagree, Mr.Berson?"
632,talk.politics.guns,talk.politics.misc,"My sig has generated more mail than any of my posts.

Robin Hood is a school financing plan wherein property rich school districts
will have a portion of their tax revenue taken from them and given to property
poor districts.  The laudable plan is to equalize the per student spending. 
IMHO, however, it is a disaster waiting to happen.  Taxes will go up in 50% of
the districts and we will lose control of how OUR tax money is spent.  It
penalizes districts that have excelled.

And the election is Saturday. Along with city council, school board and the
unfinished Senate term.  And after I exercise one right, I'm going to exercise
another!"
633,talk.politics.misc,talk.politics.guns,"

       Your ignorance is showing.  The BATF warrant was unsealed.

       The entire operation was illegal from day ONE."
638,talk.politics.mideast,talk.politics.guns,"
	That ""Federal land"" and tax money could have been
	used to commerate Americans or better yet, to house
	homeless Americans.


jim@specialix.com (Jim Maurer) responds:

	Why don't you contribute to a group helping the
	homeless if you so concerned?


Jack Schmidling (arf@genesis.MCS.COM) reveals the true depths
of his cynicism:

	I do (did) contribute to the ARF mortgage fund but
	when interest rates plumetted, I just paid it off.

	The problem is, I couldn't convince Congress to move
	my home to a nicer location on Federal land.


In other words, Mr. Schmidling could care less for the plight
of the homeless, but is not above using them to score points
for his agenda."
646,talk.politics.mideast,talk.politics.guns,"

Yes, it is.  I have taken photos of it's minaret.


Dunno.


This doesn't sound like ""eye for an eye"" anymore.  Changed your tune?
"
647,talk.politics.misc,talk.politics.guns,"Tim> NNTP-Posting-Host: nwfocus.wa.com


Tim> I saw the film on CNN *as* it happend. It was clear from that
Tim> tape that the fire started in ONE location. Right where the
Tim> tank was attacking, and then had pulled back. There were not
Tim> several spots where the fire started, it started in one
Tim> location and was spread in the direction of the heavy wind.
Tim> The FBI claims to have seen or filmed several starting
Tim> points. Yet they keep this hidden. They have spread so much
Tim> lies. Well I guess if I was responsible for the mass murder
Tim> of 80 people who were exercising constitutional rights, I
Tim> would lie about it too...

Gosh, Tim, you must have seen a different live broadcast than I did. While
the smoke did emerge from one place initially, it was a considerable
distance from the tank, and in a very short time, fire appeared at several
places a good distance apart from there.

Then there's that nagging question about why, out of all those people,
only a few made any attempts to escape or save the children. If it were
me, with my child, [and I wasn't committing suicide,] I believe I would have
made SOME attempt to at least save the child. As it was, at least one of
the survivors was attempting to GO BACK INTO THE FIRE when they were
physically removed. No one lifted a finger to bring out a child, apparently.

How do you explain that? And the two survivors who claimed to have doused
the place with lantern oil and SET the fire (no doubt on David's orders). 
[At least until the lawyers talked to them.] 

Tim> And also, why have they not yet released the search warrant????  

That *is* a good question. Maybe because it would be a further
embarrassment, seeing as how the ATF went in there in Dirty Harry mode
initially. 

As stupidly as it all was handled, I find it difficult to believe that the
entire FBI has completely gone corrupt under a new administration less
than 100 days old. Stupidity and bad decisions and plans have always been
with us. They just had an alignment at Waco.

Tim> Seeeeee Ya  turmoil@halcyon.com   FUCK THE POLICE!!!!

See? Freedom of speech abounds.

L.
""Yeh, Buddy..            | larry@psl.nmsu.edu (Larry Cunningham)|  _~~_
 I've got your COMPUTER! | % Physical Science Laboratory        | (O)(-)
 Right HERE!!""           | New Mexico State University          |  /..\ 
 (computer THIS!)        | Las Cruces, New Mexico, USA 88003    |   <> "
650,talk.politics.misc,talk.politics.mideast,"
There is something terribly wrong, however, with a culture which
condemns, attacks, and all too often kills any of its members who
attempt to get an education.  My mother is an elementary school
teacher, and she tells me that she and her african american collegues
are frustrated to tears by the fact that any african american child who
attempts to do well in school and get an education is accused by
his/her peers of ""trying to be white"", and is beaten, bullied, and
tormented by them.  It goes beyond each passing grade on a test earning
a beating.  In my mother's school, one of the most promising young
students, who happened to be african american, had her throat cut by
one of these young thugs.

Nobody who buys into such a culture has any hope of being anything but
poor and/or a thug and/or dead, regardless of their color.

What has to be changed is the culture.  If that culture can't be
changed, then those african-american kids who are willing to separate
from it *must* be separated from it and the murderous thugs of whatever
color.  Otherwise, future bright young african american girls who
wanted to be doctors will end up dead on the school bus."
651,talk.politics.misc,talk.politics.mideast,"A person sees the front of their home is strewn with garbage. That
person removes the trash, and sweeps the sidewalk. His next door neigh-
bors have not. The person then approaches his two neighbors and talks
to them about cleaning the front of their homes, and why it would be
good for their own living conditions, and that of the neighborhood.
   There's nothing wrong with holding your neighbors accountable for
their actions. That is the basis for a viable, safe community.

Regards,"
654,talk.politics.misc,talk.politics.guns,"

These surviving witnesses being members of which cult pray tell ??



We were having a discussion about whether Bush would have done anything
differently. On the basis of Panama, Grenada, Tripoli, Kewait etc we 
decided that Bush would have asked for a surgical airstrike  or used a 
cruise missile, some people suggested that he would have used the nuke
warhead cruise, others pointed out that he would be too cheap to use 'em.

What was missing? Armoured vehicles! 



The person who murdered 17 children was Koresh. He kept them there and 
brought about their deaths deliberately.

You may consider that I am a complete bastard and a not very nice chap.
Thats quite true. I don't pretend to be. Being nice is what amateurs
try to do. If you want to talk politics you are talking hard decisions
such as whether the lives of the troops should be risked attempting
to rescue the children. Anyone who has held the office of President
of the United States since FDR has held the threat that if the USA
or its allies were to be threatened then the USA would risk nuclear 
Holocaust in order to protect freedom. Beleive it or not, that is not
the sort of threat that nice chaps make. Do they have a gun nutters
section of the US version of CND by any chance?


There are cases where society has to be protected from
madmen such as Koresh or Hitler. If it were not for the consideration
of the 17 children in there the question of the tactics to be used would
not be a matter of anything but academic significance. It is not for
the govt to prevent people from commiting mass suicide.

The latest reports are that cult members were shot attempting to
leave the compound by Koresh loyalists during the fire. If proven
that would entail the final nail in the coffin of those who want to
promote Koresh as some sort of role model or hero.


I need hardly add that it is Koresh that has created the Holocaust in
this case by the deliberate arson of the ranch appocalypse.

"
656,talk.politics.misc,talk.politics.guns,"I haven't recognized any names from previous discussions, but I do
notice that there are a few who blame Clinton for the actions of the
BATF in Waco.  Unless you felt the same way about what we did under
Bush's *direct* command in Panama, it's just partisan whining.  Which is
what I expect most of it to be.  I can see no way to condemn one and not
the other.  

But I'm sure some Limbot will tell me how killing thousands of
Panamanian civilians to serve an arrest warrant is much better than
allowing 80 religious fanatics to commit suicide following a botched
attempt by the BATF to serve a search warrant."
657,talk.politics.misc,talk.politics.guns,"
What is the penalty if convicted of murdering 4 Federal agents
in Texas?  The death penalty.


Yup."
658,talk.politics.misc,talk.politics.guns,"
A search for illegally held weapons (IF there were any, no evidence yet
produced to this effect) does not justify firing into a house with
women and children, either. It also does not justify shooting first
without identifying oneself (the ATF and FBI have done this before, so
don't say they haven't, please) or producing a warrant.

Guess it depends on whose story one believes, huh?


Which ""others"" are we talking about here?


""Sub lethal""? Excuse me, but those people are dead!!!


Evidence? So far the FBI has produced none. Don't hold your breath.


Only a few of those being held in chains and s(hackles are wanted . 
The rest are being held for the crime of being ""material witnesses"".


It was not the Feds decision to make, but the firefighters.


This is true of ANY answer to a call for help from a fire department by
ANY citizen. Since fire departments do answer calls that ""deprive 
resources that might be needed elsewhere"" it is not a valid reason for
not calling them.

Further, since the Davidians had not been found guilty of any crime in
a court of law, they are subject to the same protection as any other
citizen. And las far as I know, even criminals in prison are not left to 
burn to death in a fire.


I guess this is a matter of religious faith with you? The government
says it, so it must be so? Or haven't you been reading this thread well 
enough to notice that some of us here don't beleive their story?


Patients in psychiatric hospitals are not left to die in fires, either.
Besides, as I explained, some of us here believe their distress might
have been genuine. Are you SO certain it wasn't?


There is no evidence that the Davidians committed human sacrifice 
either before of after the initial raid. And self-defense is not
murder.


He did not say it was deliberate. Accidents do not require conspiracy
theories, only wanton disregard for human life. The initial raid alone
(agents firing blind into walls against all standards of law enforce-
ment procedure) proves they did not mind killing people.


No one here is ""supporting Koresh"". We are opposing the illegal use of
excessive violence by our government against our citizens. That is all.


A society that believes it is OK to terrorize people for their religious
views will destroy itself in due time. It is the feds who disrupted the
""fabric of society"" in Waco, not Koresh. It is the feds who forced a
nightmare onto the people of Mount Carmel.


On what basis do you assume we haven't? Don't you really mean
""It would be a good thing if people drew the same conclusions from
history that I do?"" :-)


""Militant"" implies acts of aggression against one's neighbors. The
Davidians left their neighbors alone.

.religious heretics who left to set up such a community

So what? The Mormons were considered a ""cult"" for years, and were chased
out of one place after another on much the same thinking as you are
advocating. When they finally got to ""set up a community"" they left
people alone. So far Americans haven't been put to the sword by Mormon
hordes crying to avenge Joseph Smith. :-)


It doesn't mean they won't either. Anyway, the whole purpose of a 
system of laws is to punish people for what they DO, not what they
MIGHT do. 


""Telling"" is not the same as ""forcing"". When the police knock at my
door, I cannot make them go away by changing the channeI. As for Pat
and friends, I don't even WATCH their channel, since I am an atheist.
So far, not watching them tell me what to do hasn't gotten me killed :-)


Right now, the only people sticking guns in anyone's faces is the 
government. And they are trying very hard to run my life. Or 
haven't you noticed?


-----------------------------------------------------------------------
-----------------------------------------------------------------------"
659,talk.politics.misc,talk.politics.mideast,"         Anybody for carpeting in Bosnia/Serbia?  I mean like, carpet bombing
         of Serbian positions?
"
662,talk.politics.mideast,talk.politics.misc,"

Wow, hang on a second.  The libertarian party stands for personal freedom,
lassez-faire economics and minimal government.  Whoever is describing the
self as a Libertarian (maybe you were refering to the posters who call 
themselves civil libertarians) are not talking at all about Libertarian
philosophy."
663,talk.politics.misc,talk.politics.guns,"


    Yes, so?  You still haven't explained why they 
    can't be used to enforce Civil Law.  They certainly
    would have done a better job of Koresh.  Just call
    in an air strike.
"
669,talk.politics.misc,talk.politics.guns,"

Yes the govt handled it in the Rambo Hollywood type style
with extreeme Machismo. Perhaps thats not the way to handle
it. 

It is a completely different thing to start asserting as many
have done that the government is primarily to blame. The comparisons
with the NAZIs in particular are purely gratuitous.

Since you have provided a constructive opinion on the issue your
post desreves to be taken seriously. Peter Nelson also made some
very good points about how a low key approach might have been 
more effective.

The point is though that you learn through mistakes. The govt
played the wrong card and lost. Thats not a big deal. They
had had four guys murdered at the begining and maybee they 
just were not prepared for wuite this situation. Who could be?

If the same thing were to happen all over again we might perhaps
be able to castigate the Govt if they used the same tactics and failed
in the same way. As it is I can't say that I would not have made the
same mistake. Maybee I wouldn't because I don't as a rule go in
for a confrontational situation if I can avoid it. Maybee I would
because with all those press about its very difficult not to try
the macho stuff.


The FBI had information from within the compound we had no access
to. They may have calculated that the B-D followers resolve was
cracking based on their listening devices within the compound. They
knew that Koresh had chickened out of one suicide attempt. This
may have been the reason why they considered that fear might have 
been a weapon for breaking his resolve. Again in Panama they had used
the heavy rock music to great effect during Bush's invasion. Funny that
few of the Koresh supporters and appologists complain much about the
death of several thousand Pananmanian civilians while the US govt attempted
to arrest their former ally.



Koresh negated his civil rights the minute his followers fired
on the police helicopter. No matter whether the warrant was or
was not technically valid the guys who were carrying it out 
thought that it was. Thus the assault on them was completely
inexcusable no matter what rationalisation people might wish to
employ.

Of course we have to consider the guns issue. That is the whole
core of the question. Everything else is a diversion.
"
670,talk.politics.guns,talk.politics.mideast,I suggest another name change:
672,talk.politics.misc,talk.politics.guns,"
        As you're no doubt aware, Phill, there are probably five or six
different, mutually contradictory versions of the events in Waco on
Feb. 28 all of which are from reputable news sources, ranging the the 
Associated Press to TIME to Newsweek.

        Some of the earliest reports issued by the AP were not at all
flattering the to BATF, and produced some question as to who fired first.

        Now, for all I know, you were there to witness it.  But
I kind of doubt that.


        The BATF, in a letter they've been sending out to people,
says both that they were ambushed because they lost the element of
surprise, and that they went up and knocked on the door and had it
slammed in their faces.

        It strikes *me* as kind of strange to rely on surprise to
serve a warrant by knocking on the door.

        There are at least questions that need to be answered.


        This paranoid assertation was made by witnesses to the original
assault who stated that the BATF initiated hostilities by throwing
concussion grenades and reported by the Associated Press.


        Phill, the BATF were in a firefight with the BD for *forty-five*
minutes.  I find it hard to believe that if they were expecting peaceful
citizens they *wouldn't* have shown up in live-stock trailers and would
have retreated immediately.

        If they *were* expecting peacful citizens, why show up with over
a hundred officers, some of which clearly visible on video to be carrying 
sub-machineguns, and *3* National Guard Helicopters?

        I don't know who did what, but, as I said, there are questions that 
need to be answered.


"
675,talk.politics.misc,talk.politics.guns,"
	What I saw on TV and what you claim are two different things. The
Davidians did not start shooting until after the BATF lobbed a couple
genades in the windows and started shooting themselves.


	EASY! If you see federal agents in body armor with sub machine guns
going in throught windows, that is a No-Knock warrant. Also since the 
videotape shows the BATF throwing grenades before the BD's etunred fire, 
you can safely assume that they didn't ring the doorbell.


P.Vasilion,"
678,talk.politics.misc,talk.politics.guns,"
First of all, I wouldn't have gone after the Davidians for a firearms
violation which I object to in the first place.  Second, I wouldn't
have executed a search warrant via an armed assault when all the
Davidians were sure to have been there.  Third of all, I wouldn't have
cut off all outside communication to Koresh.  And I certainly wouldn't
have gone in with a tank-- time was on the FBIs side.  Since they had
outside resupply, they could wait indefinitely.

"
679,talk.politics.misc,talk.politics.guns,"[much blathering on the Role Of Military Forces in
Enforcing Civil Law deleted]

The main problem with trying to get the Military involved in Police work
is the differences in the missions.

The Police take names, try and find out what happened,
stop suspects (thats the meaning of 'arrest') and
turn them over to the custody of the Judicial Branch
for the adjudication of their case.

The Military's mission is to kill the enemy before
they can escape or surrender.

chus
pyotr
"
691,talk.politics.misc,talk.politics.mideast,"
Atomic Energy Commision - Hmm, they would say this.

The Earth may spew alot of substances into the atmosphere, but the quality 
of your toxic output can easily make up for the lack of quantity.  Furthermore, 
the planet is a system of carbon, sulfur and other chemicals which have been
acting for billions of years, we are but newcomers to the system - we must adapt
and control in order to bring about stability.  Also, two wrongs do not make a right, 
so continuing our practices despite overwhelming data is just ignorance in (non)action.


Educated and open minded environmentalists do not."
692,talk.politics.mideast,talk.politics.guns,"


I think the answer to Mr. Mayamsky's question can be found in the
first amendment to the US Constitution.

	Amendment I                                           (1791)

	Congress shall make no law respecting an establishment of
	religion, or prohibiting the free exercise thereof; or
	abridging the freedom of speech, or of the press; or the
	right of the people peaceably to assemble, and to petition
	the government for a redress of grievances.

Steve"
697,talk.politics.misc,talk.politics.guns,"

    Larry King Live was both telling and sickening.  Every other word
    out of Janet REno's mouth  was ""the little children"" ,etc.  Sounded
    like Clinton talking.  She made claims that the children were 
    beaten, etc, DESPITE the pronouncements of social workers that none
    of the children who left the compound were abused.  But the REAL
    crime:


      Larry King, and his censored show.  NOT ONE FUCKING QUESTION
      about Reno's possible error.  Just two calls about how she
      had made a ""good decision"".  Now, it doesn't take a rocket
      scientist to figure out that SOME people are going to be upset."
700,talk.politics.guns,talk.politics.misc," 
  I'd have to agree with you there Joe."
701,talk.politics.guns,talk.politics.mideast,"
[re McElwaine]


I just heard this week that he has started on COMPUSERVE flying models
forum now.  Sigh.
-- "
703,talk.politics.misc,talk.politics.guns,"
Has this video been made public?  The FBI spokesman also said they 
first knew of the fire when black smoke started pouring out, but
later said that *three* different FBI agents saw B-D members starting
the fires.

Also the FBI claims to have listening devices (bugs) in the compound.  
Will they make public the tapes of what the B-D said?


Well sealing the initial search warrent, keeping the media miles away,
not letting the B-D talk to the public, making contradictory statements,
not releasing the vidio & tapes are not steps to ensure public confidence 
in their actions.
"
706,talk.politics.misc,talk.politics.guns,"
Koresh & some of his followers were tried and found *innocent* of
all charges following that shootout.  Were you unaware of this or
did you purposly leave out this fact?

"
710,talk.politics.misc,talk.politics.guns,"...

That people are at risk and that some die during a hostage situation might
be considered an acceptable scenario in storming a compound. 

When EVERYONE dies (save for nine people), including twenty children, the 
outcome must be considered a failure.

Now was the failure due to unforseeable circumstances, incompetence, or
negligence?  From the double talk and multiple stories I've seen on the news
coming from the FBI and Reno I find ""it was an honest mistake"" hard to swallow

Let's hope they get their stories straight for the second round of questions.

"
712,talk.politics.misc,talk.politics.guns,"


Presumably the B-D did not mount a continuous state of alert with gunmen
ready to fire on people who casually walked up to ring the doorbell.

Once inside the building the BATF would have been in control. Trained
police officers are a match to any bunch of Bozos playing at soldiers.



Not a smart move. Unless meant to be part of the surprize cover. Even so
the narrow opening of the trucks simply was not a good idea. A side opening
truck would have been much better, more like a covered waggon.



Sounds just about right to me. Its the minimum amount of force that I
would consider necessary to serve a warrant on the talk.politics.guns
annual dinner.

Michael Hesseltine ordered the use of over 5000 crack troops including
members of the parachute regiment to remove approx 250 hippy peace
protestors on a site where they wanted to install cruise missiles. He
even turned up in a flack jacket to monitor the proceedings. Just about the
most dangerous tool the women possesed was a tin opener. That single
action probably cost him the position as Prime Minister. One of the elders
of my church got arrested in that heroic action by the forces of Toryism.
Hesseltine ever after was something of a national joke.
"
713,talk.politics.guns,talk.politics.mideast,"
Funny, the medical examiner today stated that there was no
evidence ONE WAY or ANOTHER that there were bullet wounds --
not a single autopsy has been performed, so all reports are
deemed speculative.  INCLUDING reports that there were NO
bullet wounds.


Before long, I think all the kneejerk conspiracy theorists
are going to start getting pretty pissed off at how easily
they mislead themselves.  Also, pretty disappointed at
being ignored by the coutnry.
"
714,talk.politics.misc,talk.politics.mideast,"
Mr. Cramer, when are you going to stop indulging in such blatant lies?
This is not only not true, you know damned well that it's not true.  None
of your research supports this; no mental health expert has taken this
position.  This is *your own* opinion which is not backed up by any
research or any knowledge.

According to one survey, done in San Francisco, the number of heterosexual
men who were molested as children was on the order of 5%.  The number of
homosexual men who were molested as children was on the order of 8%.
Source:  a book on sexual abuse of children by David Finkelhor (sorry,
the title escapes me).

Conclusions that can be drawn from this:  none.


Oh, you definitely have a choice.  You realize, of course, that you
are approaching the two-year anniversary of your crusade.  How are
you planning on celebrating two years of lies?

Incidentally, we are still waiting your crusade against African-Americans,
women, and other minorities who also want to ""impose their morality on
others"".  After all, they also want the government to ""tell peaceful
people how to live.""  Therefore, you really ""have no choice"", but to
continue to point out that being a woman or an African-American is not
a lifestyle, but a sickness.

It's bullshit, Mr. Cramer.  It was bullshit when you began this crusade
and it's still bullshit.  I am continually amazed at the depths to which
you'll stoop to carry on this deliberate attack."
724,talk.politics.misc,talk.politics.mideast,"
    First, a tank drove through the wall into the living room.

    I can't stop thinking about the children who were inside
    the house (the room?) at the time.

    How many people got killed during the Tiannamen Square events?



-- 
------------------------------------------------------------------------------------------
Disclaimer: Opinions expressed are mine, not my employer's."
728,talk.politics.misc,talk.politics.guns,"

( I AGREE ! )



	I think the problem here is that Mrs. Reno strikes me
( After watching NightLine Last night ) as a person who is incapable
of understanding OR dealing with a great number of things.
"
736,talk.politics.misc,talk.politics.guns,"THE WHITE HOUSE

                    Office of the Press Secretary
_____________________________________________________________________
For Immediate Release                                  April 20, 1993


                            PRESS BRIEFING
                       BY GEORGE STEPHANOPOULOS

	     
                          The Briefing Room


12:36 P.M. EDT
	     
	     
	     MR. STEPHANOPOULOS:  As you know, the President is going 
to come out at 1:15 p.m.  With your indulgence, I think what we'd 
like to do is have the President award the National Teacher's Award 
first and then have the teacher leave, or whatever, and then he'll 
make a statement on Waco and take a couple questions.  So if we can 
just hold off going live and all that until that's done, it probably 
will work out a lot better. 
	     
	     Q	  If you'll give us the time.  That's the problem.
	     
	     Q	  We've got a two-minute warning problem.
	     
	     MR. STEPHANOPOULOS:  Yes, it is a problem.  It's about 
1:15 p.m.
	     
	     Q	  The teacher would walk off and then --
	     
	     MR. STEPHANOPOULOS:  I think that's -- I'm just trying 
to work this out here.  I think that's the best way to handle it.
	     
	     Q	  Can I ask you a series of questions about the way 
the President handled the notifications yesterday? 
	     
	     MR. STEPHANOPOULOS:  Sure.
	     
	     Q	  Did you, for instance, talk to the Justice 
Department about who would come out and discuss what had happened in 
Waco and whether it should be the Attorney General or the President?
	     
	     MR. STEPHANOPOULOS:  Why don't we just take a step even 
farther back from that and look at the whole sequence of events on 
the contact between the Justice Department and the White House.  As 
you know and as we've said, the President spoke with the Attorney 
General on Sunday, Sunday afternoon.  They had a good discussion, 
about 15 minutes.  The Attorney General informed the President of 
what she wanted to do.  He raised no objections.  Obviously, she had 
the implicit authority from the President to go forward.  He raised 
no objections.  She went forward.  They had a discussion of a general 
nature about the incident.
	     
	     Again, yesterday morning around 11:00 a.m., the 
President spoke with the Attorney General again.  They had a brief 
discussion over what was happening in Waco.  As you know, this was 
before the fire broke out at the compound.  And I think that was why 
there was some -- just some confusion.  I think that she was 
confusing in her minds before and after the fire, not the actual day 
when they spoke.  
	     
	     Then there was a number of contacts at a number of 
different levels in the White House yesterday afternoon between the 
Justice Department and the White House.  They were informing us of 

their decisions, what they would like to do.  There was an FBI 
briefing in Waco.  The Attorney General had her press conference.  
The President then issued a statement after that.
	     
	     Frankly, yesterday afternoon, you know, there was a fair 
amount of confusion over exactly what was happening on the ground in 
Waco, and I think that we wanted to be very careful not to have the 
President say anything until we had a much better sense of what was 
actually happening on the ground.  Once we were fairly clear on what 
was happening on the ground in Waco, the President issued a 
statement.  He spoke with the Attorney General again yesterday 
evening.
	     
	     Q	  At what hour was that?
	     
	     MR. STEPHANOPOULOS:  It was quite late.  I believe it 
was after he returned from the Holocaust Museum.  He took a tour of 
the Holocaust Museum last night.
	     
	     Q	  And he went out to dinner.
	     
	     MR. STEPHANOPOULOS:  I believe briefly.  Yes, he went to 
dinner and then he spoke with the Attorney General last night.  I 
don't know the exact time; I think it was relatively late.  And he 
just said, I think as Dee Dee has reported, that he just wanted to 
tell her that he thought she handled a difficult situation very well, 
that she did a good job in a tough situation, and that she should try 
and get some sleep.  He then, again, spoke with her this morning 
about the follow-up in Waco, and about what they're going to do this 
afternoon.  As you know, the President will have an announcement to 
make at 1:15.
	     
	     Q	  Did he ever talk with Webb Hubbell yesterday, last 
night, or this morning?
	     
	     MR. STEPHANOPOULOS:  Not to my knowledge, no.
	     
	     Q	  Was Webb Hubbell the point man for the White House?
	     
	     MR. STEPHANOPOULOS:  Webb Hubbell is the general White 
House Liaison and several people talked to Webb.  The Attorney 
General was running the operation.
	     
	     Q	  Did he tell her that she should sleep well, that 
she had done a good job?  Or he just tell her that she should get 
some sleep?
	     
	     MR. STEPHANOPOULOS:  I think sleep well -- done a good 
job -- I don't know the exact words.  I think that sounds right.
	     
	     Q	  I mean, sleep well has implications as to 
conscience and whether she should feel badly about it or not.
	     
	     MR. STEPHANOPOULOS:  Well, I mean, I think everybody 
feels badly when you have a situation when --
	     
	     Q	  I understand that, but whether the issue of blame 
is brought up in that phraseology.
	     
	     MR. STEPHANOPOULOS:  I think that's the spirit -- no, it 
has nothing to do with that.  The spirit with which it was offered 
was that the entire administration and certainly the Attorney General 
had to face a very difficult decision, a very difficult situation 
yesterday.  And that he thought that she had handled it well, as best 
as she could and --
	     
	     Q	  Well, does he think it was mishandled?

	     
	     MR. STEPHANOPOULOS:  -- it was just speaking of warm 
words to a friend.
	     
	     Q	  Does he think the situation was mishandled?
	     
	     MR. STEPHANOPOULOS:  The President --
	     
	     Q	  In retrospect?
	     
	     MR. STEPHANOPOULOS:  The President stands  by the 
decisions of the law enforcement agencies, the decisions of the 
Attorney General.  He accepts full responsibility.  At the same time, 
I think that we all want to look to the future and figure out what 
exactly happened, do a full review, and make sure we do what we can 
to make sure this doesn't happen -- this kind of thing doesn't happen 
again, or at least we know how to handle it.
	     
	     Q	  How much did he know about what she was going to go 
ahead with?  I know that she made the case to him -- explained --
outlined the case for action.  Did she say to him on Sunday precisely 
what action?
	     
	     MR. STEPHANOPOULOS:  I don't think it was specific 
operational detail as to what was going to happen.  I think that they 
had a general discussion about the action, about the advisability of 
action.  I think, as she noted, he asked a few general questions just 
trying to get a sense of how things were considered.  But it wasn't 
minute-by-minute detail of how the operation --
	     
	     Q	  Well, was it, ""we are going in.""  Is it, ""we're 
going to use tear gas""?  I mean, what?
	     
	     MR. STEPHANOPOULOS:  I believe it was that we want to go 
in and take some action that would increase the pressure on those in 
the compound, and hopefully spur them towards some sort of movement 
out.
	     
	     Q	  George, was there ever a conscious political 
decision made, or even a discussion about distancing the President 
from --
	     
	     MR. STEPHANOPOULOS:  Not at all.  I mean, we were in 
close contact with the Justice Department.  The President accepts 
responsibility for this.  At the same time -- I mean, we just wanted 
to be very, very clear about how this happened and be as factual as 
we could be on how the decisions were made.  It is the responsibility 
of those on the ground to make recommendations.  The Attorney General 
has operational control over this.  The President obviously accepts 
responsibility for all of this, and he stands by the Attorney 
General.
	     
	     Q	  George, there was a report on the television today 
-- and I don't know more than that -- one of the members of the cult 
had said going into a courthouse that the FBI had started the fire 
and not themselves.  There was also a picture yesterday on the TV of 
a smashing into the building  where the fire broke out.  And my 
question is, is the White House absolutely certain that this fire was 
--
	     
	     MR. STEPHANOPOULOS:  All the evidence we have is that 
this fire was started by David Koresh and those inside the compound 
-- every bit of evidence we have.
	     
	     Q	  Did the President ask the Attorney General why do 
this now, why this particular date, and did he ask about possible 
consequences of either death or injury?

	     
	     MR. STEPHANOPOULOS:  I don't know the specific 
questions.  He had general questions about how the decision was going 
about being made.
	     
	     Q	  Those are general questions and did he ask 
generally, why now?
	     
	     MR. STEPHANOPOULOS:  I think he asked, have you 
considered all of the consequences; have you considered the 
recommendations?  I don't know if he asked the question, ""why now?  ""  
I don't know if he asked that specific question.
	     
	     Q	  Did she tell him why now in terms of the stuff 
that's come out since then about the information provided by the 
listening device about Koresh getting increasingly more violent?
	     
	     MR. STEPHANOPOULOS:  Again, I'm not certain how much 
specific detail they got into.  I know that she generally said that 
this is the recommendation she's prepared to make, I mean, the 
decision she's prepared to make.  It's based on the recommendations 
she was receiving from the field and after intensive questioning of 
those involved.  Again, I do not know how precisely detailed it was 
beyond that.
	     
	     Q	  What is the President's understanding why 
yesterday?  One of the people who went into the compound a couple 
weeks ago came out over the weekend with some speculation that he may 
have told law enforcement people something that precipitated this 
action.  Why yesterday?
	     
	     MR. STEPHANOPOULOS:  This is the first I've heard.  I 
think what we can go to is what the FBI and the Attorney General has 
said.  There were indications that those inside the compound were at 
some danger.  It was clear that the negotiations had broken down and 
it was the judgment of the experts involved in the negotiations that 
the situation was not going to get any better at all.  
	     
	     There was also some concern over the vulnerability of 
the agents themselves who had been working long beyond the time that 
these teams normally have to work.  And as the Attorney General has 
said, there was some concern over the fact that they did not have 
replacements in place who could stand in for them, and there was a 
concern over the safety.  
	     
	     All of these factors came into play.  They also 
considered the advice of a number of psychologists and other experts 
on David Koresh and those in the compound.  I would just go back to 
what the Attorney General has said.  You have to make the best 
judgment you can, given the information you have at the time.  They 
did.  Obviously, we all regret the loss of life.  It's a terribly 
unfortunate situation.  We all wish it could have turned out 
differently, but that doesn't take away from the judgments that were 
made at the time.
	     
	     Q	  George, when did the President know that they were 
going to use tear gas?  Was it before the assault on the compound?
	     
	     MR. STEPHANOPOULOS:  I just don't know.  I don't believe 
he was given a lot of detail on exactly how the operation would go.  
I just don't know.
	     
	     Q	  Along that point, George, can you say whether the 
plan was presented to the President by the Attorney General as a way 
to end the standoff one way or the other yesterday?
	     

	     MR. STEPHANOPOULOS:  I think it was presented as a way 
to increase the pressure on those in the compound and, we all hoped, 
as a way to move some of those out and bring it in -- it wasn't 
presented as tomorrow is D-Day, this is it.
	     
	     Q	  Is the President satisfied that, A, he had all this 
relevant information necessary to make a decision, and B, that Janet 
Reno had all the relevant information necessary to make a decision?
	     
	     MR. STEPHANOPOULOS:  Oh, I think he's satisfied that 
they were acting on the best advice and the best information they 
had, and he's not second-guessing it in any way whatsoever.
	     
	     Q	  George, was there a 12-hour gap between 
conversations between the President and the Attorney General?  In 
other words, they spoke at 11:00 a.m. and they didn't speak again 
until Clinton got back from dinner at --
	     
	     MR. STEPHANOPOULOS:  I think that's likely, yes.
	     
	     Q	  Did he call her?  What time did she call?  Was 
there a gap between when she called him?  I mean, was he at dinner 
when she called and --
	     
	     MR. STEPHANOPOULOS:  No, no, no.  I think he called her 
last night.  I couldn't swear to it, but I believe he called her last 
night.  He just wanted to talk to her.
	     
	     Q	     what was going on?
	     
	     MR. STEPHANOPOULOS:  Not that I know of, no.
	     
	     Q	  What do you know about the situation now?  Everyone 
has perished who -- except eight or nine?  And do you know any of the 
other details?
	     
	     MR. STEPHANOPOULOS:  I don't know any more details than 
the FBI reported in Waco.
	     
	     Q	     watching CNN or how was he keeping track of what 
is going on?  If he wasn't talking to his Attorney General, how was 
he keeping track of what was going on here?  I mean, with all due 
respect to CNN, is that how he was doing it?
	     
	     MR. STEPHANOPOULOS:  No.  There was also -- as I said, 
several people in the White House were in constant contact with their 
counterparts at Justice to have the full and complete information.
	     
	     Q	  Who were those contacts?  I mean, was it Mack 
McLarty, Webb Hubbell?  How was the President being kept informed?  
That's not a --
	     
	     MR. STEPHANOPOULOS:  I believe Mack was in contact with 
Webb.  I spoke with several people at the Justice Department.  I 
believe Bruce Lindsey spoke with people at the Justice Department.  
Either Bernie or Vince was also in contact at different times during 
the day with people at the Justice Department.  We were fully briefed 
and fully informed.
	     
	     Q	  We were told this morning that the President may 
have spoken -- a chance that he may have spoken with Webb.  Do you 
know if that's true or not?
	     
	     MR. STEPHANOPOULOS:  I think there's a chance he may 
have.  I don't believe he did, but I think there's certainly a chance 
that he may have at some point.  I don't believe he did.  I think 
that the last contact he had during the day yesterday directly with 

the Justice Department was the 11:00 a.m. phone call with the 
Attorney General.  But the White House was fully informed on a 
minute-to-minute basis of what was happening in Waco and what was 
happening at the Justice Department.
	     
	     Q	  George, who decided that the briefing would be done 
by the Attorney General?
	     
	     MR. STEPHANOPOULOS:  The Attorney General.
	     
	     Q	  Did you or did the White House communications staff 
-- were you ever involved with that decision?
	     
	     MR. STEPHANOPOULOS:  No.  We were told about it.
	     
	     Q	  Did you ask her to go on Nightline and MacNeil-
Lehrer and all that stuff?  Was that part of --
	     
	     MR. STEPHANOPOULOS:  No.
	     
	     Q	     there was no advice from the White House at all 
about her -- she was on all night, all day.  (Laughter.)
	     
	     MR. STEPHANOPOULOS:  Yes, and she did a very good job. 
	     
	     Q	  Why did you decide to have the President's reaction 
to the situation be only a written statement, which is traditionally 
the White House's way of distancing the President from the issue, not 
having him appear as personally saying anything?
	     
	     MR. STEPHANOPOULOS:  Well, that wasn't the intent at 
all.  As I said, we had to -- we wanted to wait until we had all of 
the information at hand.  The President is also making a statement 
today.  The President made a statement yesterday morning.  The 
President has been fully involved --
	     
	     Q	  After this turned into less than a successful 
operation, the only statement from the President was what was on 
paper after the Attorney General had already given what amounted to 
the major facts in this.
	     
	     MR. STEPHANOPOULOS:  Well, it was the first statement 
from the President, not the only statement from the President, number 
one.  
	     
	     Q	  After the --
	     
	     MR. STEPHANOPOULOS:  Number two -- well, the first.  
Number two, the Attorney General --
	     
	     Q	  He gave a statement early in the morning when the 
thing was starting to move --
	     
	     MR. STEPHANOPOULOS:  Right.  And he gave one yesterday 
and he's giving one today.  Now, the second point --
	     
	     Q	  It just happens this was a written statement with 
no sort of communications policy or thought process involved?  It was 
the President wants to put out a written statement?
	     
	     MR. STEPHANOPOULOS:  Knowing what we knew at the time, 
we thought it was appropriate for the President and he thought it was 
appropriate to put out a written statement expressing his regret and 
expressing his support for the Attorney General's --
	     
	     Q	  Why was it not appropriate for him to personally do 
something?

	     
	     MR. STEPHANOPOULOS:  Well, he did personally do so.  
That is his statement.  It's a statement under his name.
	     
	     Q	  George, yesterday during the briefing you didn't 
say the President took full responsibility for what happened --
	     
	     MR. STEPHANOPOULOS:  I certainly did.
	     
	     Q	  No, what you said was --
	     
	     MR. STEPHANOPOULOS:  That's just not right, Susan.
	     
	     Q	  Well, I think you can go back to the transcript, I 
mean, unless I miss something --
	     
	     MR. STEPHANOPOULOS:  I'd love to.
	     
	     Q	     Janet Reno said that she took full 
responsibility and you said that she made the decision, that the FBI 
--
	     
	     MR. STEPHANOPOULOS:  And the President takes 
responsibility.  Absolutely.
	     
	     Q	  Took responsibility -- all right.
	     
	     MR. STEPHANOPOULOS:  Check the transcript.
	     
	     Q	  Considering how little was known about what was 
going on inside the compound and, even now, how little is known, why 
is Washington calling this a mass suicide?
	     
	     MR. STEPHANOPOULOS:  Well, I think that knowing what we 
know now and given all of the actions of David Koresh before and 
during, it is painfully clear that those there were under his 
control.
	     
	     Q	  It's stretching it a little bit where the kids are 
concerned, though, isn't it, George?
	     
	     MR. STEPHANOPOULOS:  I think that that is an entirely 
different matter.  I mean, I think that David Koresh must bear 
responsibility for the deaths of those children, absolutely.  But he 
clearly was intent on creating some kind of an apocalyptic incident, 
and that's what he did.
	     
	     Q	  You're still operating completely on assumption, 
right?  I mean, you have no evidence, or you know of no evidence that 
this was mass suicide.
	     
	     MR. STEPHANOPOULOS:  We have evidence that those inside 
the compound set fire to the compound, which led to the deaths of 
those inside.
	     
	     Q	  I didn't quite hear it.  This might be Ann's 
question, I didn't quite hear it.  But at what time did Clinton 
himself put out a statement on this?  I know Dee Dee said some stuff 
on this at 6:00 p.m., but the President put out --
	     
	     MR. STEPHANOPOULOS:  At 6:35 p.m., 6:40 p.m.
	     
	     Q	  Right after the evening news went on the air?
	     
	     MR. STEPHANOPOULOS:  No, right when we had all the 
information.  We were working on it.
	     

	     Q 	  Dee Dee confirmed this morning that the 
investigation the President is going to announce is going to be an 
administration-run investigation.  Why not have someone from the 
outside to make sure that it's not colored by those who would have a 
political stake, particularly those at the ATF whose actions have 
already been --
	     
	     MR. STEPHANOPOULOS:  I think that clearly the ATF and 
the Justice Department will bear responsibility for the 
investigation.  That's not to rule out, as is often in investigations 
like this, having some sort of independent involvement as well.  But 
it will be run by the Treasury and Justice. 
	     
	     Q	  Are you confident that you will not have any 
problem getting --
	     
	     MR. STEPHANOPOULOS:  Absolutely.
	     
	     Q	  George, did the President reach out to anybody else 
to get advice after the meeting with Janet Reno?  And who else in the 
White House sat in on that meeting?  Anyone else from Justice?
	     
	     MR. STEPHANOPOULOS:  I don't believe anybody else was 
there at the time.  It was a phone call on Monday, it wasn't a 
meeting.
	     
	     Q	  Sunday.
	     
	     MR. STEPHANOPOULOS:  Sunday.  It was a phone call, it 
wasn't a meeting.  I believe he might have been there with Bruce, but 
beyond that, I think he just talked to the Attorney General.
	     
	     Q	  George, you said that in that phone call, she said 
that we want to go in and take action, as you said, that will force 
him out.  What did he think she was talking about?  If he didn't know 
about tear gas, what exactly was his idea of what he was approving?
	     
	     MR. STEPHANOPOULOS:  I think he was approving an action 
to increase the pressure on --
	     
	     qQ	   It didn't matter how she did that?
	     
	     MR. STEPHANOPOULOS:  No, no.  I mean --
	     
	     Q	  What information did he have in terms of how this 
would proceed?  Presumably he would have wanted to know, not minute-
by-minute, but in a general sense --
	     
	     MR. STEPHANOPOULOS:  I think he knew that this was the 
recommendation of those on the ground and the recommendation of the 
law enforcement agencies.  I just don't know --
	     
	     Q	  What is ""this"" -- when you say that ""this"" was the 
recommendation --
	     
	     MR. STEPHANOPOULOS:  The action to increase pressure.  I 
don't know exactly what he was told -- whether he was going to be 
told that the tank was going to go up to the left wall and punch a 
hole in the window, or whether he was just told generally that they 
were moving forward in a way that would increase the pressure.  I 
just don't know.
	     
	     Q	  It's hard to imagine him not asking, though.
	     
	     Q	     that Janet Reno presented him with as her best 
advice about what they should go forward with, he would have agreed?
	     

	     MR. STEPHANOPOULOS:  He was -- he did ask some general 
questions about the advice and recommendation he gave.  At the same 
time -- and I would repeat -- that this was based on the unanimous 
recommendation of the law enforcement agencies involved.
	     
	     Q	  George, it would seem that this question about just 
exactly in what detail the President was informed about the nature of 
the operation is going to come up again here and elsewhere.  Can you 
take that question and --
	     
	     MR. STEPHANOPOULOS:  Absolutely.  Yes.
	     
	     Q	     get the answer and come back to us with all of 
it?
	     
	     MR. STEPHANOPOULOS:  Yes.
	     
	     Q	  Can you tell us that there was never a meeting -- a 
strategy session -- where you and others decided, we will put out a 
written statement from the President and we will have Janet Reno be 
on all of these television broadcasts?
	     
	     MR. STEPHANOPOULOS:  Never.  Never.
	     
	     Q	  And you never called the Justice Department and 
said to anyone or Janet Reno, ""you're the one who needs to be out 
front explaining this""?
	     
	     MR. STEPHANOPOULOS:  Not once.
	     
	     Q	  It just happened that way that she was the 
spokesman, that no one ever saw Bill Sessions until --
	     
	     MR. STEPHANOPOULOS:  She made a decision as Attorney 
General that it was important for her as the operational officer in 
charge, as the person who made the decision, to go out and take the 
questions on this tragic incident.
	     
	     Q	  She had no guidance from the White House at all?
	     
	     MR. STEPHANOPOULOS:  We certainly didn't object.
	     
	     Q	  But did you -- (laughter) -- no, I'm sure you 
didn't object, but did you suggest it?  Was this a plan --
	     
	     MR. STEPHANOPOULOS:  No. Absolutely not.
	     
	     Q	     a strategy?
	     
	     MR. STEPHANOPOULOS:  No.
	     
	     Q	  Did she clear it?  
	     
	     MR. STEPHANOPOULOS:  No.
	     
	     Q	  Did she notify you?
	     
	     MR. STEPHANOPOULOS:  We certainly knew about it.
	     
	     Q	  What happened to this great detailed process you 
have for clearing and talking to every public information officer and 
every -- under every rock and every place in government that 
something as major as this could have occurred without a discussion 
between you and the public information people at least at the Justice 
Department?
	     

	     MR. STEPHANOPOULOS:  The Attorney General made the 
decision and the Attorney General wanted to go forward.  It seemed 
like a good decision.  It was a good decision.  She did a good job.
	     
	     Q	  Let me ask it this way, George, if in hindsight how 
you would handle it?
	     
	     MR. STEPHANOPOULOS:  I think it was handled very well.
	     
	     Q	  You wouldn't change a thing if --
	     
	     MR. STEPHANOPOULOS:  Change what?
	     
	     Q	  The way the White House handled any part of it -- 
from start to finish.
	     
	     MR. STEPHANOPOULOS:  Well, I think that's an awful broad 
question and we're certainly going to have a review.  One of the 
reasons for the investigation is to look for ways in the future that 
something like this -- see what we can learn from an incident like 
this and see what we can learn about how to handle them.  If you're 
talking specifically about the issue of the press conferences, no, 
there -- wouldn't make any change at all.
	     
	     Q	  Two questions:  First of all, on her going on TV, 
no White House people or outside media consultants came up with this 
idea?  It's just very reminiscent of what you guys did during the 
campaign.
	     
	     MR. STEPHANOPOULOS:  How so?
	     
	     Q	  I'm thinking of like watching Clinton on Nightline 
after the draft story; watching Clinton on --
	     
	     MR. STEPHANOPOULOS:  There's absolutely no comparison.  
Yesterday there was a law enforcement incident.  The incident ended 
in tragic deaths of many, many people.  The Attorney General was 
involved in that decision.  The Attorney General made the decision to 
do that.  She felt it was her responsibility in the interest of 
public information to go out and take the questions of the press in 
order to make sure that all of the questions were answered, and she 
did a fantastic job.
	     
	     Q	  The second question is, did -- as someone who knows 
Clinton as well as you do, can you understand why it's sort of hard 
to believe that he might not have asked some detailed questions about 
what she intended to do?  In other words, she came and she said, I'm 
going to put pressure on them.  It's hard not to see Clinton, who's 
fairly intelligent and inquisitive, asking how.
	     
	     Q	  What kind?
	     
	     MR. STEPHANOPOULOS:  Both the Attorney General said that 
he did ask questions, he did ask general questions.  I don't have a 
minute-by-minute account of the conversation.
	     
	     Q	  How long a conversation?
	     
	     MR. STEPHANOPOULOS:  I think it was about 15 minutes.
	     
	     Q	  Telephone conversation?
	     
	     MR. STEPHANOPOULOS:  Yes.
	     
	     Q	  George, was the federal cost of this standoff ever 
a consideration in terms of stepping up the pressure --
	     

	     MR. STEPHANOPOULOS:  I don't believe so, no.
	     
	     Q	  George, you keep saying that the President takes 
full responsibility, but then you refer to it as her decision.  Does 
the President not accept the fact that as Commander-In-Chief, it is 
ultimately his decision?
	     
	     MR. STEPHANOPOULOS:  I don't know what this has to do 
with Commander-In-Chief.  This was a law enforcement action, not a 
military action.  And he clearly takes responsibility for the 
decisions of the law enforcement agencies involved taken in his 
government.  I mean, I think there's just no ambiguity about that.
	     
	     Q	  But is he accepting it as his decision as well as 
hers, or is he saying it's her decision?  There's a difference.
	     
	     MR. STEPHANOPOULOS:  As a matter of fact, it was her 
decision.  He did not object to that decision.  He clearly takes full 
responsibility. 
	     
	     Q	  George, this briefing has gone on just a little 
over 15 minutes, and as you can see a lot of things can be exchanged.  
What exactly did they spend 15 minutes talking about if it was just 
very general?  That's a long period of time in a phone conversation.
	     
	     MR. STEPHANOPOULOS:  It is an awful long phone 
conversation.  It was a very important phone conversation.  I think 
Brit has asked that we take the question, and I've said that I would.
	     
	     Q	  One of the things Reno said last night is that the 
buck stops here.  I think that was her direct quotation.  Does the 
President agree with that in this case?
	     
	     MR. STEPHANOPOULOS:  The President says he accepts full 
responsibility.  I think what the Attorney General was saying is that 
she made a decision, that she's going to accept all the 
responsibility that comes to her.  And she's not shrinking from that 
at all, but neither is the President. 
	     
	     Q	  At any point in the conversation last night between 
the President and the Attorney General or this morning, did she ever 
offer her a resignation?
	     
	     MR. STEPHANOPOULOS:  Not to my knowledge. 
	     
	     Q	  Even before the fire was out yesterday, there were 
some Republicans on Capitol Hill calling for an investigation.  Is 
the White House at all concerned about the timing of those requests 
trying to make political hay out of this situation?
	     
	     MR. STEPHANOPOULOS:  No.  And I don't want to cast any 
questions about the motives of those who are requesting 
investigation.  We want an investigation, and we'll have a full and 
complete investigation.
	     
	     Q	  In what forum will you answer Brit's question?  
Will you put out a written statement?  Will you -- the wires?  How 
will you answer the question that you've taken?
	     
	     MR. STEPHANOPOULOS:  I'm just not sure.
	     
	     Q	  George, can you remind us what the President was 
doing all yesterday afternoon, where he was, and what meetings he was 
involved in?
	     
	     MR. STEPHANOPOULOS:  I'll have to try and remember.  He 
had a series of meetings with different members of the staff during 

the afternoon.  He was certainly monitoring the situation in Waco and 
getting periodic reports on that as well.  He did see some on CNN as 
well.  I believe he saw a fair amount of the FBI press briefing as 
well.
	     
	     Q	  And those reports would have come to him from Mack 
McLarty, would they -- do you think?
	     
	     MR. STEPHANOPOULOS:  Mack talked to him, Bruce talked to 
him, I talked to him.
	     
	     Q	  George, to follow Helen's question, in their 
conversation this morning did they discuss at all her statement last 
night in response to the question about whether she would resign?  
Did he say, I don't know why you felt the need to say that?  I'm here 
to reassure you that you don't have to do this?  Did that come up at 
all?
	     
	     MR. STEPHANOPOULOS:  I don't know if it even came up 
that specifically.  I know that the bulk of the conversation was 
discussing where do we go from here and what form the investigation 
--
	     
	     Q	   The didn't talk at all about her kind of 
remarkable comment last night about --
	     
	     MR. STEPHANOPOULOS:  Well, I believe she was asked a 
question.
	     
	     Q	  And her response was, if the President wants me to, 
I will.
	     
	     MR. STEPHANOPOULOS:  Which would be, I think, the 
standard response that most Cabinet members would give.  I mean, it's 
a conditional statement.
	     
	     Q	     have a need to talk about whether -- personally 
about whether the President wanted her --
	     
	     MR. STEPHANOPOULOS:  I don't know if they talked about 
it.  I mean, what I learned about the conversation was that it was 
largely about the investigation itself.  And this just didn't come 
up.  I did not ask the question if they talked about --
	     
	     Q	  Will you take that with the Brit package?
	     
	     MR. STEPHANOPOULOS:  Certainly.  (Laughter.)
	     
	     Q	  George, for the record, does the President want her 
to resign?  I know Dee Dee answered this morning --
	     
	     MR. STEPHANOPOULOS:  Absolutely not.  He supports Janet 
Reno.  She's a good Attorney General.  She's done a good job.  She 
handled a difficult situation extremely well.
	     
	     Q	  George, does the President feel that he and Janet 
Reno were let down by the unanimous professional advice from the law 
enforcement experts on the ground?
	     
	     MR. STEPHANOPOULOS:  No.  And the President is not 
second-guessing that decision and those recommendations in any way.  
That is not to say that he doesn't regret the loss of life.  
Everybody regrets the loss of life in this situation.  But the best 
judgments were made in a difficult situation based on the best 
information we had.
	     

	     Q	  George, the 15-minute conversation was the one on 
Sunday, is that correct?
	     
	     MR. STEPHANOPOULOS:  Yes.
	     
	     Q	  How long was the one at 11:00 a.m. yesterday 
morning?
	     
	     MR. STEPHANOPOULOS:  I don't know.  I'll take that 
question, too.
	     
	     Q	  Were these outside experts that they were 
consulting with, or experts within the ATF and the FBI?
	     
	     MR. STEPHANOPOULOS:  You'd have to ask them.  I'm just 
not sure.  I know that there were several experts.
	     
	     Q	  And also, why weren't there replacements for these 
people?  Is the unit that small?  
	     
	     MR. STEPHANOPOULOS:  Again, I think it is a very small 
highly-specialized unit.  But I think it's one of the kinds of things 
that the investigation will examine.
	     
	     Q	  George, isn't there a factor here involving the FBI 
Director?  Normally, a president, when he wants to get information, 
doesn't only asks the Attorney General.  I know the chain of command.  
But presidents talk to their FBI directors.  In this case, throughout 
this entire siege, he has not felt that he could pick up the phone 
and talk to Bill Sessions, who is from Waco, and get expertise from 
him on what to do and what not to do?
	     
	     MR. STEPHANOPOULOS:  I think he talked to the FBI 
Director well in the beginning of the situation when it first broke 
out in Waco.  At the same time, the Attorney General bears the 
ultimate responsibility and he was getting fully briefed from the 
Attorney General.
	     
	     Q	  Don't you think the ambiguous situation that 
Director Sessions is in has some impact on the way the President is 
briefed and on the way that all of this evolved?
	     
	     MR. STEPHANOPOULOS:  Not at all.  I mean, it's perfectly 
appropriate that he be briefed by the Attorney General and that the 
Attorney General has supervisory authority over the FBI Director, and 
that's following the chain of command.
	     
	     THE PRESS:  Thank you .

                                 END                    1:03 P.M. EDT"
737,talk.politics.guns,talk.politics.misc,"
Shit, i'm going to be a lot more carefull filling by income tax!   "
742,talk.politics.misc,talk.politics.mideast,"

Your post is based on the premise that the laws as they stand do not
discriminate anybody, so your argument falls over immediately.  Are you
really that dumb as to use emotive language to prove an argument?
Please feel free to answer, that is, if you have anything intelligent
to say on the matter.



"
747,talk.politics.misc,talk.politics.guns,"...

	Oh they'll get it back, with exposed film. :(

	Shortly after the Rodney King episode, a woman here in Dayton used a
camcorder to tape the police arresting several youths.

	Upon noticing her, the police arrested her (for jaywalking!) and
""accidently"" erased the tape while they had it.

	Yep, they'll get their film back allright...."
749,talk.politics.mideast,talk.politics.guns,"

Ah, but when you fire at armed folks they have this nasty habit of
firing back. A simple terrorist could get hurt that way."
759,talk.politics.misc,talk.politics.mideast,"

No, what it means is that I, like a majority of environmental scientists/researchers,
agree that El Nino/La Nina and the Southern Oscillations are the systems
involoved in that climatic phenomena categorized by humans as a drought(1988).

Furthermore, in response to an earlier message, the 1992 U.S. est. output of
sulfur dioxide (20 mill. tons) was equivalent to the entire output by the recent
eruption of Mt. Pinautubo(Sp.).  Currently world carbon dioxide levels set at approx.
360 ppm, in the past 120,000 years it has never gone above 280 (this info
was found using ice core samples from the joint French/Russian/U.S. Vostok
project).  Furthermore,  the background emmisions of chlorine compounds into
the atmoshpere is about 0.6 ppb annually, it now sits at 3.5.  This OVERWHELMING
data/info is found in the World Resources doc. published by Oxford University.

The ozone hole in the Northern and Southern Hemispheres keeps getting bigger
and stickin' around longer whilst skeptics ponder how wrong or corrupt all this
data from government and international scientific institutions is.  It is a pity, that,
if the skeptics are wrong and we base our complacency on their Limbaugh
psycho babble, then we will find ourselves strapped by limited options with
which to rectify the primal engineering of our industrial age."
781,talk.politics.misc,talk.politics.guns,"In a debate about the student government here at our university, a
question was raised by one student senator:  

""Why should I represent people who didn't vote?""

and by implication, this raises a different question:

""Why should I represent people who didn't vote for me?""

I feel that there are many good reasons that anyone elected to public
office (in student government or any other government) should strive
to represent ALL the people in their constituency (class of '95 or a
geographical area, or whatever).  

I would like some help from others in phrasing a reasonable argument
on this topic.  Thanks.

Followups are directed to talk.politics.misc, but email is preferred."
788,talk.politics.misc,talk.politics.guns,"

Watch the videotape carefully, the CNN coverage was fairly decisive.

The first fire starts in the Tower, this is three storeys high and there
is a flag to the right of it on the picture. The second fire starts 
in another tower which is similar to the first only two storeys high.
The flag is on the left in the camera picture that shows this fire
starting.

Thus the camera pictures cleraly show the fire starting at two separate
locations. The FBI report a third. I was not able to verify it from the
videotape however someone else identified a fire shown to be starting behind
the small tower in the second (flag on left) camera angle.


The flames coming out of the building are yellow/orange. This is the
normal colour for carbon compounds burning. The flames were those of a 
solid or confined liquid burning, not of a gas exploding. 


The explosion that occurs mid way along the building is certainly not an
explosive though. The cloud itself is on fire. This would seem to
be most likely to be some sort of fuel oil store exploding rather than
the explosion of a magazine.



Depends entirely on how they were distributed. You would not be able
to identify ammunition rounds going off from video camera coverage
from a mile away. If and when the FBI release pictures from cmeras
on the armoured vehicles (which presumably exist) it might be possible to 
get a clearer picture. 

If anyone expects to see explosions hollywood style aka Rambo movies then
remember that in real life cars do not burst into flames when going over cliffs.

Just about the most you could expect would be to see the grenades
going off. Since the building was designed to be blast proof to some
extent it would be difficult to distinguish the grenades going off from
the collapse of the building due to the fire.



Paranoia.


You wouldn't beleive the FBI if they showed you a picture of Koresh himself
setting light to the place. Your mindset is such that you are simply
unable to accept as true anything that might suggest that a group of
heavily armed weapons fanatics might indeed be in the wrong.

The gun lobby can't accept that the B-D set light to the place because
that would mean that Koreh had murdered 17 children, that would mean that
their taking his account of the murder of 4 BATF agents would be even
less credible than it was to start with.

Koresh had 51 days to come out with his hands up and face a fair trial. 
Instead he ordered the murder of everyone in the place.
"
789,talk.politics.misc,talk.politics.mideast,"t


The original poster never said they were afraid of King because he was
black.  In fact the officers were afraid of King because of WHAT HE DID,
not because OF THE COLOR OF HIS SKIN.  It is you, Mr. Frank that read the
phrase ""large black man"" and cried racism in a typical knee-jerk fashion.
When you (and others, I suspect) can get past this problem maybe the real
problems in this issue can be discussed."
799,talk.politics.guns,talk.politics.mideast,"Lord, I hope you don't Hoover was a pro! He was monstrous."
808,talk.politics.misc,talk.politics.mideast,"
Not this again.
"
809,talk.politics.misc,talk.politics.guns,"
	Excuse me? Quality? As in grade A CO2 and grade B CO2? I may not have
this quite right but I was under the impression that CO2 was CO2.

 Furthermore, 

	A) There is no reason to believe this system is inherently stable- 
The Ice ages occured without any help from humans.

	B) The point was that the human contribution of CO2 and other 
greenhouse gasses is insignificant and it won't really make a difference if
we make more or less.

	C) What overwhelming data? I see lots of 'projections' of the future,
which is fascinating, considering they can't predict the weather two weeks
in advance."
812,talk.politics.guns,talk.politics.mideast,"


Ironic, since it's pretty much what was used to blow up the World Trade
Center...
-- "
813,talk.politics.misc,talk.politics.guns,"
Your starting to sound like a little child who wants ice cream. If you
kick and scream enough you think people will believe you. Sorry proof
by vigorous ascertion doesn't hold any water. I can insist that cats
are dogs all day, it doesn't make it so. "
816,talk.politics.mideast,talk.politics.misc,"
Yeah right, sorta like the Indian sub-contient, eh?"
820,talk.politics.misc,talk.politics.guns,"People *die* of natural causes, too.  We hear all this bellyaching over
things like murder and war while Mother Nature is killing people all of
the time.

In fact, more people die of natural causes than due to the conscious
actions of other people.  So, what's a few murders here and there?


-- "
822,talk.politics.misc,talk.politics.guns,"


And this search procedure must also follow the rule of law.


It may, if necessary, when the search is executed in an illegal and
violent fashion.


These ""criminals"" were threatening the lives of NO ONE -- they were fired 
on FIRST, according to a number of accounts.


Wrong.  Firing a gun at someone is lethal force, even if no one is hit.
Of course, they DID hit AND kill people.


You are silly.  There are no such warrants in existence, Phill.



Thanks, Phill, for another example of that great socialist sensitivity.
""Obey the government or die.""

*PLONK*
-- "
823,talk.politics.misc,talk.politics.guns,"Oh..
just a note, my usually poor typing is made even more dificult by the 
small keyboard and mutiple connections I am piped through in order
to access news while here in DC.

I'm really not trying to irritate the spelling mavens :-)

LUX ./. owen

"
836,talk.politics.misc,talk.politics.guns,"




You might as well have.  You certainly would not have been in error if
you would have."
839,talk.politics.misc,talk.politics.guns,"

  Too many MDs on the list and not enough RNs in my opinion.

  Doug
"
843,talk.politics.misc,talk.politics.guns,"
So, you approve of the BATF launching a 100-person raid, complete
with flack jackets, men hidden in horse trailers, stun grenades,
semi-auto weapons on peaceful citizens?  who would also accept
a search authoried by a court?

There is still no proof that the Branch Davidians had illegal weapons.
Nothing else was in the jurisdiction of the BATF, unless they were
thought to have a still, or be smoking untaxed cigarettes.

The automatic firearms violation is a TAX matter !  You don't serve
no-knock warrants on someone with .50 CAL MGs.  It isn't necessary
(they can't flush a machine gun down a toilet, you know), and it isn't
smart (if you are right, you got a good chance of getting blown away.
if you are wrong, you shouldn't have done it.)


The stupidity was indeed related to this.  But the stupidity may have been to
attempt to serve the warrant by ludicrously over-armed, over-protected
and over-confident gestapo.  Escalation isn't automatically brilliant.

IT WAS A TAX MATTER !  YOU CAN""T FLUSH MGs DOWN THE TOILET !
YOU DON""T NEED NO-KNOCK WARRANTS FOR EVERYTHING.

Actually, IMHO nothing justifies them, but that is another argument .
There wasn't any murder of police officers.  There was probable cause
to arrest them for murder perhaps.  We US citizens are innocent until proven
guilty.

There also wasn't any killing until the BATF screwed up real bad.


Lew"
849,talk.politics.misc,talk.politics.guns,"
Say WHAT?  Surrounding the compound with armed men and throwing
grenades isn't a provocation?


You're smoking something not legal in the US.  They never rang the
doorbell.  Not even the BATF has claimed that they have. This was a
no-knock search.

As to the good reason the BATF has-- the warrant and supporting
affadavit have not been made public. 
"
855,talk.politics.misc,talk.politics.guns,"
I find it very interesting that you say there will be 2.5 million
queers in the march on Washington.  The largest figure I've seen in
the press is 1 million and we all know how liberal the press is with
their numbers. :)

For another thing, 1% of 250 million is 2.5 million not 6.  Maybe
that's where you got the 2.5 million number.  Also, the number cited
in the actual report is 1.5% so that would be about 3.75 million.

As for this march on Washington, I wonder how much the media is
going to inflate the numbers this time.  Last time, for the
pro-abortion rally, they more than doubled the actual number of
people who showed up.  That and all the stories coming out of how
the press ""slants"" the news really makes one wonder who's watching
the watchers.

BCNU."
862,talk.politics.misc,talk.politics.guns,"

The above conveniently ignores the murder of four BATF agents by the
Branch Davidians in an unprovoked ambush.

Any government that allows tinpot dictators to set up shop and declare
a private state has drifted into anarchy. There are laws to control
the ownership of guns and the BATF had good reason to beleive that
they were being violated. They set out to obtain a legal warrant and 
attempted to serve it only to be met with gunfire when they rang
the doorbell.

The paranoid assertion that the BATF fired first in an unprovoked
assault assumes that the BATF were on a death wish. Had they
expected the B-D to be anything other than peacefull citizens who
would accept a search authorized by a court they would have turned up
in a tank and broken the door down on day one.

The stupidity was the attempt to serve a warant on the place by
ludicrously underarmed and unprotected police. 


If anyone on the net cares to suggest a sure fire method of bringing
the murderes of four police officers to justice perhaps we could
hear it.
"
865,talk.politics.misc,talk.politics.guns,"
At all times in human history, people have killed and stolen from one
another.  If you can find an example of where this hasn't happened in
history, then you have discovered a new phenomenon in nature.

It is pointless asking whether people ""should"" do this;
they DO do this.  It has just evolved that way.  Humans have evolved to
have this characteristivc.  You can debate whether this should be
particular matter should be left up to the individual or not, but it is
the nature of humans to kill and steal from others and you will not find
a single counterexample (of a society without these types) in nature.
-----------------------------------------------------------------------
Please find a better argument than that's the way it has always been.
Child mortality has always been, yet we find it in our hearts to have
made an attempt to change that.  "
879,talk.politics.misc,talk.politics.mideast,"
What a JOKE! You can't actually believe what you just said. Can you? We 
bombed and invaded these countries.

Notice the definition of war (from the American Heritage Dictionary):
	1) A state or period of armed conflict between nations or states.
This qualifies the invasions of Cambodia and Laos as wars.

Then let me explain this to you REALLY slowly. Why did he abuse the 
powers of his position? Could it have been to gain personal political 
power? Naw, that would be too obvious.

And anyone who can only call names because his position is defensless is
breathtakingly ignorant and desperate. I noticed that you edited out the
other points were I proved you and Phil to be completely wrong.

------------------------------------------------------------------------------
""Death to all modifiers, he declared one day, and out of       Garrett Johnson
 every letter that passed through his hands went every      Garrett@Ingres.com
 adverb and adjective. The next day he made war on articles.
 The following day he blacked out everything in the letters
 but ""a"", ""an"", and ""the"".  - Joseph Heller's Catch-22"
885,talk.politics.misc,talk.politics.guns,"

No, this is not true. the CNN pictures show two sites clearly and a third is
barely distinguished. 

If you have a tape you should note that there are two towers at either end
of the building, a big one and a little one. What appears to be merely a 
long shot of the big tower with the tank in front is in fact the little
tower. You can tell beacuse the flag in the foreground switches sides from the
right of the picture to the left.

The third site is visible as the flames clearly come from a point obscured by
the small tower. You need a tape and a good slow motion video to see this.

"
890,talk.politics.guns,talk.politics.mideast,"


	Religious fanaticism?"
891,talk.politics.guns,talk.politics.mideast,"
CNN reported tonight that some bodies were found with bullet holes in their
heads.  However, I have no information on the possible causes.

This is not to say that Government stories are to be taken at the face value in
this case, but to jump to conclusion at this stage may be the source of
embarrassment in the future.  Let's be paranoic, this may be a ploy to smoke
out the opposition and decredit them.  :-)

Comparison of this incidence to Tienanmen Square is made in soc.culture.china. 
Just in case you need more ammunition to shoot at each other.  :-)

No matter which side you are on this Waco issue, are you ready to die defending
your cause?

Peace be with you."
897,talk.politics.misc,talk.politics.guns,"
It will be ironic in the extreme if Spector manages to uncover a
government conspiracy and cover-up in this case. Maybe he'll posit a
Magic Grenade that lit fires in three wings of the building at once.
"
899,talk.politics.mideast,talk.politics.guns,"                                                      ^^^^^^^^
	Oh my god. My spelling and grammer suck. I guess I need some
sleep. I said righting (instead of writing). What's the chance
of that. Thank god I caught it before everyone started picking
on it. I hope I didn't cause Mr.Jefferson too much shame. 
"
901,talk.politics.misc,talk.politics.mideast,"


CHEERS Brandon.  That's the best suggestion I have seen that.  !!!"
902,talk.politics.misc,talk.politics.guns,"
Oh are we Jill?  Let me tell you a story then...

One evening not long in this country a man, a parolee, a convicted KNOWN 
violent crimminal lead police on high speed chase after breaking another law.
He decided that police had no right to do their jobs and enforce the law
and assualted two of while attempting to resist arrest.  When police use
metal sticks to force him into submission we heard all the reason why certain
people in this country have and excuse when they refuse to obey the law, 
how this was a perfect example of police oppression, how all the police
had to do was behave a certain way and all would have been finei, how nothing
the victim did could have possibly warranted the response - some blows with
a few sticks - he got from the authorities.

Funny, how when it's Bloodbath Billy or his hitwench calling the shots,
a group of people who were bothering no one, were not know to have broken 
any law, who asked only that they be left alone to practice their religion
as they fit, how it is now that the government is justified in assualting
those people with 100 heavily armed commandos simply because the gun 
grabbers in DC thought these people had more guns thay they thought they
should have.  Now when it's the Clinton administration that has the blood
of dozens on its hand AAAALL of a sudden it's the people who refused to
have their civil rights violated, it's their fault, those evil fanatics
provoked it...

How is it in the mind of the liberal Democrat-Clinton supporter that a
crimminal puke, scum bag, piece of garbage like Rodney King could not have
possibly provoked the beating he got, but this bunch of wierdos could cause 
a fifty one day stand off that ended with the burning deaths of all of them
and their children, all by themselves with no help from the the police.  
And to here people say they deserved what they got, to hear Clinton say
the blame rest solely with Koresch, what a cowardly piece of work that
man has shown, again, himself to be.

WE'RE blaming the right people.  It is you and others that defend ANY of the
actions of the BATF, FBI or Justice Department in this matter, that with 
each word prove again and again the depth of the hypocrisy, the double
standard that people like the Clintons would hold certain Americans to. 
While at the same time allowing others to do as they please with only 
excuses to offer their victims.  It's all to clear these days, from the
comments of the ""president"" and the rationalizations of his supporters
in these groups, that in a liberal Democratic vision of America only
a certain select few people can expect to have civil rights enforced, 
and this administration intends to enforce laws, apply the Constitution
and obey the laws only when it suits them to do so. 

The Rooster

				WARNING!

                   By order of Heir Clinton and for your own
                personal safety: Remember to maintain membership
                 in ONLY BATF approved religious organizations.
	 	   BATF approved religious services.
"
912,talk.politics.misc,talk.politics.guns,"
[unrelated text deleted]



I think that Phil needs to get out a ruler and see exactly how big 50mm rounds
are - roughly 2"" diameter.  The type of stuff used in Anti-Aircraft gunnery.
.50 calibre is much smaller, but the 3000m effective range (~2mi) sounds about
right. Maybe he just got the two confused..... The FBI's reasoning was sound,
but the note from PH-B was factually wrong.

Tom H.



-- 
--------------------------------------------------------------------------------Tom Hyatt                                  I'm a diehard Saints fan, so i've    thyat@sdf.lonestar.org                     suffered quite enough, thank you!    Arlington, TX                                                                                                                                                    Help! I'm being repressed!  -M.Python                                          -------------------------------
"
913,talk.politics.misc,talk.politics.guns,"A repost from talk.religion.misc,talk.politics.guns,soc.culture.jewish:

From: cdt@sw.stratus.com (C. D. Tavares)
Subject: Re: Who's next?  Mormons and Jews?
Date: 20 Apr 1993 19:15:13 GMT
Organization: Stratus Computer, Inc.




All government claims.  If they were really stocking such weapons for
Armageddon, how come they never used them?


""The time is coming.  Those of you who have no sword, sell your shirt and
 buy one... And they told him, Master, we have two swords.  And he said, It 
 is enough.""  (LUKE ...)

""Think not that I am come to send peace on earth: I came not to send peace,
 but the sword. For I am come to set a man at variance against his father,
 and the daugher against her mother...""  (MATT 10 34-35)


Just maybe you won't be home.  Then you can come home to something 
like this:

    ""Well, it's been a rough month,"" begins Johnnie Lawmaster.  ""I
 just get laid off, and my divorce became final.  But I just wasn't
 ready for what happened this particular Monday.""

    That particular Monday was was December 16, the first day of the
 Bill of Rights' third century, the day when federal agents and local
 law enforcement officer broke into the house in Tulsa that always flew
 the U.S. flag.  When Lawmaster drove into the driveway that bleak
 afternoon, one of his neighbors had some news.

    ""'Ohmigod, John, you are in big trouble!' my neighbor tells me.
 'Sixty police, federal agents and the bomb squad busted in you house,
 kicked down the door, cut locks off your gun safe.'  I couldn't
 believe it.  Then I walked inside.  What a nightmare.""

    It was no nightmare; it was horribly real life.  Apparently acting
 on information the Lawmaster possessed an illegal firearm, some thirty
 agents of the Bureau of Alcohol, Tobacco and Firearms (BATF) teamed up
 with state and Tulsa police authorities, search warrant in hand, to
 search for a ""Colt, AR-15, .223 caliber machine gun, unknown serial
 number.""  The warrant, issued by U.S. Magistrate John Leo Wagner, also
 authorized agents to seize ""any tools used in the alteration or
 modification of firearms, such as files or drills; documents, papers,
 books, records, and other tangible properties which identify occupants
 or owners of the property to be searched....""

    Reports vary, but according to neighbors, the joint task force
 operation aimed at the unemployed warehouseman from a nearby hospital
 involved some 60 agents and local law enforcement personnel against
 Lawmaster.  They cordoned off the street; took station with weapons
 drawn in the back yard; used a battering ram to break through the
 front door; kicked in the back door; broke into his gun safe; threw
 personal papers around the house; spilled boxes of ammunition on the
 floor; broke into a small, locked box that contained precious coins;
 stood on a table to peer through the ceiling tiles, breaking the table
 in the process.  Then, they left.  The doors were closed but not
 latched, much less locked.  The ammo and guns were left unsecured.

    ""My front and back doors were pulled shut, but they were busted
 through and couldn't latch.  Anybody could have waltzed in there and
 stolen everything I own.  A child could have taken a gun.  The guns,
 the safe -- everything was open and laying around.  I keep all my
 magazines empty, but someone had loaded them.  While I was looking
 around in amazement, the gas, electric and water companies show up to
 turn the power off.  They said they were told to shut things down.
 Then I found the note.  ""Nothing Found - ATF.""

    ""They didn't make any attempt to notify me.  I've lived in Tulsa
 all my life and never got more than a traffic ticket.  How come they
 can't look that up, realize I've been law-abiding my whole life, then
 come to the door when I'm home?  They didn't leave someone here to
 watch over my private property.  They didn't even come by to explain
 what happened.  They just raided my home, ransaked it, left it wide
 open and left.""

    Lawmaster placed a phone call to the local BATF agent.  ""I asked,
 'Are you gonna' arrest me?' and he said, 'No.'  I asken him, ""Who is
 going to repair and clean up my house?'  And he said, ""If you're going
 to talk to me, come down to my office.'

    ""'I can't come down!' I said.  'My doors are broken!'  If I had
 been on vacation and I didn't have friendly neighbors, I would have
 lost everything I own.  Here I am a competent, responsible firearms
 owner, and the government leaves them open, unlocked, with ammo strewn
 around.""

    Lawmaster said the agent advised him, ""If you want your door to
 lock and your gun safe to lock, you're gonna' have to pay for it
 yourself.""

    ""'Oh, I'll come right down, alright,' I told him.  'I'll come
 down, but I'll bring my attorney.'  And he said, 'Well, you bring
 your attorney, and we won't talk to you.'""


So if you don't want your tea party to be held in awkward silence, make
sure your lawyer isn't there, there's a good chap.



What a repulsive outlook on society.  ""Followers of unusual religions
may be killed by the government -- it simply can't be helped in a free
society.""

You and I have two different concepts of ""free.""
-- "
923,talk.politics.misc,talk.politics.guns,"[...]



Mr. Kuo: I don't recall seeing your byline around much before (at least
on t.p.m). Let me clue you in on this newsgroup. t.p.m is populated
largely by people whose hatred for the U.S. government, especially
the government of Mr. Clinton, is literally boundless. To these
people, the suggestion that agents of the U.S. government would carry
out a spectacular massacre of its own citizens, in full view of TV
cameras, is not an 'extraordinary claim'. It's just another day in
the life of these United States.

They don't have to suggest any reason why the FBI would want to
publicly massacre citizens. Have you seen 'The Crying Game'? 

	""It's in their nature"".


Don Pajerek"
924,talk.politics.guns,talk.politics.mideast,"

Of course.  When the catbox begines to smell, simply transfer its
contents into the potted plant in the foyer.

""Why Hillary!  Your government smells so... FRESH!""
-- "
927,talk.politics.guns,talk.politics.mideast,"

Lucky they brought the situation to a prompt resolution before they had to 
turn things over to the amateurs.


God help us all.
-- "
928,talk.politics.misc,talk.politics.guns,"Does anyone know where I can access an online copy of the proposed ""jobs""
or ""stimulus"" legislation?  Please E-mail me directly and if anyone else
is interested, I can post this information.

Thanks,

Mike Brooks

NOTE:  My E-mail address in the news header is NOT correct.  My correct 
address is:"
929,talk.politics.mideast,talk.politics.misc,"If you think that kind of uncalled for blanket statement will
cause censorship at Mr. Jefferson's university you are wrong.
"
938,talk.politics.misc,talk.politics.guns,"







You should be aware that the US Army was called to ""fight""
(and did) WW I veterans (bonus marchers) who marched on
DC demanding bonuses they were promised for service.
Becaues of the depression, they wanted them early."
939,talk.politics.guns,talk.politics.mideast,"
Or, did anyone notice that when Clinton referred to the Davidians as
'religious fanatics' that a round of spontaneous applause burst forth from
the reporters ? 

To me this was not only in poor taste, but it showed the media's bias and
hostility to anyone not of the politically correct stripe.  No wonder they
have been cheerleading for the kgBATF and the FBI during this whole affair.

			Rod
------------------------------------------------------------------------------
""It [collectivism vs individualism] is an ancient conflict. Men have come
close to the truth, but it was destroyed each time and one civilization fell
after another. Civilization is the progress toward a society of privacy. The
savage's whole existence is public, ruled by the laws of his tribe.
Civilization is the process of setting man free from men.""
    -- Ayn Rand : 'Roark's speech from the _Fountainhead_'
------------------------------------------------------------------------------
I don't speak for my company. We hire the 'Politically Correct' to do that."
949,talk.politics.misc,talk.politics.guns,"

Just out of curiosity, what else was there to do in this situation?
Wait another 51 days/weeks/months/years???

Was there anything indicating that these children and the other
people were going to get out alive?
"
950,talk.politics.guns,talk.politics.mideast,"
Just want to make a comment on this.  If you live in this country long
enough, you should realize the media is no friend of the govt.  I am
only concerned about fact that the media like to jump to conclusion
before the facts.  But I am sure they are good in digging dirt as
well; afterall, they like the controversial events, which of course
make news."
951,talk.politics.misc,talk.politics.guns,"

Hey don't confuse these guys with facts dude! You might break some
beautiful illusions!

Of course by BATF admits this they mean that the BATF did not deny some
post by a pro-Koresh/gun lobby person some time back.

If anyone wants to understand the paranoid mindset of Koresh I offer you
talk.politics.guns. There you can dredge the sewers of minds so hung
up on power and ego trips that they bend reality arround their own
particular set of beleifs.

I long ago gave up arguing the case for arms control directly. Instead
I invite people to ask themselves, would you want to be in a room full
of the occupants of talk.politics.guns, their personal armouries and
attempt to enter a discussion with them?
"
954,talk.politics.misc,talk.politics.guns,"Doesn't seem like those responsible for the assault were very concerned
about the welfare of the children inside.  Seems like they were more
interested in flexing their muscle before the media.  My reasoning?
Just ask yourself this one question:

Suppose the scenario was slightly different and we had Chelsea Clinton
being kidnapped by terrorists, holed up in a compound for 51 days.
Do you think Clinton, Reno, the FBI, and the ATF would be so eager
to use a show of force?

Nuff said.


-- 
Richard Mulac                                       ck347@cleveland.freenet.edu"
955,talk.politics.misc,talk.politics.guns,"
Well they could unseal the original warrent (Why was i sealed in the
first place?), release their video & tapes (from their listening devices
inside the compound) and quit makeing contradictory statements.

Do you believe their statement that the children were killed by
lethal injection?  They later stated that the childrens bodies
were burned to the point the would be hard to identify.  So
how did they come up with the lethal injection theory?


Unless the evidence was destroyed or other evidence planted.


You mean ""Magic bullet"" Spector?

I know, a lone gunman killed all the Branch Davidians.   :-) || :-(
"
960,talk.politics.guns,talk.politics.mideast,"
That's right.  Despite claims that someone at Kent State fire a shotgun
at the the soldiers, the only projectiles that anyone can prove where
sent in the direction of the soldiers were rocks."
962,talk.politics.guns,talk.politics.mideast,"
     And you're the guy that doesn't know that illiterate people can't write 
coherent sentences. Does that make you superior somehow?

                                        Steve
[]"
970,talk.politics.misc,talk.politics.mideast,"
]Furthermore, in response to an earlier message, the 1992 U.S. est. output of
]sulfur dioxide (20 mill. tons) was equivalent to the entire output by the recent
]eruption of Mt. Pinautubo(Sp.).  Currently world carbon dioxide levels set at approx.
]360 ppm, in the past 120,000 years it has never gone above 280 (this info
]was found using ice core samples from the joint French/Russian/U.S. Vostok
]project).  Furthermore,  the background emmisions of chlorine compounds into
]the atmoshpere is about 0.6 ppb annually, it now sits at 3.5.  This OVERWHELMING
]data/info is found in the World Resources doc. published by Oxford University.

Good evidence.

]The ozone hole in the Northern and Southern Hemispheres keeps getting bigger
]and stickin' around longer whilst skeptics ponder how wrong or corrupt all this
]data from government and international scientific institutions is.  It is a pity, that,
]if the skeptics are wrong and we base our complacency on their Limbaugh
]psycho babble, then we will find ourselves strapped by limited options with
]which to rectify the primal engineering of our industrial age.

What ozone hole in the northern hemisphere?

What exactly will happen if we get an ozone hole in the upper atmosphere?
According to the senior chicken-little at NASA, as much more UV radiation
as if one moved 100 miles south.  Certainly not the calamity that is being
imagined by eco-lunatics.  

CO2 is going up.  So what.  There's no evidence that the increase is
due to burning fossil fuels, no evidence that increasing CO2 will increase
temperatures, and no evidience that raising temperatures will do anything
but good--ie make millions of acres of tundra into productive life-bearing
land."
972,talk.politics.misc,talk.politics.guns," 
 
Janet Reno, the FBI, et al were nothing but pawns in Koresh's game.
He was a madman who was going to hurt the children, and everyone
else in the compound no matter what the FBI did.
 
 
Such a hostage situation has taken place on numerous occasions
with the result of the police trying to take the place by
force and the result being the death of the hostages and the
gunmen. However, this is the first time I've heard of
the blame landing squarely on the police.
 
In this country we have a policy of not negotiating a back down
from terrorists and hostage takers since that only encourages
other terrorists and hostage takers."
974,talk.politics.mideast,talk.politics.misc," ^^^^^^^^^^^^^^^^^^^^^^^^^^^^^^^^^^


What kind of ranking system is used?
"
977,talk.politics.guns,talk.politics.misc,"In <C601ED.CD6@cpqhou.se.hou.compaq.com>, thomasr@cpqhou.se.hou.compaq.com sez:

This is all terribly interesting, but it doesn't belong in misc.legal.
Take it elsewhere, please.

-- 
        Have you hugged your common nucleus of operative fact today?"
978,talk.politics.misc,talk.politics.guns,"

  What is your proof that they ""did the best they could""?   Unless
  they had strong evidence that the children were in IMMEDIATE danger
  then ""the best they could"" have done was to SHOW RESTRAINT.

  Some of us DID predict this outcome, or at least suggested a
  strong possibility of it.  I, for one, said that in the event of
  an assault against the building the CHILDREN were the ones in danger
  either from the assault itself or from a ""Jonestown"" (my phrase
  a week after the seige started) style suicide.  And as I pointed
  out then, and repeatedly over the objections of people on the net 
  who disagreed with me, an adult may freely choose suicide but they
  have no right to impose this choice on their children.

  Now, while I don't expect the FBI to pay any attention to what I 
  have to say on this, I *DO* expect them to figure it out on their
  own or to take the advice of experts.  The cult specialist inter-
  viewed in yesterday's Boston Globe said he was repeatedly ""stonewalled""
  by the FBI when he pointed out to them that their confrontational
  tactics played perfectly into Koresh's mad view of the world and so 
  increased the chance of a tragic outcome.


  Give *US* a break!   Pumping teargas for 45 minutes into a compound 
  filled with CHILDREN?!!   This doesn't seem to show much regard for 
  their lives or safety.   ""Nontoxic teargas"" is an oxymoron.  Children
  have tiny respiratory passages which are easily blocked by the secretions
  induced by teargas; moreover teargas can easily cause fatalities in anyone
  subject to laryngospasms, asthma, or heart disease.

  If a madman is holding a gun to a hostage, someone who provokes the 
  madman by attacking him bears nearly as much repsonsibility for the
  death of the hostage as the madman himself.  These kinds of situations
  have to be handled *delicately* - not by surrounding a place with
  tanks and heavily armed personnel and blaring rock music from loud-
  speakers at all hours.   That approach is idiotic.  



  The solution is to greatly reduce the authority of the ""the authorities"".
  The Feds showed themselves here, as they have so many times in the
  past, to be a gang of trigger-happy, impulsive, yahoos who cause more
  trouble than they prevent.    Their confrontational approach reinforced
  every single message Koresh was giving his followers, virtually guarantee-
  ing that whatever crazy solution Koresh proposed would be followed
  willingly.   This was pointed out here, on Compuserve, in the press,
  just about every place except in the Justice Department where it seems
  a n.i.h. philosophy prevails.  
  "
980,talk.politics.misc,talk.politics.mideast,"




I don't remember the article that you removed so I can't comment on it.
What I can comment on though is your response.

Do you really believe that what you wrote is sufficient to refute the article?
Do have any facts in addition to your opinion?"
992,talk.politics.misc,talk.politics.guns,"It is interesting, sometimes, to listen to U.S. news as seen through
the eyes of another country.......

B.B.C. world news service, on short-wave, originating out of London,
reports that a survivor of the Waco massacre states that a tank, when
making a hole in the wall of the building, knocked over a kerosene
lamp and that is how the fire started.  Attempts were made by the
people inside to put out the fire, but it spread too quickly.

Has anyone in U.S. heard anything similar or are U.S. government
spin-doctors censoring such information?"
997,talk.politics.misc,talk.politics.mideast,"

I bought mine at the MOW storefront.
Its not plastic, its woven material.

but I think you miss the point.
its not about the five bucks in your pocket, its about supporting the
march and helping to pay for all the printed materail and scehdulkes and
organisation and...

all leading up to the literal *birth* of Queer visibility in this country.

up to this point all our news coverage has been driven by events thatb
happen to us. 
this event is happening by our direct action.
of course the last MOW was the same thing but they ignored us.
I guess that was just labor pains.
perhaps they will ignore us again, in which case we will come in
even largeer numbers next time.

Lst night in DC there were so many queers out and about you could hardly get
in any place.
I suspect thatb over the next two days that will become exponentially
larger.

To my mind this is a physical bsuting down of the collective closet of
queer invisibility.

the five bucks is insignificant.

LUX ./. owen


"
1000,talk.politics.misc,talk.politics.guns,"-> >-> 
-> >-> For those who still doubt what is going on, this is
-> >-> from the still uncensored AP wire:
-> >-> 
-> >-> Two journalists from Houston arrested at gun-point and
-> >-> cuffed and jailed for taking pictures of the compound today.
-> >-> Later released on bail, but cameras and film were confiscated.
-> >-> 
-> >-> jh
-> >
-> >	You could work for CNN.  Take a few lines from a story and
-> >imply something with it but don't say what you really mean.  
-> >
-> >	The police always close off the area around a major crime
-> >scene to keep evidence from being disturbed
-> 
->     By taking pictures?

	They leave foot prints, they may drop some trash on the
ground, and they may pick up something that looks interesting.

-> 
-> >, and it is a misdemeanor
-> >to enter the closed off area.  One of the photographers also quickly
-> >spun around with a long lens camera while the officer was approaching,
-> >a good way to get shot.  
-> 
->     Well, that (hopefully) depends on what country one is in.

	It has nothing to do with the country.  You are coming toward
someone in an area where there has been violent confrontations, and
one guy spins around quickly with an object that looks like a gun.
Police are not trained to stand there and let someone gun them down.

-> There was also no indication in that story
-> >that they wouldn't get their cameras and film back after getting out
-> >of jail.
-> 
->     Once goverment agents have had an opportunity to check 
->     the film out.

	You're making statements that are not supported by facts.
Don't let paranoia get the best of you.  Wait to see if the reporters
don't get their film back or they get it back developed before
screaming conspiracy.

-> 
->     I think it was Barry Goldwater who once said ""the goverment
->     that is big enough to give you everything is big enough to
->     take everything from you.""  You life and/or freedom including.
->     Of course, that could not happen to you, could it?

	Our government is not big enough to give you everything,
despite the efforts of people like Bill Clinton.  Taking a statement
like that and thinking `everything done in the name of law enforcement
is wrong' is simple minded and ignorant of history.  A government is a
necessary evil, and we must decide what it should be allowed to do
based on facts, history, and not by baseless claims."
1002,talk.politics.misc,talk.politics.guns,"After the initial gun battle was over, they had 50 days to come out
peacefully. They had their high priced lawyer, and judging by the
posts here they had some public support. Can anyone come up
with a rational explanation why the didn't come out (even after
they negotiated coming out after the radio sermon) that doesn't
include the Davidians wanting to commit suicide/murder/general mayhem?"
1003,talk.politics.misc,talk.politics.guns,"
+>1.  There is no such thing as non-toxic tear gas.  Tear gas is non-breathable
+>    remaining in it's presence will cause nausea and vomiting, followed eventually
+>    by siezures and death.  Did the FBI know the physical health of all the people
+>    they exposed??  Any potential heart problems among the B-D's??

	They certainly knew that there were pregnant women in there plus 
children.  I could not believe when they said that the gassing was
an attempt to ""save the children"" yesterday.  I can't think of a much
worse sort of child abuse that pouring tear gas into a building.


+>2.  Have you ever seen a tear gas canister??  Tear gas is produced by burning a
+>    chemical in the can.  The fumes produced are tear gas.  The canister has a 
+>    warning printed on the side of it.  ""Contact with flamable material can result
+>    in fire.""  Now, how many of these canisters did they throw inside a building 
+>    they admited was a fire-trap??

	I have heard two things recently explaining this:

	1. They pumped the gas into the building from outside via some
	sort of pipe rather than by canister.

	2. The sort of tear gas they are using was described as some
	sort of powdery material that sticks to things.  Kind of
	like a powder cloud.

	And once again, these are government lacky explainations and
	since government stories always change, none or all of the
	information might not be true.


+>This whole thing was a case of over-reaction by the officials at every step.
+>I hope it is thoroughly investigated and the responsible parties are held
+>accountable.  But that is highly unlikely when you figure they are going to
+>be investigating themselves."
1005,talk.politics.misc,talk.politics.guns,"
How about letting in the press?

How about letting Koresh out to talk to the press?

Maybe if he had been allowed to talk with the press/TV for a couple of
days he would have surrendered peacefully.


How about letting the relatives of Koresh`s followers talk?


Seems to me when you isolate someone, try to send them crazy by playing
loudspeakers through the night of Tibetan chants, etc., you don`t have
much to stand on when they behave as if they are crazy.  (I`m not too
sure of their sanity to start with.)

I am VERY suspicious when the government controls all communication,
and sends the press 2 miles away. 
I have a gut feeling that no-knock warrant, which is sealed, would not
stand up to scrutiny."
1008,talk.politics.misc,talk.politics.guns,"
Oh, please, enlighten us all. What articles in particular are you
quoting from? I'm doing my Masters in Psychopathology and it would
interest me greatly in seeing these articles that you know exist
(yet I know nothing about). I'm sure I could give them to people
doing their PhD's. With information like this, they'll have their
degree in no time.  (sprinkle sarcasm where applicable)

Don't bother with the little-girl-is-raped-by-her-daddy-and-is-now-
a-lesbian-because-of-it studies. They have always been under critical 
scrutiny as to their validity. (Correlation != causation)."
1010,talk.politics.mideast,talk.politics.guns,"
Damned if you do and Damned if you don't!


Just for the record, Egyptian troops were one of the first to be
stationed there. I can't remember the exact date but it was late last
year. In fact, they lost at least one man there as far as I know.
"
1012,talk.politics.misc,talk.politics.mideast,"
<more tripe deleted>

Phill, are you trying to convince everyone on the net that
you are in fact an abject moron for some reason? Repeating
the same rubbish over and over again may make something a 
""fact"" in whatever backwater you are posting from, but it doesn't
wash here, so save it.

"
1019,talk.politics.misc,talk.politics.mideast,"FURY OF MOTHER NATURE

Man's contribution to environmental ""pollution"" are paltry compared to those 
of nature. In her exceptional book TRASHING THE PLANET, former Atomic Energy 
Commision Chairman Dr. Dixie Lee Ray notes based on the available data, ""all 
of the air polluting materials produced by man since the beginning of the 
industrial revolution do not begin to equal  the quantities of toxic 
materials, aerosols, and particulates spewed into the air from just three 
volcanoes: Krakatoa in Indonesia in 1883, Mount Katmai in Alaska in 1912, and 
Hekla in Iceland in 1947."" To which could be added Mount St. Helens in 
Washington State in 1980 (which pumped out 910,000 metric tons of carbon 
dioxide alone). El Chicon in Mexico in 1982 (which sent more than 100 million 
tons of sulfur gases into the stratosphere), and Mount Pinatubo in the 
Philippines (which in 1991 hurled upwards of 30 million tons of material into 
the stratosphere).
LOS NINOS
Many environmentalists attributed the 1988 drought in the U.S. to global 
warming, but researchers with the National Center for Atmospheric Research in 
Boulder Colorado reported that the freakish weather was actually due to a 
natural phenomenon, the interaction of El Nino and El Nina, two massive 
currents in the tropical Pacific. El Nino is a huge strip of warm water that 
periodically appears off the coast of South America and disrupts the world's 
weather patterns. Now and then, it alternates with El Nina, a mass of cold 
water that comes from the ocean depths along the equator and drifts for 
thousands of miles.
CHICAGO TRIBUNE'S  Peter Gorner summarized the phenomenon: ""Cold water along 
the equator clashed with warmer than normal water southeast of Hawaii. The 
result was both the U.S. drought and the devastating floods that swamped 
Bangladesh...... Nina's cooler water disrupted tropical weather patterns and 
distorted the path of the Jet Stream across North America. Then the Jet 
Stream shoved rain-producing weather systems away from the interior of the 
U.S. resulting in drought.""
TERMITE TERROR

Sundry animals and insects also contribute their share to environmental 
""degradation. TIME for April 20,1992 noted that in ""the Netherlands... manure 
from pigs poses a major ecological threat, defiling water supplies with 
excessive nitrites and acidifying local soils. Sheep have permanently scarred 
the landscape in Spain and Portugal, while in India ... bovines [cows] are 
ravenous wraiths whose constant quest  for food drives them to ravage 
standing forrests.""
The February 1983 issue  of SCIENCE DIGEST reported that ""an international 
team of researchers has discovered that termites generate more than twice the 
Carbon Dioxide  that fuel burning does."" According to a study reported in 
SCIENCE for November 5, 1982, the ""estimated gross amount of Carbon Dioxide 
produced [by termites] was more than twice the net global input from fossil 
fuel combustion."" In addition, ""Termites are a potentially important source 
of atmospheric methane: they could account for a large fraction of global 
emmisions."" The wood-eating pests have a bacteria that enables them too 
digest carbon so efficiently that some 90 pe is converted too Carbon Dioxide, 
methane, and other gases they belch into the atmosphere.
Ants are another natural source of ""pollution."" In 1987, an atmospheric 
chemist with Bell Laboratories, and zoologists from Cornell University, 
reported that ants of the subfamily FORMICINAE make and store huge quantities 
of the formic acid that contributes most of the acidity of rain that falls in 
remote areas and is found in atmosphere gas and precepitation around the 
globe. It is abundant, for instance, in the fog and mists that hang over the 
rain forests of Central Africa. According to the July 6, 1987 INSIGHT 
magazine, the ""ants release the acid when defending themselves and 
communicating with each other and upon dying. Since  30 percent of the world 
ant population belongs to this subfamily, there is significant concern about  
the acid the ants release,"" an amount estimated at ""600,000 metric tons 
annually."" which is equal to the combined formic acid contributions of 
automobiles, refuse combustion and vegetation.""
Clearly, man has a long way to go to match nature as a ""despoiler"" of the 
environment.
By Robert W. Lee.

"
1026,talk.politics.mideast,talk.politics.guns,"

Precisely, why not Cuba??  Why not???  The Hatians are being ruled by thugs 
and their elected leader has asked support to reestablish the peoples will.  If 
the U.S. or any other democracy wishes to, they are in the perfect right to 
help them without any whining from thir parties.  After all if it turns out to 
be colonialism and the poeple don't like it, they' find a way to throw them out.


Who ever said people who commit genocide have the right to commit genocide??  
I want a world where criminals agains humanity have no place to hide, while you 
want special sovereignties designed to protect them.  Nobody has the right to 
commit crimes against humanity, and if they do they loose all right to self 
determination.  If this is classical colonialism, then so be it."
1031,talk.politics.mideast,talk.politics.guns,"Heil Ajami!, or do you prefer
Heil Martillo! or
Heil Santos! or
Heil Carlo! or
Heil Joachim!<- This I would suggest against, it sounds too informal, mein
fuhrer!"
1037,talk.politics.misc,talk.politics.guns,"I don't want to attack anyone's personal opinions and thus have not
included any articles - but it seems to me incredibly ridiculous
and pompous for someone to sit back with the benefit of hindsight
and point fingers at Clinton, Reno, the FBI, or whomever.

First of all, it is a knee-jerk judgement.  The facts are quite
muddled at this point and will likely be for quite a while.

Secondly, things do not improve by pointing blame and accusatory
fingers.  Pointing fingers is a destructive action.  If everyone
sat around pointing fingers all the time, nothing would get done
and nothing would ever get any better.  And despite the tragedy,
we can learn something from this - if it is approached in a 
constructive manner.  Doesn't it seem that working together is
more productive than working against one another?

Thirdly, it seems incredibly hypocritical to place blame given
the benefit of hindsight - something that those who made the
decisions did not have the benefit of.  Why not give them the courtesy
of acknowledging that they did the best they could with the
data they had - in a very, very difficult situation.  Some
responses have gone so far to suggest that the actions were done
without regard for the lives of the people in the compound - give
me a break.

Be part of the solution - not the problem.

And that's MY opinion -"
1039,talk.politics.misc,talk.politics.guns,"
+>Critisism is too easy. What solutions do people have that  would have been
+>better than what the FBI had been doing for the last few months?


After the seige began:

Surround the place with Razor wire and then let them sit.  Do not
have daily press conferences, do your best to keep things out of
the press.


As things get more and more miserable inside, one of two things is
going to happen:

	1. People will start coming out.

	2. They will commit suicide in mass at some point.


The thing to remember about (2) is that hysterical situations and ""assults""
play into the hands of a ""leader"" who has picked this course.   Its
much easier to stampede people into something like suicide if there
is gas coming in and bullets in the air.  Let them be hungry and miserable
for longer and longer and it will probably be more effective.

	The ""possiblity"" that they would all kill themselves at some
point would not bother me in the least or alter tactics.  If people
are going to take their own lives, the best you can probably do is
prevent yourself from giving them the opportunity or an excuse to
do it."
1041,talk.politics.guns,talk.politics.mideast,"	While dedicating the Holocaust Memorial Museum, President 
Clinton remarked:

	``The evil represented in this museum is incontestable, 
but as we are its witness, so must we remain its adversary in the 
world in which we live, so we must stop the fabricators of history 
and the bullies as well.""

	Clinton made this comment shortly after giving Janet Reno 
the go-ahead to hastily construct a gas chamber and crematorium
in Waco... on the fiftieth anniversary of the Warsaw uprising.

	Say, wasn't Monday also the anniversary of Paul Revere's ride?
Is that a clue?"
1043,talk.politics.misc,talk.politics.guns,"





Sigh.  You're absolutely right.  We have no political power whatsoever. 
Therefore, we should be oppressed and ignored and denigrated, right?  I
certainly hope you don't have an SO, sir, because if she heard how
disparaging you are towards political minorities, and if she had any shred
of self-respect, she'd be out the door.



Don't count on it, sweetheart.

   ^^^^^^^^^^^^^^^^^^^^^^^^^^^^^^^

Certainly not.  Most major universities wouldn't touch views that display
the brainpower and the perspective of a mayfly with a ten-foot pole.

Drewcifer

P.S.  Incidentally, I think even mayflies could come up with more
enlightenment than the above bullshit.  Evolve a bit, will you?"
1046,talk.politics.misc,talk.politics.guns,"
We have three options with respect to the Constitution:

1. Abide by it.
2. Duly amend it.
3. Abandon those parts of which a majority disapproves.

Of course, since the whole point of the Constitution is to restrain the
will of the majority, and since even in unfettered democracy we have 
nothing to fear from minorities, #3 amounts to abandoning the 
Constitution altogether.

Which will it be?

---
Mark Pundurs"
1047,talk.politics.misc,talk.politics.guns,"The Waco/Whacko Bar-B-Q caused me to remember an official explanation
from the Vietnam War.  The 90s, liberal version is:

    ""It was necessary to incinerate the children in order to save them."""
