source_index,true,predicted,text
841,talk.politics.misc,talk.politics.guns,"

    You're being too generous to the communists, I think.  In practice,
communism has ""solved"" the problem by killing off anybody who is _too_
productive, and who therefore raises embarrassing questions about why the
rest of the group is a bunch of sluggards.  The mass butchery of ""kulaks""
in the USSR is a good instance of this.
    A poor second best is to have a neighboring capitalist country to which
people of politically incorrect skill and ambition flee.  I often wonder
just what Castro would have done if the Cubans presently in Miami would
have been forced to remain in Cuba.  Would they have revolted and killed
him off, or been killed?
    Best of all is to build a wall locking the citizens of your country in,
load it up so heavily with attack dogs, barbed wire, and land mines that
most people fleeing over it die, and then give everyone the choice of
obedience, prison, or flight.  This would be a bad science-fiction novel,
if the East Germans hadn't actually done it.  The last person to die
crossing the wall, as I recall, was an unarmed woman who was shot in the
back.  Erich Honecker was going to go on trial for that, but he fled to
socialists in Chile.
    It's good to be kind to one's intellectual opponents, but sometimes
it's a sheer waste of time."
670,talk.politics.mideast,talk.politics.misc,"
...

    Sounds just like a racial theory that Hitler outlined in Mein Kampf.



-- 
------------------------------------------------------------------------------------------
Disclaimer: Opinions expressed are mine, not my employer's."
1490,talk.politics.misc,talk.politics.guns,"Are you assuming that families in the inner city don't have family values ?
I sure hope not.


"
1304,talk.politics.misc,talk.politics.mideast,"
Since you asked, Article I Section 1.  Article I Section 8.  Article I 
Section 10.  Article II Section 2.  Article VI.  Sixteenth Amendment.

With this as a guide, try reading it yourself.

jsh
"
446,talk.politics.misc,talk.politics.guns,"

I recommend the book ""Adams _v_ Texas"", the story of a man (Adams) who
was sentenced to death for a crime he didn't commit.  Most of the book
is the story of the long appeals process, and the problems and delays
caused by not being able to introduce new evidence in certain courts.
"
153,talk.politics.guns,talk.politics.mideast,"
        Well, if we're going to discuss being a police officer in
America today.       

        The FBI lists 132 police officers killed (feloniously and
accidentally) in 1990.  That's apparently everybody at all levels.

Year        Officers killed       Rate/100,000 police officers
1982             164*                  47.6
1983             152**                 40.2
1984             147                   39.4
1985             148***                37.9
1986             133                   34.9
1987             148                   39.0
1988             155****               41.9
1989             145*****              38.1
1990             132                   32.0


* Includes one officer in Mariana Islands
** Includes one officer each in Guam and Mariana Islands
*** Includes one officer in Guam and two in foreign locations
**** Includes one officer in American Samoas and two in foreign countries
***** Includes one officer in Guam and one Federal officer killed in
Peru


       God, I love the information age!  :-) 
"
768,talk.politics.guns,talk.politics.mideast,"
Did you forget to put in a sarcasm flag?"
548,talk.politics.mideast,talk.politics.misc,"


So why don't ypu sue him.

----"
474,talk.politics.guns,talk.politics.mideast,"

I believe we still remember Masada, where Jews killed themselves rather
than being captured by the Romans.  While I do not agree with the
Davidians, I must admire their willingness to die for what they 
believed, which Jews have had to do often."
574,talk.politics.mideast,talk.politics.misc,"----------------------------Original message----------------------------
                                                                    D""SB

Mincha, Tish(a Yamim La(Omer, Yom Chamishi, Y""D b'Nisan ThShN""G;
Universita Varsha b'Varsha, Galut HaMara Meod.

SHALOM ALL!
Those of You visiting The Ghetto City these days might be
interested in the following events timetable  (abridged):
19:00, Fri., 16th April, '93: Kabbalat Shabbat service at the Nozyk Shul
                                (6 Twarda Street, Warsaw -- a 10 mins'
                                walk from the Palace of Science &
                                Culture: the tallest building in the
                                city's centre, & the same distance from
                                the Central Railway Station).
09:30, Sat., 17th April,  "" : Shacharit L'Shabbat service, Nozyk Shul.
11:30, Sun., 18th April,  "" : The Fallen Ones Memorial service, Nozyk Shul.
13:00, Sun., 18th April,  "" : Memorial Ceremony at the Jewish Cemetery
                                (Okopowa Street, Warsaw).
18:00, Sun., 18th April,  "" : Official Arts Programme at the Congress Hall
                                (a building adjacent to the Palace of
                                Science & Culture, which -- like the Shul
                                -- is located a quarter's walk from most of
                                downtown hotels: Bristol, Forum, Victoria,
                                Europejski, Holiday Inn, Marriott).
12:00, Mon., 19th April,  "" : Laying of Wreaths at the Ghetto Heros
                                Monument."
981,talk.politics.misc,talk.politics.guns,"tes:
.
s.

Or mug me.

Why must you pursue this fantasy that all crime is derived from ""underground 
economies"".

 ^^^^^^^^^^^^^^^^^^^^^^^^^^^^^^^^^^^^^^^^^^
Haaahaaaahaaaa


Yeah buddy, this happens all the time.  Tell me, HAS IT EVERY REALLY HAPPENED 
TO YOU?   That's what I thought.


Your foolish.

          ^^^^^^^^^^^^^^^^^^^^^^^^^^^^^^^^^^^^^^^
Must I ask again, what part?


All I ask is that drugs stay illegal.  I don't think it's too much to ask.
"
507,talk.politics.misc,talk.politics.guns,"

Well yes and no. The Federalist papers are propaganda and it is therefore
difficult to determine precisely what Maddison etc were up to from them. They
certainly emphasised a limited role for the federal government but this
was not necessarily their true position.


The Senate was less powerful than the House of Lords in the period in question.
The stripping of the powers of the House of Lords did not occur until 1914
and David Llloyd George's budget. Even despite this the House of Lords has
considerable power even today and is far from a rubber stamping body. 



The system is meant to be slow to react, the problem is that it ended up
a bit too slow.



The Presiden't veto was meant to be entirely separate. Until Bush abused it
in a quite extraordinary manner it was used more in accord with the intent
of being a check on unreasonable legislation. The veto was clearly regarded 
as a completely last gasp measure its use was meant to be restricted to
preventing the legislature interfering with the actions of the executive."
381,talk.politics.mideast,talk.politics.misc,"

I know nothing about statistics, but what significance does the
relatively small population growth rate have where the sampling period
is so small (at the end of 1371)? Is it adequete to suggest a trend or
is it just noise?
"
1378,talk.politics.misc,talk.politics.guns,"
Last I checked I was one person, I haven't even been elected
as a representative for ""gaydom"". Should I ascribe every thing
you say as representing every member of the straight community?


Thats the point. If there are several million queers in DC you had better
start wondering about the validity of the study.
"
1228,talk.politics.mideast,talk.politics.guns,"From article <1993Apr15.031349.21824@src.honeywell.com>, by amehdi@src.honeywell.com (Hossien Amehdi):

Tell me then, would you also fight the Syrians in Lebanon?

Oh, no of course not. They would be your brothers and you would
tell that you invited them. "
360,talk.politics.mideast,talk.politics.misc,"

And anyone who doesn't agree with you is, by your own definitions, a
""useless fart"".  Just like any text that disputes your own ""findings""
is always described as ""flawed"" or ""biased"".  In other words, you
trumpet the things you like and dismiss those that might embarass you.
We've seen you play these games here for a long time.

One thing is for sure: When it comes to ""useless farts"", you sure know 
what you're talking about.
"
995,talk.politics.misc,talk.politics.guns,"
Who compared Quayle to Gore?  Mark said he had never heard of any incident
in which the thrower of the ceremonial ball had been booed before.  I mentioned
another incident.  (And if the media had a liberal bias, I'm sure he would
have heard of the Quayle incident.)

If I was to compare Quayle to anyone, it most likely would be Elmer Fudd.

"
313,talk.politics.guns,talk.politics.misc,"Oh Christ, here we go again. I'm actually going to assume that
this was a serious posting, fool that I am.

 
And I suppose I should just take your word for it. Did you ever
think that many people who use firearms to protect themselves
might not admit to it because of the ridiculous laws which exist
forbidding concealed carry?

 
I already own a cool jacket. I ride a bicycle to work and park
it behind my desk. And if my woman decides to go with someone
else, I'd be disappointed but killing her new suitor will probably
not endear her to me any more than before. Frankly, I've never
met a woman worth killing for anyway. (Now, an AR-15 with a chrome
barrel, THAT's worth killing for ...!-))

 
Does this pinhead know something the rest of us don't?
I'm not too worried about federal martials coming to get my guns.
The government can't seem to keep violent criminals in jail since
they don't have enough prison space, and the legal system is over-
burdened anyway. Where are they going to put all the millions of
gun-owners who won't fork over their weapons? Maybe you'd like to
volunteer the services of your humble abode, since you obviously
feel sooooo strongly about this.

 
Your argument has been rendered useless. Accept this. Find another
newsgroup.

------------------------------------------------------------
Lee Gaucher   NRA                |  My opinions.
gaucher@sam.cchem.berkeley.edu   |  No one else's."
1069,talk.politics.mideast,talk.politics.misc,"Mr. Freeman:

Please find something more constructive to do with your time rather
than engaging in fantasy..... Not that I have a particular affinty
to Arafat or anything.

John

"
599,talk.politics.guns,talk.politics.misc,"If one reasons that the United States of America at one time represented 
and protected freedom << individual liberty and personal responsibility >> 
(and I do, in fact, think that this is true) and that totalitarianism << 
absolute government control and tyranny >> represents freedom's opposite 
(which it does), did the USA really win the cold war?

Standard disclaimers ALWAYS apply!

----------------
Graham K. Glover
----------------"
1463,talk.politics.guns,talk.politics.misc,"
Do you have any statistical evidence to back you claim that requires another
limitation of the citizenry freedom?
-- 

-----------------------------------------------------------------------------
Steve Podleski			|     phone: 216-433-4000
NASA Lewis Research Center     	|    
Cleveland, Ohio  44135         	|     email: pspod@hooch.lerc.nasa.gov "
72,talk.politics.mideast,talk.politics.misc,"
[JLE] Q: How many occupying israeli soldiers (terrorists) does it
[JLE] take to kill a 5 year old native child?
[JLE] A: Four
[JLE] Two fasten his arms, one shoots in the face,
[JLE] and one writes up a false report.

A couple of months ago JLE wrote a terrible C program (it would never have 
passed compilation). This is one describes JLE the Great.

---- 8< Cut Here and save to jle.c ----------- >8 ----------

#include <stdio.h>
#include <signal.h>

#define	LOSER		0x01
#define	CHILDISH	0x01
#define	UNHUMORISTIC	0x01
#define VULGAR		0x01
#define MOSSAD_AGENT	0x01

#define J_L_E		LOSER | CHILDISH | UNHUMORISTIC | VULGAR | MOSSAD_AGENT

static void
abort()
{
	printf(""Even if she wanted, JLE's mother couldn't abort this program"");
	printf(""\n\n\n\n"");
}

void
main()
{
	signal(SIGINT,abort);
	printf(""This program does not help Jewish-Arab relations  :-( \n"");

	printf(""Hit ^C to abort \n"");

/* Infinite loop, JLE never comes out of his world 	*/

	while(J_L_E);
}

---- 8< Cut Here ----------- >8 ----------


To compile this ""wonderfool"" program on a unix machine try.
cc -o jle jle.c
or 
make jle

then type jle at your prompt.

I tried it, it works great ...


Tsiel"
894,talk.politics.misc,talk.politics.guns,"
The tax protesters are legally correct, but they are put in jail anyway.

The weakness of the governments legal position is shown by the fact that when
someone protesting tax or gun laws on legal grounds gets a federal jury trial
(very rare) the feds blatantly stack the jury, with the same old faces turning
up time after time.

However Teel should have mentioned that though his advice is legally sound, if
you follow it you will probably wind up in jail.
"
1403,talk.politics.guns,talk.politics.misc,"
Proper counter to this claim:  ""Forensic analysis of the WTC bomb by
means of taggants would have been as impossible as semantic analysis
of NYT editorials by means of taggants -- the difficulty in both cases
being to have persuaded the bull to consume the taggants before 
production of either item.""
-- "
1503,talk.politics.misc,talk.politics.guns,"
Do they have a history of working in massage parlors, and telling
co-workers there that they are prostitutes?  Do they frequent truck
stop parking lots at 4:00 AM, without ID on any sort?
"
475,talk.politics.misc,talk.politics.guns,"William December Starr writes...

in a typical lawyer baiting fashion, as usual. 

(All the while ignoring every principle of the ACLU.)

Good to see your still out there WDS. Surely we've
been around the ring enough by now, that you know 
you can't spin me up with expletives. 

Let's see if there's anything left worth responding to...


E for effort. Heard about the folks who live around foghorns and 
airports?


Seems right in character to me -- creature of the state. 
Btw, are you still happy with your presidents?


See the part about the children following the ""and"" in the first line
above. 

As to a connection, your ""cult"" is ""faith in rules"". 


Sure. My concern is the well being of the children.  


{Interesting that you would respond ""emotionally"" in defense of the 
government. Maybe there is a beating heart there.}

For the record though, the biggest-baddest goverment on earth claims 
the most sovereignty over man. Best I can tell God allows anyone to
go to hell who wants to. Omnipotency logically determines that ""allowing""
and ""sending"" mean the same thing.  (Mere human concepts of course.)

So come on WDS. Why bother to try some flimsy facade of logic. Waco
proves it's not needed -- the demonstration that government can walk
over it's own rules in the name of justice has been made. No problem 
by me. Noted and announced -- for the record. Just giving the govern-
ment it's due, and getting back to more worthwhile non-government 
concerns. "
915,talk.politics.guns,talk.politics.misc,"
They'd probably quote Montesque (sp?) who was once asked if Russia
was likely to become a democracy any time soon: ""No, because
Russia is a nation of slaves and the people get what they deserve.""
Since he said that, Russia has changed a great deal. But so, 
unfortunately have other nations."
1182,talk.politics.mideast,talk.politics.guns,"

I'm sure the Federal Bureau of Investigation (fbi.gov on the Internet) is going
to *love* reading your incitement to murder.
"
657,talk.politics.mideast,talk.politics.misc,"
Gannon, why don't you tell the readers of these newsgroups
how you hail Nazism on your BBS, and post long articles
claiming non-Whites are inferior?

# THE U.S. HOLOCAUST MEMORIAL MUSEUM: A COSTLY AND DANGEROUS MISTAKE

The Museum is entirely funded by private donations, but don't
expect this fact to deter ""Maynard"".

BTW, Gannon's ideological fathers also had a passion for constructing
museums and collections, some of which served to educate the
public about the racial supremacy of the Aryans. One such
collection was that of skeletons, and there was no lack of these
around:

Letter from SS-Standartenfuehrer Sievers to SS-Obersturmbannfuehrer
Dr. Brandt, November 2 1942
[""Trial of the Major War Criminals"", p. 520]
-------------------------------------------------------------------
Dear Comarade Brandt,

As you know, the Reichsfuehrer-SS has directed that
SS-Hauptsturmfuehrer Prof. Dr. Hirt be supplied with everything
needed for his research work. For certain anthropological
researches - I already reported to the Reichsfuehrer-SS on
them - 150 skeletons of prisoners, or rather Jews, are
required, which are to be supplied by the KL Auschwitz.


However, the good Doctor needed some more items to complete his
research:

Testimony of Magnus Wochner, SS guard at the Natzweiler Concentration
Camp
[""The Natzweiler Trial"", Edited by Anthony M. Webb, p. 89]
--------------------------------------------------------------------
... I recall particularly one mass execution when about 90 prisoners
(60 men and 30 women), all Jews, were killed by gassing. This took
place, as far as I can remember, in spring 1944. In this case the
corpses were sent to Professor Hirt of the department of Anatomy in
Strasbourg.
"
648,talk.politics.misc,talk.politics.guns,"SECRET PURPOSE OF FALKLANDS WAR;  [with IN-VISIBILITY Technology]

Dr. Beter AUDIO LETTER #74 of 80

Digitized by Jon Volkoff, mail address eidetics@cerf.net

""AUDIO LETTER(R)"" is a registered trademark of Audio Books,
Inc., a Texas corporation, which originally produced this tape
recording.  Reproduced under open license granted by Audio
Books, Inc.

-----------------------------------------------------------------

This is the Dr. Beter AUDIO LETTER(R), 1629 K St. NW, Washington,
DC  20006.

   Hello, my friends, this is Dr. Beter.  Today is April 30,
1982, and this is my AUDIO LETTER(R) No. 74.

  It's now been almost one month since war broke out in the South
Atlantic.  On the surface it seems that it's only a dispute
between Argentina and Great Britain over the barren, wind-swept
Falkland Islands and South Georgia Island.  In reality, it's far
more than that.

   The so-called Falklands crisis is just the visible tip of a
giant military operation.  During this month of April 1982,
fierce naval battles have taken place--not only in the South
Atlantic but also in the South Pacific.  Up to now most of the
hostilities have been kept under wraps by wartime censorship on
all sides.  But as I say these words, the naval war in the
Southern Hemisphere is about to come to the surface.

   Beginning today, April 30, a total naval and air blockade of
the Falklands by the Royal Navy has begun.  At the same time a
counterblockade has been declared by Argentina in the same area.

   To be effective, a blockade must be imposed over a period of
time, but the Royal Navy does not have that much time.  Winter is
coming on in the South Atlantic, and the British supply lines are
overextended.  Having come this far, Her Majesty's navy cannot
simply drop the blockade and sail away in a few weeks time
without drawing blood from Argentina.  As a result the British
will be forced to undertake military operations very soon no
matter how risky they may be.

   There is also another reason why the Royal Navy now has no
choice but to engage the Argentine forces in combat.  That
reason, my friends, is that the Royal Navy has already suffered
losses in secret combat this month.  Up to this moment there will
be no way to explain away the damage which has been sustained by
the British fleet.  Only when publicly admitted fighting erupts
will the British dare to admit that they have suffered battle
losses.  To obtain that cover story, the British have no choice
but to sail into combat; but in doing so, they will be risking
even heavier losses on top of those already sustained.  In short,
my friends, Her Majesty's navy has sailed into a trap.

   The events now unfolding in the South Atlantic carry strange,
ironic echoes of the past.  For weeks now we've been hearing
countless commentators referring to the British task force as an
""armada"" (quote).  The British of all people ought to be very
uneasy with that description.  The original Spanish Armada 400
years ago was renowned as a seemingly invincible fighting force,
but it came to grief in a naval disaster so complete that it
changed the course of history--and it was none other than the
English navy that destroyed the Spanish Armada.

   The original Spanish Armada put to sea in 1588 during the
reign of England's Queen Elizabeth I.  The Armada was an invasion
fleet carrying thousands of crack fighting men to invade England. 
They were met by the daring sea dogs of Sir Francis Drake.  Drake
and his small, fast ships turned the tables on the Spanish Armada
by changing the rules of battle.  The English fleet was equipped
with new longer-range guns, and it stayed upwind and out of
reach.  From there the English pounded, smashed, and shattered
the big ships of the mighty Armada.  When it was all over, barely
half the Spanish fleet was left to limp back to port.  Drake's
defeat of the Spanish Armada was a shock to the world.  It opened
the door for England under Queen Elizabeth I to start its
expansion into a truly global empire.

   Today, 400 years later, history seems to have come full
circle.  Queen Elizabeth II is witnessing the dismantling of the
world empire whose heyday began under Queen Elizabeth I, and now
the cultures of England and of Spain are once again in
confrontation.  Once again a so-called armada is preparing for
invasion, but this time the armada is British, not Spanish.  Four
hundred years ago Sir Francis Drake was the hero of the day;
today, the ghost of Francis Drake is once again on the scene.

   The South Atlantic war zone is at the eastern end of the Drake
Passage around the southern tip of South America.  The defeat of
the Spanish Armada four centuries ago broke the back of Spain's
naval supremacy, and now the defeat of the new British armada may
well break the back of what remains of the once glorious Royal
Navy.

   My three special topics for this AUDIO LETTER are:

Topic #1--THE MILITARY SECRET OF SOUTH GEORGIA ISLAND
Topic #2--THE SECRET NAVAL WAR OF THE SOUTHERN HEMISPHERE
Topic #3--THE ROCKEFELLER FEAR CAMPAIGN AGAINST NUCLEAR WAR.

Topic #1--When the Falkland Islands crisis began early this month
it looked at first like a tempest in a teapot.  For a century and
a half since 1833, the Islands have been controlled by Great
Britain.  During that entire time, British sovereignty over the
Falklands has been disputed by Argentina.  There have been
countless threats by Argentina to seize the Islands, which it
calls the Malvinas, but the threats have always come to nothing
in the past and Britain has never even gotten very worried about
them.

   The Islands are four times as distant from Argentina as Cuba
is from the United States, and they are not much of a prize. 
After 150 years of occupancy, the Falklands are home to fewer
than 2,000 British settlers and a lot of sheep.  In short, the
remote Falkland Islands hardly look like something to fight over,
and yet here we are watching another crisis take place.  We are
watching as war erupts between Great Britain and Argentina.

   The Thatcher government is acting as if it has forgotten all
about its usual preoccupation with the Soviet threat at NATO's
doorstep.  Instead, Britain is throwing almost everything it's
got at Argentina---aircraft carriers, cruisers, destroyers,
submarines, assault ships--you name it.  Luxury cruise ships have
even been commissioned and turned into troop carriers overnight. 
Wave after wave of additional assault troops have been activated
and sent to join the fleet even after it sailed.  Ships and
submarines have been pulled off station from normal NATO duty and
sent to reinforce the task force.  The initial 40-ship force has
grown steadily over the past several weeks into an armada
numbering over 70.  Over two-thirds of the entire Royal Navy has
already been deployed to the South Atlantic off Argentina.

   Watching all this, a lot of people are asking: What's this
fight really all about?  The most popular answer suggested in the
major media is ""oil.""  Vast deposits of oil are known to exist
under the continental shelf between Argentina and the Falklands,
but that has been known for nearly 10 years.  In no way does it
explain the timing of the sudden military offensive by Argentina
this month, and oil explains even less about the Argentine
seizure of South Georgia Island.

   South Georgia Island is 800 miles east of the Falklands with
no known oil deposits anywhere near it; and compared to South
Georgia, the Falklands are an island paradise.  South Georgia
Island is covered with rugged mountains, treacherous valleys,
glaciers, and semi-permanent snow.  Most of it is uninhabitable. 
On top of all that, Argentina has absolutely no legal or
historical claim to South Georgia Island.  In that respect it
stands in sharp contrast to the Falklands.

   In the early 1830s the Falklands were occupied for a while by
Argentine colonists.  In 1833 the British expelled them and took
over the Island.  For that and other historical reasons,
Argentina argues that the Falklands really belong to Argentina,
not Britain.

   But no such argument is possible for South Georgia Island.  It
has always been controlled by Britain, never by Argentina or
Spain.  The Argentine seizure of South Georgia Island looks even
more unreasonable from a military point of view.  Argentina's
leaders are military men and they think in military terms.  They
were well aware ahead of time that far-off South Georgia Island
could not possibly be held for long.  By seizing it they were
setting themselves up to absorb a military defeat, as the Island
was retaken by Britain.  So the question is: Why did Argentina's
military junta bother with the seemingly worthless South Georgia
Island at all?

   My friends, the answers to all these questions are military,
not political or economic.  South Georgia Island possesses an
enormous military secret.  It's a giant underground installation
buried under the mountains at the northwest end of the Island. 
The real reason for the so-called Falkland crisis is this secret
installation, together with two other similar installations which
I will describe shortly.

   The secret military complexes have been in existence for many
years; they are not new.  What is new is the accelerated nuclear
war timetable of the American Bolshevik war planners here in
Washington.  For the past two months I've been reporting the
details of this new war plan to you as quickly as I can obtain
and verify them.

   The plan calls for NUCLEAR WAR ONE to erupt by September of
this year 1982!!  It is this fast-approaching nuclear war threat
that caused the so-called Falklands crisis to erupt now.

   What is going on now is a coordinated effort to spoil part of
the Bolshevik grand strategy for the coming nuclear war.  The
mutual enemies of the American Bolsheviks here--namely, the
Rockefeller cartel--and Russia's new rulers in the Kremlin are
behind the present crisis.  They are trying to ruin Phase #3 of
the ""PROJECT Z"" war plan which I revealed last month.  That phase
is to be world domination by the American Bolsheviks after both
Russia and the United States have been destroyed in NUCLEAR WAR
ONE.  As I mentioned last month, the key to this plan is the
existence of secret weapons stockpiles in various places around
the world.

   The American Bolshevik military planners here in America are
working with other Bolshevik agents in key military positions of
other countries to set off war.  Having done that, they intend to
ride out the nuclear holocaust they have caused, safe and cozy in
Government war bunkers!  When the warring nations finally lie
smoldering and exhausted, the Bolsheviks will leave the shattered
remains of their host countries.  They will rendezvous at the
secret weapons installations and bring their weapons into the
open.  They will confront the world with the only remaining
fresh, up-to-date, powerful military force on earth; and using
that military power, they will become the undisputed rulers of
the world--that is, they plan to do all this, and they plan to
pave the way for world domination very soon by setting off
NUCLEAR WAR ONE in a matter of months.  The Rockefeller cartel
and Russia's new anti-Bolshevik rulers are working together in a
race against time to try to head off the Bolshevik war plan.

   Last month I mentioned that the Bolsheviks here are
benefitting from war preparations which were started by the
Rockefellers long ago.  It has only been about three years since
the Rockefellers were dislodged as the prime movers of the United
States Government by the Bolsheviks.  Since that time the United
States Government has been a house divided, torn by internal
power struggles between rival Bolshevik and Rockefeller factions. 
But before that, the United States had been dominated for decades
both economically and politically by the Four Rockefeller
Brothers.

   In 1961 the Brothers launched a new long-range plan for world
domination.  It was a two-prong strategy, half visible and half
secret, which I first described long ago in AUDIO LETTER No. 28. 
It was a plan for the United States to arm to the teeth in secret
while appearing to disarm gradually.  Without repeating all the
details, the basic idea was grandiose yet simple.  By
deliberately appearing weak, the Rockefeller-controlled United
States would maneuver itself into a nuclear war with Russia. 
Then the secret weapons, including superweapons, would be
unleashed to smash Russia and take over the world.

   When they set the grand plan in motion in 1961, the
Rockefeller Brothers were looking ahead to a nuclear war by the
late 1970s.  Their military analysts concluded very early that
the war being planned would have very different effects on the
Northern and Southern Hemispheres.  Both superpowers, the United
States and the Soviet Union, are located well up in the Northern
Hemisphere; so are the other full-fledged nuclear powers--Great
Britain, France, Red China, and India.  By contrast, the
strategic targets for nuclear war in the Southern Hemisphere are
relatively few and far between.  In other words, it was expected
that the coming nuclear war would be essentially a Northern
Hemisphere war.

   In an all-out nuclear holocaust it is known that serious
radioactive fallout will gradually spread to affect even areas
not initially hit by war.  But there are limits to how far the
war clouds can spread.  It was discovered long ago that there is
very little mixing between the air of the Northern and Southern
Hemispheres.  In the northern half of our planet, cold air from
the North Pole works its way southward towards the equator, then
it works its way back to the north as warm air.  A mirror image
of this process takes up the southern half of the planet. 
Northern and Southern Hemisphere air meet in the equatorial zone,
but very little of the air changes places.

   The military conclusion, my friends, is this: the coming
nuclear war could ruin large areas of the Northern Hemisphere for
generations to come; but if the calculations are right, the
Southern Hemisphere could escape virtually unaffected by the war. 
This was music to the ears of the Four Rockefeller Brothers.  A
quick look at the globe of the world shows why.  The Rockefeller
cartel has dominated Latin America ever since World War II.  As I
discussed in my very first monthly AUDIO LETTER, Nelson
Rockefeller solidified the cartel grip on Latin America during
the war.  He accomplished this as so-called ""Coordinator of
Hemispheric Defense"" for then-President Franklin D. Roosevelt. 
So that takes care of the South American continent and its
natural resources.

   Then there is the African continent.  There, too, Rockefeller
control was already in effect over wide areas of Black Africa,
especially south of the equator.  All this was thanks to the
efforts of John D. Rockefeller III, as I detailed in AUDIO LETTER
No. 36.

   Looking around the globe, the most important remaining land
masses from the standpoint of world domination are Australia and
New Zealand.  Thanks to World War II, both were wide open to the
Rockefellers.

   The Rockefeller Brothers decided to establish secret military
installations in the Southern Hemisphere for use after the coming
war.  By this means they expected to become the masters of the
surviving southern half of planet Earth after the Northern
Hemisphere war.  Then, as the Northern Hemisphere gradually
recovered from the nuclear holocaust, the Rockefeller empire
would be able to pick up the pieces.  In this way the third
generation Rockefeller Brothers expected their family dynasty to
inherit the Earth.

   In order to control the Southern Hemisphere militarily after
the war, some means would have to be available to project
military power onto any land mass.  For example, revolts against
Rockefeller domination would require troops--not a blast from the
beam weapons on the Moon.  The most critical factor for postwar
military domination of the world was found to be a navy.  A
minimum of two secret naval fleets would be required--one based
in the South Atlantic, the other in the South Pacific.  Since the
reserve naval fleets were to be kept secret until after the
Northern Hemisphere nuclear war, they could not be built in
existing shipyards.  New construction facilities had to be built
and they had to be hidden.  To hide an entire shipyard is no
small task; they take up a lot of space.  On top of that, it was
essential that the ships remain hidden after they were built. 
The best way to achieve that was to combine the shipyard and
naval base into one over-all secret installation.  Finally, the
secret naval installation had to be invulnerable to nuclear
attack; otherwise if its existence were ever discovered
prematurely, the secret navy might be wiped out.

   The combined requirements for secrecy, space, and protection
against attack were formidable; but one day in 1959, while all
these plans were still in the early stages of development, the
answer presented itself.  During a so-called banking trip to
Sweden, David Rockefeller was given a tour of a unique hidden
naval port.  The port is hollowed out from solid granite cliffs
which come right down to the water.  The entrance to the port is
a gigantic hole in the side of the cliff which can be sealed off
with enormous steel doors.  Inside this big doorway on the water
a huge cavity has been hollowed out to accommodate ships.

   The Rockefeller Brothers and their military adviser decided
that a bigger, more secret, better protected version of the
Swedish hidden port was just what they wanted.  A survey of
candidate sites was then initiated.  The site survey covered
coastal areas throughout the Southern Hemisphere.  Many areas
were rejected very quickly because the topography was wrong. 
Other areas were rejected because they were too close to the
equator.  Still others had to be ruled out because there were too
many people living nearby, making the desired level of secrecy
impossible.  Finally, it was essential that the sites chosen for
the secret naval installations be totally secure politically.

   At last the sites for the secret naval installations were
selected.  In the South Pacific, extreme southern New Zealand was
selected.  This is what I was alluding to in AUDIO LETTER No. 71
three months ago when I called attention to New Zealand's extreme
importance in the coming war.

   In order to obtain the necessary space, the secret New Zealand
naval installation had to be divided up into two sites located
close together.  One is at the extreme southwest tip of South
Island where the mountain range known as the Southern Alps comes
down virtually to the water's edge.  The other part of the
installation is built into the northwest tip of Stewart Island,
which is off the tip of South Island.  The Stewart Island
facility is hollowed out within a rise known as Mt. Anglem.

   The New Zealand location met all the requirements.  Ever since
World War II the government of New Zealand has been tied even
closer to the United States than to Great Britain.  The location
is far from the equator, and the installations are buried deep
under mountains, protected from nuclear attack.  They are also
too deep to be reached by particle-beam attacks, and the New
Zealand site is well situated to command the entire South
Pacific.

   In the South Atlantic an even more perfect site was found. 
That site, my friends, is South Georgia Island.  It is located
perfectly for naval domination of the entire South Atlantic.  The
tall, rugged mountains provided a perfect location for the secret
installation at the northwest tip of the 100-mile long island. 
It is controlled by Great Britain whose government, like that of
New Zealand, was willing to cooperate; and South Georgia Island
was virtually uninhabited except for a whaling station on the
northeast coast.  The whaling station was some 50 miles away from
the secret new installation which was being built, but Britain
took no chances.  In 1965 the whaling station was closed down. 
Since that time there have been no inhabitants on South Georgia
Island except for a few dozen alleged Antarctic scientists.

   Construction of the secret naval facilities--two in New
Zealand, one on South Georgia Island--began in the early 1960's. 
The techniques were adapted from those used previously to build
other large underground facilities, such as the NORAD
installation inside Cheyenne Mountain, Colorado; however these
techniques were adapted in radically new ways to achieve
construction access directly from the sea instead of overland. 
In this way, the sheltering mountain was left undisturbed in
appearance both during and after construction.

   The cuts in the mountain side which were necessary to let
ships in and out were kept as small as possible and were well
camouflaged.  Like the Swedish hidden naval port arrangement, the
entrances to the secret installations can be sealed up.  When
sealed, the entrance is virtually impossible to detect unless you
know exactly where it is; and unlike most large construction
projects, there are no tailings or piles of leftover rock lying
around to attract attention.  The man-made caverns which house
the secret naval installations are enormous, but all the rock and
debris was disposed of at sea.

   Once the secret naval facilities were built, they had to be
outfitted for ship construction and docksite storage.  The fake
disarmament of the United States during the 1960s contributed
greatly to this task.  From 1961 to 1968 one man played a pivotal
role in this elaborate Rockefeller scheme.  He was then-Secretary
of Defense Robert McNamara.  All through the 60's McNamara
presided over the public paring back of America's visible
military power.  This included the closing down and dismantling
of entire shipyards.  What we were not told was where all that
shipyard equipment went afterwards.  Where it went, my friends,
was to the new secret installations which were being outfitted in
New Zealand and South Georgia Island!

   The secret naval installations have been used as duplication
facilities to reproduce certain ships and submarines designed and
built here in the United States.  As Defense Secretary Caspar
Weinberger told Congress recently, it is cheaper to build two
ships at a time.  That is especially true if the second ship is
an exact duplicate of the first.  This has become even more true
in recent years through the use of computerized manufacturing
techniques.

   The secret naval fleets which have been built at the secret
installations are made up of duplicates--exact duplicates of
certain other ships and submarines.  They are all nuclear
powered--nuclear ""subs""; nuclear cruisers; nuclear destroyers;
and yes, nuclear aircraft carriers, three of them.  A secret twin
was built for the U.S.S. Nimitz, for the U.S.S. Eisenhower, and
for the newly-launched U.S.S. Carl Vincent.  All have been
financed through the gigantic cost overruns, so called, that we
constantly hear about in the Defense Department; and all three
carriers have been provided with a full complement of aircraft
whose manufacture was financed the same way!

   The ships of the secret American Bolshevik naval fleets are
all duplicates of other nuclear-powered vessels.  Even so, the
secret naval ships possess one key difference.

   Last month I revealed that the so-called ""Stealth Program"" has
succeeded in developing a kind of electromagnetic invisibility
shield.  This technique makes an object invisible from a distance
by distorting light waves in its vicinity.

   A whole new fleet of Phantom war-planes are now going into
crash production that use this principle; and, my friends, all of
the secret American Bolshevik navy ships have already been
outfitted with similar Stealth-field equipment!  The Stealth
principle is actually easier to apply to ships than to airplanes
because there is more room for the powerful equipment that
generates the field.

   After NUCLEAR WAR ONE, the secret Stealth navy of the American
Bolsheviks would be light years ahead of any other navy left on
earth.  It would be perfect for the intended role of world
domination.  The Rockefellers set it all in motion long ago, my
friends, but three years ago they lost control of the United
States Military.  Now it's the American Bolsheviks who are in
control, and they are bent on war.

   These secret naval installations have precipitated what is
being called the ""Falklands crisis.""

Topic #2--In AUDIO LETTER(R) No. 73 last month I described
""PROJECT Z"", the new Bolshevik three-phase strategy for NUCLEAR
WAR ONE.

   An elite group of American Bolshevik military planners here
are flushing out the plan right now at a secret war-room here in
Washington.  It's a plan by which the United States will strike
the first nuclear blow, followed by all-out thermonuclear war
with Russia.

   Having set off the holocaust, the Bolsheviks here and in
certain other countries plan to rise it out safe in comfortable
war bunkers.  Finally after NUCLEAR WAR ONE fizzles out in
stalemate, they plan to leave behind the ashes of the United
States and her allies.  Activating Phase #3 of their grand
strategy, they plan to unveil their secret weapons, especially
their secret naval fleets.  With these they plan to conquer and
rule what is left of the world.  The United States as we know it
will be dead and gone; but in the eyes of the Bolsheviks
themselves, this outcome will constitute victory.

   Up to now the nuclear war timetable which I first revealed two
months ago is still on track.  They are still shooting for
nuclear war to begin by September of this year 1982!  Time is
fast running out.

   The Bolsheviks here are sprinting as fast as they can toward
war; but, my friends, the Bolsheviks are not the only runners in
this race.  They have two deadly enemies, both of whom are
equally determined to trip up the Bolsheviks.  One enemy of the
Bolsheviks here is the Rockefeller cartel; the other enemy is the
new anti-Bolshevik ruling clique in Russia; and now these two
mutual enemies of the Bolsheviks are pooling their efforts in
certain ways.

   In AUDIO LETTER No. 71 three months ago I reported that a
limited, new anti-Bolshevik coalition was in the works between
the Rockefeller cartel and the Russians.  The January 26 meeting
between Haig and Gromyko in Geneva, Switzerland, was a turning
point in the formation of this coalition.  It is now a reality,
and is responsible for the so-called ""Falkland crisis"" now
dominating the headlines.  It should be emphasized that this new
relationship between the Rockefeller cartel and Russia falls far
short of a true alliance.  They have very major disputes to be
settled between them, but for the time being they have called a
truce between themselves to deal with their mutual deadly
enemy--the Bolsheviks here in America.

   The first priority of the Russians and the Rockefellers is to
slow down the Bolshevik preparations for imminent nuclear war. 
If they can do that, time is on the side of the Rockefeller
cartel in certain political movements which I discussed last
summer in AUDIO LETTER No. 67.  A slow-down in the nuclear war
timetable will also give more breathing space for additional
anti-Bolshevik actions to be implemented.

   The joint Rockefeller-Russian planners decided by mid-February
that military action against the Bolsheviks was essential very
quickly.  No other type of action had any hope of taking effect
fast enough to prevent nuclear war by the end of this summer.

   The exact details of the ""PROJECT Z"" war plan are not known to
either the Rockefellers or the Russians, but the general outlines
are known to be as I described last month.

   It was decided that military action should be devised that
would undermine Phase #3 of the Bolshevik war plan--that is, the
Bolshevik-controlled secret naval installations and fleets in the
Southern Hemisphere should be attacked and crippled.  By working
together, the Rockefeller cartel and the Russians were able to
devise an attack plan which neither could have carried out alone. 
The Rockefeller group, who built and originally controlled these
bases, provided detailed Intelligence about the best way to
attack them.  The Russians with their enormous military machine
provided the muscle to actually carry out the attack.

   It was essential to devise a scheme that would enable both
secret fleets in the South Atlantic and South Pacific to be
attacked.  Survival intact of either fleet would leave the
Bolshevik war plan still workable.

   Military analysts concluded very quickly that a direct assault
on the New Zealand facilities was out of the question.  There was
no combination of commandos, frogmen, or other military force
which could possibly keep an attack secret from the outside
world.  Any attack on the New Zealand bases would set off the
very war which the Rockefellers and Russians want to prevent.

   But the situation in the South Atlantic was a different
matter.  In a way, the greatest asset of South Georgia Island was
also its Achilles' heel.  The extreme isolation which protected
the secrecy of the South Georgia base also made a covert military
assault feasible.  The key lay with Argentina and her
long-standing claims to the Falkland Islands.

   As I mentioned in Topic #1, the Rockefeller cartel has
dominated all of Latin America for decades.  Cartel operatives
were sent to Argentina to work out a deal with the government
military junta there.  The historic dispute over the Falkland
Islands was to be used to provide a ruse, a military cover, to
enable the South Georgia base to be attacked.  The Argentine
generals were not told everything about the situation by any
means, but they were told enough to make clear what they were to
do.

   As an inducement to cooperate, the Argentine leaders were
promised handsome rewards.  They were guaranteed that after the
shooting was over, the Falkland Islands would remain in Argentine
hands.  This guarantee included the promise of covert military
assistance as needed against the Royal Navy.  And to bolster the
troubled Argentine economy, it was promised that the Rockefeller
cartel will help develop the immense offshore oil reserves.  With
these combined promises of military glory and financial rewards,
the Argentine military junta agreed to the plan.

   On March 19 Argentina carried out Act #1 in the joint attack
plan.  A group of Argentine scrap-metal merchants, of all things,
landed at the abandoned old whaling station on South Georgia
Island.  Supposedly they were there to dismantle the old
buildings and cart them off to sell.  While they were at it they
also raised the Argentine flag over the work-site.  The British,
always nervous about South Georgia Island, promptly reacted as
expected.  The British Antarctic survey ship ""Endurance"" put 22
Marines ashore.  They drove off the scrap merchants and tore down
the Argentine flag.

   The incident provided the desired excuse for the Argentine
Junta to bring the simmering 150-year-old Falklands dispute to a
boil.  From time to time in the past, Argentina has claimed that
South Georgia is part of the Falklands because it is administered
that way by Britain.  That argument is very flimsy but it now
came in very handy.  It was nothing new to hear this from
Argentine leaders, so there was no hint of what was really afoot.

   During late March, Argentine military forces started
assembling for an assault on the Falklands.  ""Nothing new"",
thought the British high command.  Argentina has carried out
threatening maneuvers in the past many times.  It was believed
that they were about to do it again; but on April 2 Argentine
forces did the unexpected.  After many past false alarms, this
time they actually invaded and seized the Islands.  All Argentine
public statements emphasized the long-standing historical claims
to the Falklands themselves; but just for good measure, the next
day a small Argentine force also seized far-off South Georgia
Island.  The force was so small that it gave the appearance
initially that it was just a side show from Argentina's point of
view; however, the small contingent of 22 Royal Marines were
overpowered and bundled off the Island along with a group of 13
alleged scientists.  That was the moment of payoff in the joint
Rockefeller-Russian attack plan.

   Thanks to the elaborate distraction staged by the Argentine
forces, a special commando team got onto the Island undetected. 
Based on the detailed Rockefeller information about the base, the
team moved to a location on the mountain directly above the
cavernous secret base.  Special high-speed drilling equipment was
set up by the Rockefeller members of the team while the Russian
members concentrated on military defense.  By late that evening,
April 3, the military high command in London finally learned what
was really taking place.  The secret South Georgia base was under
attack by virtually the only means possible.  The joint
Rockefeller-Russian team were drilling a shaft down through the
mountain toward the hollowed out cavern inside.  It was only a
matter of time until their drill would break through the ceiling
of the giant hidden naval base.  Once the hole was made, the next
step was obvious.  The Rockefeller-Russian team would put a
weapon of some kind through the hole.  The best guess was that it
would be a nerve gas.

   The shock waves that went through the highest levels of the
British government on the evening of April 3 can hardly be
described, my friends.  The Thatcher government, like the
so-called Reagan Administration here in America, is Bolshevik
controlled.  That's why Margaret Thatcher always says, ""Me, too""
any time the Reagan Administration says or does anything against
Russia.  Both governments are party to the secret nuclear war
plan in complete betrayal of the people of their respective
countries, and on the evening of April 3 they suddenly discovered
that their precious war plan was in deep, deep trouble.

   Immediately the Thatcher government started assembling a naval
armada to sail for the South Atlantic.  Haste was the order of
the day.  The drilling on South Georgia Island was proceeding
around the clock.  The best estimates were that the drilling
would break through into the roof of the naval base in about
three weeks, on or about April 24.  If help did not reach South
Georgia by then, the secret installation might be doomed.  The
forces stationed at the installation itself were unable to defend
themselves under the circumstances.  Their mighty naval ships
were ships in a bottle.  They did not dare open the bottle to
sail out to fight because the Russian commandos were armed with
tactical and nuclear weapons.  To open the blast-proof entrance
doors would be suicide.

   On April 5, just two days after South Georgia Island was
seized, some 40 naval ships began moving out of British ports. 
The same day Lord Carrington was sacked as Foreign Minister.  He
was forced to resign, my friends, because he had assisted the
Rockefeller attack plan by downplaying the Argentine attack
preparations.

   That same day, April 5, New Zealand, the home of the other
secret naval fleet, broke diplomatic relations with Argentina. 
The two hidden New Zealand facilities had been placed on ""Red
Alert.""  As a precautionary measure, all submarines at the twin
base were ordered to sea.  Several surface ships were already at
sea undergoing ""sea trials"", but that still left seven (7) major
ships inside the hidden twin naval base including one of the
nuclear aircraft carriers I mentioned earlier.

   On that busy day of April 5, Argentina's Foreign Minister,
Costa Mendez, was at the United Nations in New York.  He was
alarmed by the deployment of such a large part of the Royal Navy. 
Costa Mendez hurried here to Washington to seek reassurances from
certain officials.  He got them!

   For the next two weeks or so the news was filled with stories
about the allegedly slow movement of the British fleet while
negotiations went on.  That, my friends, was only a cover story. 
The Royal Navy was actually joining up and moving as rapidly as
possible toward South Georgia Island.  If the task force arrived
in time to save the secret base, a major battle was likely.  The
official stories about ""slow movement"" of the British armada were
intended to give a cushion of time for that battle.  If need be,
the fleet would have several days to retake South Georgia Island,
then it could move on to arrive near the Falklands on the
announced schedule.  In this way the crucial importance of South
Georgia Island would be hidden and the big secret preserved.

   It was initially expected that advance elements of the British
fleet would reach the vicinity of South Georgia Island within two
weeks.  That would have been soon enough to attack the joint
Rockefeller-Russian commando team and stop the drilling before it
was completed.  But Russian Cosmospheres and submarines made a
shambles of the plan.

   Key advance elements of the South Georgia attack contingent
left Ascension Island early April 14, two days before it was
announced officially.  Shortly after they did so, they ran into
trouble.  Russian Cosmospheres and attack submarines closed in on
a single ship which was critical to the planned counterassault on
South Georgia Island.  The Cosmospheres bombarded the bridge and
combat information center of the ship with neutron radiation.  In
moments the ship was without any command, its communications and
radar silenced.  Then a Russian ""sub"" closed in and quickly
finished off this key British ship with torpedoes.  It broke
apart with secondary explosions and sank rapidly.  So far as is
known, there were no survivors.

   This unexpected shock in the mid-Atlantic produced two
results, both important:

First, it caused a slowdown in the race toward the South Atlantic
by the British armada.  The task force had to be regrouped into a
configuration better suited for an enroute defense, but that cost
valuable time.  Public announcements from London about the
progress of the fleet reflected this slowdown.  The timetable for
arrival on battle stations near the Falklands started stretching
out longer and longer.  All this bought extra time for the joint
commando team on South Georgia Island.  The drilling continued.

The other result of the sinking was equally important.  Word was
flashed to the South Pacific Stealth navy to prepare for possible
action.  It was obvious that the Russian Navy was getting
involved in the Atlantic, which meant that the Royal Navy could
be in big trouble.  During the dead of night, early April 15, the
seven Stealth ships put to sea from their twin secret bases in
southern New Zealand.  They deployed to a secret operational
headquarters area in the Antipodes Islands, 450 miles southeast
of New Zealand.  Their electromagnetic shields were operating to
provide protection from attack.  These shields make it impossible
to communicate with the outside world or even to see it, as I
explained last month; but once they arrived at the Antipodes, the
Stealth ships hooked up to buoys equipped with shielded
communication cables to the Island headquarters.  The Antipodes
headquarters, in turn, was in constant touch with the South
Georgia base by way of a transoceanic cable around the tip of
South America.  The deployment of the available ships of the
South Pacific Stealth fleet was exactly what the joint
Rockefeller-Russian planners had hoped for.  The ships had been
flushed out from their essentially invulnerable hiding place in
New Zealand!

   The British ship's sinking of April 14 was also followed by
other events.  On April 15 the Argentine Navy started moving out
of port.  The same day, Alexander Haig arrived again in Buenos
Aires.  Supposedly he was there as a diplomat, but in reality he
was there as a General, dealing with Generals.  Haig is the top
Governmental operative of the Rockefeller cartel, as I have
revealed in the past.  He was making sure that the Argentines did
not get cold feet and back down at that critical moment.  Four
days later, April 19, Haig left for Washington.  As he boarded
his plane, Haig somberly told reporters, ""Time is running out."" 
And so it was, my friends, for the secret South Georgia base.

   The very next day, April 20, the drill broke through into the
hollowed-out cavern of the naval base.  Bolshevik military
analysts in London had not expected that it could be completed
until at least the following weekend.  The British fleet was
still out of range.

   The weapon which the commando team inserted down through the
long hole was a small, compact Russian neutron bomb.  When it was
detonated inside the confines of the huge artificial cave, the
effects were devastating.  The intense radiation instantly killed
everyone inside the base.  Also the heat and blast effects of the
bomb are believed to have damaged all the ships inside
sufficiently to badly disable them.

   Meanwhile, Russian Cosmospheres and submarines were converging
on the Stealth ships which were near the Antipodes Islands
awaiting orders.  From a distance, the ships were invisible to
the eye due to their protective shields, which also protect
against beam-weapon attack; but they were sitting ducks for the
tactics which the Russians employed.

   Floating overhead, the Cosmospheres located the seven ships
using their Psychoenergetic Range-Finding equipment known as PRF. 
As I have reported in the past, there is no method known by which
PRF can be jammed.  The Cosmospheres radioed the exact locations
of the ships to the attack submarines.  The ""subs"" were armed
with special non-homing, non-nuclear torpedoes designed to
explode on impact.  More sophisticated torpedoes would have been
thrown off course or detonated prematurely by the protective
shield of each ship; but these simple torpedoes just cruise right
through each invisibility field to strike the ship and explode. 
Within 15 minutes after the attack began, all seven Bolshevik
Stealth ships were on their way to the bottom, and with them went
their Bolshevik Commanders and mercenary crews collected from
around the world.

   The South Pacific action took place just after sunset local
time.  The time here in Washington was around 2:00 P.M. April 23. 
That evening Secretary of State Haig was seen briefly in public
with the new British Foreign Minister, Francis Pym.  Pym was
wearing the artificial pseudo-smile which diplomats are taught
always to display in public.  But not Haig.  Haig was grinning
from ear to ear, and no wonder.  The joint Rockefeller-Russian
military operation had been a brilliant success.  The secret
Bolshevik South Atlantic fleet had been virtually wiped out,
bottled up inside South Georgia Island; and the South Pacific
fleet, while not totally wiped out, had been badly crippled.  By
working together, the Rockefeller cartel and the Russians had won
the secret naval war of the Southern Hemisphere.

Topic #3--As I say these words, news reports give the impression
that war is about to erupt in the South Atlantic, but the real
war in the Southern Hemisphere is already over.  What we are
watching now is the beginning of its bloody aftermath.  That
aftermath is the battle for the Falkland Islands.  They have been
promised to Argentina as a reward for her role in the secret war.

   At this moment the Bolsheviks here in Washington are pressing
for a public announcement that the United States will side with
Britain.  As soon as that takes place, military action will heat
up fast around the Falklands.  Britain has no choice but to
fight.  She has already suffered casualties which cannot be
explained without a public battle; but by fighting, the
Bolsheviks in Britain are running the risk of a humiliating and
tragic defeat for the Royal Navy.

   Meanwhile, the Rockefeller strategists here are now
concentrating on a fast-building, anti-nuclear-war campaign.  On
all sides now we are hearing about the so-called ""nuclear freeze
movement.""  There are documentaries, articles, publicity of all
kinds to sensitize us to the terrors of nuclear war.  In recent
months, there have even been referenda popping up on election
ballots dealing with the nuclear war issue.  Medical doctors are
banding together to warn the public about what would happen if
there were a nuclear war.

   We are being told that all this is just popping up
spontaneously.  We are now 37 years into the nuclear age and
nothing like this has ever gained so much momentum before, yet
now we are supposed to believe that millions of Americans have
spontaneously gotten the same ideas at the same time.  If you
believe that, my friends, I give up.  Movements like this never,
and I mean never, develop without leadership, organization, and
money--and plenty of it.

   What we are watching is the Rockefeller public relations
machine at work.  As I've explained in the past, the Rockefeller
cartel cannot afford to let a nuclear war take place.  If it
does, they will lose everything because they are not in a
position to control it.  Instead, the deadly enemies of the
Rockefeller cartel, the Bolsheviks here, will win out if there is
a war; and so the Rockefeller faction is now doing everything in
its power to prevent a nuclear war.

   The present anti-nuclear-war orientation of the Rockefeller
cartel creates certain temporary common interests between them
and Russia; but as Russia's new rulers know very well, this does
not spring from any great moral perspective on the part of the
Rockefeller group.  It's purely a matter of practical necessity
right now for the Rockefellers.

   The Russians regard the United States as a house divided, and
they are exploiting that division by working in careful ways with
the Rockefellers.  Their first priority is to rid the world of
the deadly Bolshevik menace of all-out, even suicidal, nuclear
war; but once that is done, they know that there will be a day of
reckoning with the Rockefeller cartel some day.

   The Rockefeller group is working toward a definite objective
with their new anti-nuclear-war propaganda.  That objective is
renewed power--and power that moves them closer to their old
dream of WORLD GOVERNMENT.  The Bolsheviks here have unwittingly
provided fertile ground for the powerful new Rockefeller antiwar
campaign.  Under Bolshevik control, the so-called Reagan
Administration has become so hawkish that it's scaring people. 
The Rockefeller antiwar campaign is designed to capitalize on
that latent fear as a tool of power.

   These days the smell of war is in the air.  The Falklands
crisis is helping to make that more intense.  The Rockefeller
propaganda machine is now paving the way for the argument that
surrender of sovereignty is the only way to avoid war.  A new
super-United Nations of sorts is now in the works to fill the
bill.  It will have teeth!  As presently envisioned, the new
organization will be based in Geneva, Switzerland.  The working
name, though this may be changed, is the ""World Nonproliferation
Council.""  The plan is to bring it into being as the outgrowth of
nuclear nonproliferation treaties, but its true purpose will be
to use fear--the fear of war--to control us all.

                       LAST MINUTE SUMMARY

   Now it's time for my Last Minute Summary.  In this AUDIO
LETTER I have reported on the reasons behind the so-called
Falkland Islands crisis.  The crisis erupted because of secret
Bolshevik-controlled naval installations in the Southern
Hemisphere.  These have been attacked by joint action of the
Rockefeller cartel and the Russians in an attempt to slow down
the nuclear-war timetable.  The attacks were successful, but the
results remain to be seen.  One result, though, is that the Royal
Navy has now been drawn into a trap.  Britain's Waterloo at sea
may well be at hand.

   My friends, two factions are struggling for control over our
United States--the Rockefeller cartel and the Bolsheviks.  They
differ in style but both seek to control us through fear.  If we
are ever to rise above their trickery, it must be through the
power of our Lord Jesus Christ, our only hope.  As the Scripture
tells us, our Lord ""...has not given us the spirit of fear; but
of power, of love, and of a sound mind.""  We must learn to wage
peace.  As our Lord declared long ago, ""Blessed are the
peacemakers: for they shall be called sons of God."""
1493,talk.politics.mideast,talk.politics.guns,"A delightful message, interesting, and so kindly written.  Thanks."
1370,talk.politics.misc,talk.politics.guns,"
this is a tesrt
s
"
1534,talk.politics.guns,talk.politics.mideast,"Actually not Jim.  I just said that everyone else seemed to have skimmed by
that part and not mentioned it.  You can get whatever meaning you want from it."
387,talk.politics.misc,talk.politics.guns,"


 


The Bill of Rights, as far as I can see, does not once refer to ""citizens"",
but it makes several references to ""people"". For example, Article IV:
""The right of the people to be secure in their persons, houses, papers,
and effects, against unreasonable searches and seizures, shall not be
violated""; Article V: ""no person shall be held to answer for a capital,
or otherwise infamous crime, unless on a presentment or indictment by
a Grand Jury ...  nor shall any person ... be deprived of life, liberty,
or property, without due process of law""; Article VIII: ""excessive bail
shall not be required, nor excessive fines imposed, nor cruel and unusual
punishments inflicted"".

Now I've never heard that Constitutional rights apply only to citizens;
aren't they meant to apply equally to all *persons* living in the U.S.?
Whether slaves were considered ""not human"" I don't know, but it seems
that a case could be made that they weren't treated as ""people"" as defined
in the Bill of Rights. And since the nation is nominally based on the
Declaration of Independence which states that ""all Men are created equal,
that they are endowed by their Creator with certain unalienable Rights,
that among these are Life, Liberty, and the Pursuit of Happiness"",
it would also seem that slaves would not follow under this definition
of humanity.
"
1381,talk.politics.misc,talk.politics.mideast,"If the heading is true, Mr. Frank should be ashamed of himself.

Nothing makes me gag more than people who don't respect the
rights of others to voice their opinions.  My idol Lenny Bruce
once commented about ""that asshole Time Magazine"" when they
advocated censorship of his material.  Time actually sided
with the cops' and their arresting of Bruce at his shows,
whereby he routinely would say ""cocksucker"", then the cops
would rush the stage to arrest him.  My, how the times haven't
changed...

I can't help but think of how Lenny would be received in today's
politically correct arena.  Heck, I even support the right of
neo nazis to speak their opinions and march down the streets.

And before Mr. Frank or anyone else makes any wisecracks about
anti-Semitism...I'm Jewish, a longtime member of AIPAC and the JNF,
and have contributed over $1000 apiece to these fine groups.  I'm
a regular contributor to every pro-Israel group I can find, but I
still support the right of people like Arf to speak up and vomit
his propaganda.

I want to know just WHO these people are !!!

I'm basing all this on the assumption that Mr. Frank did indeed
write to some sysadmin requesting Mr. Teel to be admonished.  If
this is not the case, I hereby retract these nasties directed
toward him.  If not, I stand against Mr. Frank and his trashing
of the First Amendment."
173,talk.politics.guns,talk.politics.misc,"Excuse me, but if you really new what the show was about, you'd know that he
doesn't just say vagina and penis and that is how he get's his ratings. He
also addresss real issues as well as being outrageous. I don't hear any of these
other idiots doing a funny show and getting into some serious topics at the
same time, he get's people to think and entertains them at the same time, 
so try listening to his show a little closer before you tell them that they are
WRONG, and by the way, if he is such a flash in the pan, why do his ratings sustain
so well? Hmm?




-- 
-----------------------------------------------
Greg W. Lazar             greg@puck.webo.dg.com

J-E-T-S JETS JETS JETS"
1368,talk.politics.misc,talk.politics.guns,"
Go for it.  I have yet to see anybody justify the
prohibition on drugs and the ensuing War On Drugs.  In the world of
*.politics here on Usenet, it is YOU that is crazy.  ANYBODY--who gives
the matter any thought beyond reading headlines---cannot justify this
atrocity, this all out war on individual rights.

Just _TRY_ to justify the War On Drugs, I _DARE_ you!


Once again, in chorus: WHY is this ""stupid""?


The above paragraph is gibberish--that all I can make of it...

"
1508,talk.politics.mideast,talk.politics.misc,"Just kidding
"
587,talk.politics.guns,talk.politics.misc,"
How can you say that?  I presume that you mean that talking about
restricting rights is not the same as restricting those rights.  Well,
arguing for those restrictions may lead to implementation, much
the same way as assault can lead to battery (legal definitions).


Well, I can't speak for the homosexuals, but I've seen ALOT
of polite discussion on t.p.g.  Please, everyone, don't take
this guy's word, or mine for that matter, on it.  Read t.p.g.
for a while, and try to determine from which direction most of
the flameage originates.  If you post without flamebait, you
will generally receive reasoned responses.  True, there are
those who tend to lose their tempers quickly, as there are on
all newsgroups, but they really do feel their rights are in jeopardy.

Oh, and neat trick talking derisively about another newsgroup while
not crossposting to allow them to defend themselves.


Methinks you doth protest too much.

				Dave Schabel


"
418,talk.politics.mideast,talk.politics.guns,"
  Note the clause ""more forcibly"", above.     My point is that they have
  made a few pro-forma, perfunctory remarks, and sent in a few C-130's and
  so forth, but it's clearly not something they're losing much sleep over.
  They're just going through the motions, while Moslems are being ""ethnically
  cleansed"" out of what used to be Yugoslavia.   The US has been speaking
  out far more loudly than the Moslem nations in the UN and other world
  forums.



  Precisely.   Humanitarian concerns were not the primary justification
  for US involvement in the Gulf - oil and geopolitics were.  If the 
  the Kuwaitis didn't have oil (and assuming Iraq still saw fit to 
  invade them) I doubt you would have seen Operation Desert Storm.
"
208,talk.politics.mideast,talk.politics.guns,"

  Oh....I see...I didn't realize this...

  I think that perhaps you should print flyers on this topic, and your
  reasons for thinking the way you do. You should then distribute them
  amongst the world's population. You see, I don't think there are many
  people who are aware of this fact. Thank you for telling us the truth.

  BTW: I would start by sending your flyers to each of the UN officials.
	   Also, after you have distributed your flyers you might consider
       hiding. You see, I think that once more people read what you think
       they will have to lock you up in a mental institute; and don't think
       they will ever let you out.
 
  It is a strange strange world you live in. I feel sorry for you.

--"
13,talk.politics.guns,talk.politics.misc,"[MODERATOR:  Nice summary, Keith, thanks.]

I talked to the federal Dept. of Justice (DOJ, Ottawa) to try and
clarify a bunch of things regarding changes to Canadian gun laws.
I am posting here for informational purposes; questions to email,
followup to t.p.g.

1. It is still technically feasible (but almost impossible) to get
   a concealed carry permit in Canada.  This is contrary to what I
   was told by a police officer.
2. It is still legal to use lethal force (such as a firearm) to
   protect life, also contrary to what the officer told me.  Guns
   must be stored locked up and unloaded, however.
3. Regarding hi-capacity magazines, it is still not clear who will
   be exempt or how this will be managed.  This is up to each province.
   The general idea is that exempt persons will receive a letter/form
   authorizing them to possess the high capacity magazines.  
   Apparently, the authorization is to specify how many of these
   'prohibited weapons' you will be allowed to possess.  Dealers will
   be allowed to order high capacity mags for those allowed to possess
   them, but will not be allowed to stock them.
4. High capacity magazines converted to comply with the new limits will
   not be considered prohibited weapons.  Amendments to the regulations
   specify some possible methods to alter the magazines.  Some 
   manufacturers (Beretta) will be marketing reduced capacity magazines.
   (God knows how much they'll charge for these)

This covers most of what we discussed.  I have typed this from memory,
do not take it as gospel.  I am not a lawyer and I refuse to play one on TV.


-- 
-------------------------------------------------------------------"
31,talk.politics.misc,talk.politics.guns,"Last night I heard something about Bill Clinton's sister being
involved in a marijuana bust, and the news being suppressed. I also
heard something about her being an ""ex-con"". This source is not
reliable, though. (It was a collage/booklet advertising a local band.)

Can anyone on the net verify this or provide more details? I'm
surprised I haven't seen anything about this in this newsgroup.

Also, does anyone know what happened to the charges that Shalala was a
regular pot smoker when she was in college? This ghastly accusation
was reported on CNN Streamline News the day she was nominated, then I
never heard anything about it again.

It's almost enough to make me want to start an Act-Up type campaign
to invade the privacy of closet smokers! (If only this type of
publicity didn't violate people's rights. . . .)

Jake."
930,talk.politics.guns,talk.politics.misc,":> Surrender your arms. Soon enough, officers will be around to collect
:> them. Resistance is useless. 
:
:Don't tell me -- you're the ""Borg Warner,"" right?

HAAAAAAAAAAHAHAHAHAHAHAHAHAHAHAHA.  Hee, hee.  <chuckle>

This was absolutely fabulous.  I nearly fell out of my chair laughing.
Wonderful!  Mr. Tavares, my hat is off to you again!


Mike Ruff
"
231,talk.politics.guns,talk.politics.misc,"

  Which one?  The one yesterday, or has there been another?  If it was yester-
day, catch up.

  IMO, 90% of all ""conspiracy"" charges are easily explained by the simple
fact that in these days of instantaneous news transmission, all kinds of
stuff gets said when people really just don't know what the hell's going on.
Then the story changes once the facts are in and suddenly cries of ""its all a 
whitewash!"" start.  Naturally, everybody wants to cover his/her ass.


  Damnfino.  I just tend to take issue with absolute statements that are ob-
viously wrong on their face and tend to inflame, not inform.  The isolation
was significant, but not total.

semper fi,"
558,talk.politics.guns,talk.politics.misc,"

       Money orders operate pretty much like checks, with both parties being
supposed to sign them.  I assume you'd have to show the buy-back people
an ID, and you'd then have a money order made out to that ID.  

       As far as traceable as a practical matter, I don't know, it would
depend on whether they bother to computerize who the recipient's name is
on the money order and bother keying that sort of thing in.  I'd say
certainly the police and the buyback people would keep a record of who
they gave money orders out to.


       There might be some questions asked, I suppose, if somebody 
brought in a number of weapons each time over a series of ""buy back""
programs.

        "
415,talk.politics.misc,talk.politics.guns,"

                       *Paranoia part deleted.*"
341,talk.politics.misc,talk.politics.guns,"      The operation going on in Somalia is a peacekeeping/peaceenforcement
      operation where force may be used.  It is not a war.  It is also legal
      under international law, which is higher than US law.  The operation
      is occuring under the ageis of the United Nations.  Can't get a higher
      authority than that on this earth.
"
624,talk.politics.misc,talk.politics.guns,": 
: > [...]  You're not breathing clean air provided by government
: > regulations, [...]
: 
: If this doesn't beat all I ever heard!  The above certainly says a
: mouthful about the mindset of Ted Frank, and also of statists
: everywhere.
: --

Yes, there's certainly no need to argue with him, or address the
substance of what he says- he's a statist, after all.  Probably 
politically correct, too...                           "
59,talk.politics.mideast,talk.politics.guns,"
Right.  We'll probably end up giving them weapons.


During WWII, the British managed to supply arms to the Yugoslavs despite
German occupation.  If the Europeans had the will to do anything besides
sponsoring peace conferences, they would have no problem putting any kind of
weapon they wanted into Bosnia.

I guess I would favor ending the embargo if the Congress would pass a law
forbidding export of US military supplies to Yugoslavia, including via third
parties.  Until then the risks of the US being drawn into a more active
role would be too great.  I do not see the arms embargo as a major factor in
the outcome of the war.


Both sides are certainly not equal in the eyes of the press.  And that's
about all we have to go on, isn't it?  

And I wish you'd quit hurling words like racist around.  There are many levels
at which people react to what they see.  At the most fundamental level, you
do not have to consciously recognize the racial element - you simply tend to
empathize more with people who are like yourself.  As far preferring
Christian over Moslem, I am an atheist myself, and I think you'll agree that
in the US, the majority of people do not typically discriminate on the basis of
religion, nor give it a particularly important place in their world view. 
"
1129,talk.politics.misc,talk.politics.guns,"

If this doesn't beat all I ever heard!  The above certainly says a
mouthful about the mindset of Ted Frank, and also of statists
everywhere."
654,talk.politics.misc,talk.politics.guns,"

I know it was used several times in the south, to prosecute the murders of
blacks, after all white juries had cleared the accussed.


I believe it is a general charge, that is no specific right is mentioned.


The SS has previously ruled that since the seperate governments were in
essence seperate sovereigns, then double jeopardy does not apply.

(If this is true, then could defendents also be tried under city and
county governments?)

This mornings paper said that the ACLU has decided to reinstate its
opposition to this kind of thing. They had earlier suspended their
opposition while they examined the King case. There might be hope
for the ACLU after all."
1389,talk.politics.guns,talk.politics.misc,"Try the firearms archive.  Larry Cipriani's instructions follow.  By
the way, thanks for the archive Larry..

This year is the 103rd congress directory.

----------------------------
From
watson!yktnews.watson.ibm.com!newsgate.watson.ibm.com!news.ans.net!howland.r
reston.ans.net!bogus.sura.net!darwin.sura.net!dtix.dt.navy.mil!mimsy!cbvox1.
.att.com!lvc Thu Apr  8 19:41:01 1993
Article: 40039 of talk.politics.guns
Path:
watson!yktnews.watson.ibm.com!newsgate.watson.ibm.com!news.ans.net!howland.r
reston.ans.net!bogus.sura.net!darwin.sura.net!dtix.dt.navy.mil!mimsy!cbvox1.
.att.com!lvc
From: lvc@cbvox1.att.com
Newsgroups: talk.politics.guns
Subject: Information about the anonymous ftp RKBA archive
Message-ID: <1993Apr8.182924.7274@cbnews.cb.att.com>
Date: 8 Apr 93 22:50:09 GMT
Sender: magnum@mimsy.umd.edu
Organization: Ideology Busters, Inc.
Lines: 1795

This is the INDEX file for the anonymous ftp RKBA archive.
The archive site has been moved and is now at:

	godiva.nectar.cs.cmu.edu
	
in the directory

	/usr0/anon/pub/firearms/politics/rkba

This archive is accessible only via anonymous ftp; instructions for
anonymous ftp are at the end of this file.

An email server is available at another site, and as a result is
not completely in sync with this archive.  To get the index for
the rkba email-server send:

	get rkba index

as the body of a message to listserv@mainstream.com

For help send:

	help

If you have any additions or suggestions for improvement to the
RKBA archive please let me know.
--
Larry Cipriani, att!cbvox1!lvc or l.v.cipriani@att.com

----------------------------------------------------------------------
File: rkba82

Report of the Subcommittee on the Constitution of the Committee on
the Judiciary, United States Senate, Ninety-seventh Congress, Second
Session, February, 1982
----------------------------------------------------------------------
File: congress/102nd/HCR11

House Concurrent Resolution 11 by Mr. Crane, January 3, 1991

Expressing the sense of the Congress with respect to the right of all
Americans to keep and bear arms in defense of life or liberty and in
pursuit of all other legitimate endeavors.
----------------------------------------------------------------------
File: congress/102nd/HJR438

House Joint Resolution 438 by Mr. Major Owens, March 11, 1992

Proposing an amendment to the Constitution of the United States
repealing the Second Amendment to the Constitution; includes comments
by Owens entered into the Congressional Record.
----------------------------------------------------------------------
File: congress/102nd/HR1133

House Bill 1133 by Mr. Goodling, February 27, 1991

To amend title 18, United States Code, to prohibit transfer of firearm to,
or possession of a firearm by, a person convicted of a drug crime, and to
provide enhanced penalties for possession of a firearm during a drug crime.
----------------------------------------------------------------------
File: congress/102nd/HR1354

House Bill 1354 by Mr. Scheuer, March 7, 1991

To end the use of steel jaw leghold traps on animals in the United States.
----------------------------------------------------------------------
File: congress/102nd/HR1412

House Bill 1412 by Mr. Staggers, March 13, 1991

To amend title 18, United States Code, to provide for the establishment
of a national hotline which a Federal Firearms licensee may contact to
learn if receipt of a handgun by a prospective transferee is prohibited,
and to require such a licensee to contact the hotline before the transfer
of a handgun to a nonlicensee.
----------------------------------------------------------------------
File: congress/102nd/HR1559

House Bill 1559 by Mr. Gibbons, March 21, 1991

To prohibit the importation of semiautomatic assault weapons, large
capacity ammunition feeding devices, and certain accessories.
----------------------------------------------------------------------
File: congress/102nd/HR1770

House Bill 1770 by Mr. Smith of Florida, April 15, 1991

To amend title 18, United States Code, to prohibit certain handguns
which are unsuitable for lawful sporting purposes.
----------------------------------------------------------------------
File: congress/102nd/HR19

House Bill 19 by Mr. Hughes January 3, 1991

To prohibit the possession, transfer, and certain exports of restricted
weapons, the manufacture of firearms capable of accepting a silencer or
bayonet without alteration, and the possession and transfer of large
capacity ammunition feeding devices, and for other purposes.
----------------------------------------------------------------------
File: congress/102nd/HR282

House Bill 282 by Mrs. Collins, January 3, 1991

To provide for the mandatory registration of handguns.
----------------------------------------------------------------------
File: congress/102nd/HR2922

House Bill 2922 by Mr. Cardin, July 17, 1991

To amend the Public Health Service Act to establish an entitlement of
States
and certain political subdivisions of States to receive grants for the
abatement of health hazards associated with lead-based paint, and to amend
the Internal Revenue Code of 1986 to impose an excise tax and establish a
trust fund to satisfy the Federal obligations arising from such
entitlement.

[This bill would impose upto a $0.75/pound tax on all new lead, and
$0.37/pound tax on recycled lead.]
----------------------------------------------------------------------
File: congress/102nd/HR318

House Bill 318 by Mr. Dornan, January 3, 1991

To amend the Animal Welfare Act to prohibit dog racing and dog training
involving the use of live animals as visual lure and to make such Act
applicable to facilities that are used for dog racing or dog race training.
----------------------------------------------------------------------
File: congress/102nd/HR3371

House Bill 3371
			
""The Violent Crime Prevention Act of 1991""
----------------------------------------------------------------------
File: congress/102nd/HR371

House Bill 371 by Mr. Marlenee, January 3, 1991

To protect persons engaged in a lawful hunt within a national forest;
establishing an administrative civil remedy against individuals or groups
intentionally obstructing, impeding, or interfering with the conduct of a
lawful hunt; and for other purposes.
----------------------------------------------------------------------
File: congress/101st/HR4079

House Bill 4079 by Mr. Gingrich, February 22, 1990

To provide swift and certain punishment for criminals in order
to deter violent crime and rid America of illegal drug use.
----------------------------------------------------------------------
File: congress/102nd/HR436

House Bill 436 by Mr. Weiss, January 3, 1991

To prohibit the manufacture, transfer, or importation of .25 caliber
and .32 caliber ammunition.
----------------------------------------------------------------------
File: congress/102nd/HR465

House Bill 465 by Mr. Rangel, January 7, 1991

To prohibit certain exports of fully automatic or semiautomatic
assault weapons.
----------------------------------------------------------------------
File: congress/102nd/HR4897

House Bill 4897 by Mr. Cunningham, April 9, 1992

To amend title I of the Omnibus Crime Control and Safe Streets Act of 1968
to deny grant funds to States unless law enforcement officers are permitted
to carry concealed firearms.
----------------------------------------------------------------------
File: congress/102nd/HR5633

House Bill 5633 by Mr. Schumer, July 21, 1992

To amend title 18, United States Code, to expand the scope of the multiple
firearms sales reporting requirement, and to require that persons comply
with State and local firearms licensing laws before receiving a Federal
license to deal in firearms.
----------------------------------------------------------------------
File: congress/102nd/HR5807

House Bill 5807 by Mr. Schumer, August 10, 1992

To impose criminal penalties upon the failure of a Federal firearms
licensee to report to appropriate authorities the loss or theft of a
firearm from the inventory or collection of the licensee.
----------------------------------------------------------------------
File: congress/102nd/HR7

House Bill 7 by Mr. Feighan

To require a waiting period before the purchase of a handgun;
also known as ""The Brady Bill""
----------------------------------------------------------------------
File: congress/102nd/HR750

House Bill 750 by Mr. Russo, January 30, 1991

To amend the Internal Revenue Code of 1954 to provide that the excise tax
on handguns will be transferred to a trust fund to be used for purposes of
providing compensation to victims of crime, and for other purposes.
----------------------------------------------------------------------
File: congress/102nd/S214

Senate Bill 214 by Mr. Hatch, January 15, 1991

To provide procedures for calling Federal constitutional 
conventions under article V for the purpose of proposing 
amendments to the United States Constitution.
----------------------------------------------------------------------
File: congress/102nd/S2304

Senate Bill 2304 by Mr. Lautenberg, March 3, 1992

To amend title 18, United States Code, to permanently prohibit the
possession of firearms by persons who have been convicted of a violent
felony, and for other purposes.
----------------------------------------------------------------------
File: congress/102nd/S257

Senate Bill 257

To require a waiting period before the purchase of a handgun.
----------------------------------------------------------------------
File: congress/102nd/S2813

Senate Bill 2813 by Mr. Gore, June 4, 1992

To establish in the Government Printing Office an electronic
gateway to provide public access to a wide range of Federal
databases containing public information stored electronically.
----------------------------------------------------------------------
File: congress/102nd/S2913

Senate Bill 2913 by Mr. Chafee, June 30 1992

To prohibit the manufacture, importation, exportation, sale,
purchase, transfer, receipt, possession, or transportation of
handguns and ammunition, with certain exceptions.
----------------------------------------------------------------------
File: congress/102nd/S3282

Senate Bill 3282 by Mr. Mitchell, September 28 1992

To amend title 18, United States Code, to require a waiting period
before the purchase of a handgun.
----------------------------------------------------------------------
File: congress/101st/S386

Senate Bill 386 by Mr. Metzenbaum, February 8, 1989

To control the sale and use of assault weapons.                
----------------------------------------------------------------------
File: congress/102nd/S51

Senate Bill 51 by Mr. Moynihan, January 14, 1991

To prohibit the manufacture, transfer, or importation of .25 caliber
and .32 caliber and 9 millimeter ammunition.
----------------------------------------------------------------------
File: congress/102nd/S634

Senate Bill 634 by Mr. Symms, March 13, 1991

To amend chapter 44, title 18, United States Code, to provide clarification
of limitations on controls of firearms, and to prohibit the use of Federal
funds to political subdivisions which implement certain gun control ordi-
nances.
----------------------------------------------------------------------
File: congress/101st/S747

Senate Bill 747 by Mr. DeConcini,

To amend chapter 44 of title 18, United States Code, regarding
assault weapons.
----------------------------------------------------------------------
File: congress/102nd/S789

Senate Bill 789, by Mr. Moynihan, April 9, 1991

To prohibit the importation of semiautomatic assault weapons, large
capacity ammunition feeding devices, and certain accessories.
----------------------------------------------------------------------
File: congress/102nd/S892

Senate Bill 892, By Mr. Metzenbaum, April 23, 1991

To amend title 15, United States Code, to authorize the Consumer Product
Safety Commission to regulate the risk of injury associated with firearms.
----------------------------------------------------------------------
File: congress/102nd/S918

Senate Bill 918, by Mr. Packwood, April 24, 1991

The amend the Internal Revenue Code of 1986 to exempt small manufacturers,
producers, and importers from the firearms excise tax.
----------------------------------------------------------------------
File: congress/103rd/HCR3

House Concurrent Resolution 3, by Mr. Crane, January 5, 1993
Expressing the sense of the Congress with respect to the right of all
Americans to keep and bear arms in defense of life or liberty and in the
pursuit of all other legitimate endeavors.
----------------------------------------------------------------------
File: congress/103rd/HJR81

House Joint Resolution, by Mr. Owens, January 27, 1993
Proposing an amendment to the Constitution of the United States
repealing the Second Amendment to the Constitution.
----------------------------------------------------------------------
File: congress/103rd/HR277

House Bill 277, by Mr. Mazolli, January 5, 1993 

To amend title 18, United States Code, to require a waiting period 
before the purchase of a handgun. 
----------------------------------------------------------------------
File: congress/103rd/HR544

House Bill 544, by Mr. Torricelli, January 21, 1993

To amend title 18, United States Code, to prohibit the transfer of 2 or
more handguns to an individual in any 30-day period.
----------------------------------------------------------------------
File: congress/103rd/HR661

House Bill 661, by Mrs. Collins, January 27, 1993

To provide for the manufacturer, importer, or dealer of a handgun or an
assault weapon to be held strictly liable for damages that result from the
use of the handgun or assault weapon.
----------------------------------------------------------------------
File: congress/103rd/HR737

House Bill 737, by Mr. REYNOLDS, February 2, 1993

To provide for the manufacturer or importer of a handgun or an assault
weapon to be held strictly liable for damages that result from the use
of the handgun or assault weapon, and to amend the Internal Revenue
Code of 1986 to increase the excise tax on firearms and use a portion
of the revenues from such tax to assist hospitals in urban areas to
provide medical care to gunshot victims who are not covered under any
health
plan.
----------------------------------------------------------------------
File: congress/103rd/HR1025

House Bill 1025, by Mr. Schumer, February 22, 1993

To provide for a waiting period before the purchase of a hadgun,
and for the establishment of a national instant criminal
background check system to be contacted by firearms dealers
before the transfer of any firearm.
----------------------------------------------------------------------
File: congress/103rd/S108

Senate Bill 108, by Mr. Moynihan, January 21, 1993

To prohibit the importation of semiautomatic assault weapons, large
capacity ammunition feeding devices, and certain accessories.
----------------------------------------------------------------------
File: congress/103rd/S109

Senate Bill 109, by Mr. Moynihan, January 21, 1993

To amend section 923 of title 18, United States Code, to require the
keeping
of records with respect to dispositions of ammunition, and to require a
study
of the use and possible regulation of sales of ammunition.
----------------------------------------------------------------------
File: congress/103rd/S178

Senate Bill 178, by Mr. Moynihan, January 21, 1993

To amend chapter 44 of title 18, United States Code, to prohibit the
manufacture, transfer, or importation of .25 caliber and .32 caliber
and 9 millimeter ammunition.
----------------------------------------------------------------------
File: congress/103rd/S179

Senate Bill 179, by Mr. Moynihan, January 21, 1993

To tax 9 millimeter, .25 caliber, and .32 caliber bullets.
----------------------------------------------------------------------
File: congress/103rd/S376

Senate Bill 376, by Mr. Lautenberg, February 16, 1993

To prohibit the transfer of 2 or more handguns to an individual in any
30-day period.
----------------------------------------------------------------------
File: congress/103rd/S414

Senate Bill 414, by Mr. Metzenbaum, February 24, 1993 

To amend title 18, United States Code, to require a waiting period
before the purchase of a handgun. 
----------------------------------------------------------------------
File: gun-free-zones

Text of the GUN FREE SCHOOL ZONES ACT OF 1990 from PUBLIC LAW 101-647
NOV. 29, 1990
----------------------------------------------------------------------
File: aclu

A collection of articles on the ACLU's position on gun control.
Included is ACLU Policy Statement #47 which gives the ACLU interpretation
of the Second Amendment.
----------------------------------------------------------------------
File: dcm-info

A collection of articles explaining the Civilian Marksmanship Program.
In other words, ""Why does the United States Department of Defense sell
battle rifles to civilians ? ""
----------------------------------------------------------------------
File: dial911

""Dial 911 and Die!""  By Aaron Zelman and Jay Simkin of Jews for the
Preservation of Firearms Ownership (JPFO)
----------------------------------------------------------------------
File: fija-info

The Fully Informed Jury Amendment, and what it means to gun owners
and the right to keep and bear arms.
----------------------------------------------------------------------
File: whitemanslaw

White Man's Law by William R. Tonso, from the December 1985
Reason magazine
----------------------------------------------------------------------
File: jefferson

The First Inaugural Address of Thomas Jefferson, 2nd president of the
United States.
----------------------------------------------------------------------
File: jewishistory

Jewish History Rufutes Gun Control Activists, by Elliot Rothenberg
from the February 1988 *American Rifleman*.
----------------------------------------------------------------------
File: law-abiding

The Law-Abiding Gun Owner as Domestic and Acquaintance Murderer
from ""Guns, Murders, and the Constitution: A Realistic Assessment of
Gun Control,"" by Don B. Kates, February, 1990, pp.45-49.
----------------------------------------------------------------------
File: second-ideology

""The Second Amendment and the Ideology of Self-Protection"" by
Don B. Kates, Jr.  Reprinted from CONSTITUTIONAL COMMENTARY,
Vol. 9. No. 1. Winter 1992, (c) 1992 by Constitutional Commentary,

Kates puts the Second Amendment and philosophies of self-protection
into a historical perspective
----------------------------------------------------------------------
File: new-understa

Toward a New Understanding of the Second Amendment, by David T. Hardy
----------------------------------------------------------------------
File: to-bear-arms

""To Bear Arms for Self Defense: Our Second Amendment Heritage"" by
Stephen P. Halbrook.
----------------------------------------------------------------------
File: no-treason

No Treason, The Constitution of No Authority by Lysander Spooner
----------------------------------------------------------------------
File: resistance

Excerpts from the study ""Crime Control Through the Use of Armed Force"",
by Associate Professor Dr. Gary Kleck, Florida State University School
of Criminology, published in the February 1988 issue of SOCIAL PROBLEMS.
----------------------------------------------------------------------
File: waitper-qna

Waiting Period -- Questions and Answers by Handgun Control, Inc. (HCI)
and Citizens for Safe Government (CSG)
----------------------------------------------------------------------
File: warsaw

""The Warsaw Ghetto; 10 Handguns Against Tyranny"",
by Dr. David I Caplan from February, 1988 American Rifleman.
----------------------------------------------------------------------
File: wethepeople

Supreme Court interpretations of the Second Amendment.
----------------------------------------------------------------------
File: sc-ftp

How to retreive Supreme Court decisions via anonymous ftp.
----------------------------------------------------------------------
File: alternative-policy

ALTERNATIVE POLICY FUTURES by Franklin E. Zimring
from THE ANNALS OF THE AMERICAN ACADEMY OF POLITICAL AND SOCIAL SCIENCE.
Volume 455, May 1981; published by The American Academy of Political
and Social Science; 1981.
----------------------------------------------------------------------
File: embarassing.2nd.amendment

The Embarassing Second Amendment by Sanford Levinson, Yale Law Journal
Volume 99, pp 637-659 (1989)
----------------------------------------------------------------------
File: nra800

Phone numbers for the NRA, many are toll-free 800 numbers
----------------------------------------------------------------------
File: nradrugs

A collection of articles on the NRA's position on the War on Drugs.
----------------------------------------------------------------------
File: fl-aw-part1

Florida A.W. Commission - Exec Summary Part 1,
----------------------------------------------------------------------
File: fl-aw-part2

Florida A.W. Commission - Exec Summary Part 2,
STOCKTON -- THE FACTS  by Martin L. Fackler, MD
----------------------------------------------------------------------
File: iwba

Information about the International Wound Ballistics Association,
Martin Fackler, president
----------------------------------------------------------------------
File: gunshyjudges

Gun-Shy Judges by Jacob Sullum, from the May 1991 issue of Reason Magazine
----------------------------------------------------------------------
File: heatofmoment

In the Heat of the Moment, By James D. Wright
----------------------------------------------------------------------
File: racist-soil

Article ""Gun Control Sprouts from Racist Soil."" by Roy Innis,
from the Wall Street Journal 11/21/91
----------------------------------------------------------------------
File: core-policy

""Bearing Arms for Self-Defense -- A Human and Civil Right"" by
Roy Innis, National Chairman, Congress of Racial Equality (CORE)
----------------------------------------------------------------------
File: righttobear

The Right to Bear Arms By Sanford Levinson from the
Daily News, Ft Walton Beach, FL.  (1991)
----------------------------------------------------------------------
File: rock-island

United States of America v. Rock Island Armory, US District Court for
the Central District of IL; the court ruled that making a post '86
machine gun is not illegal -- believe it or not.
----------------------------------------------------------------------
File: dalton

United States of America v. John William Dalton, US Court of Appeals,
Tenth Circuit, 91-1149; the court ruled that owning or transferring
a post '86 machine gun is not punishable under the NFA -- believe it
or not.
----------------------------------------------------------------------
File: waitdanger

Why Gun Waiting Periods Threaten Public Safety By David B. Kopel,
March 25, 1991
----------------------------------------------------------------------
File: aw-qna

Assault Weapon Questions & Answers
by Handgun Control, Inc. and Citizens for Safe Government (CSG)
----------------------------------------------------------------------
File: ccw-survey

A state by state survey of Carrying Concealed Weapons laws.
----------------------------------------------------------------------
File: us-vs-miller

United States vs. Miller et al., Appeal from the District Court of the
United States for the Western District of Arkansas.

Argued March 30, 1939 -- Decided May 15, 1939
----------------------------------------------------------------------
File: presser

The history of Presser v Illinois is a fascinating exercise of how
politically based decisions on our Constitutional rights have come back
to haunt us.
----------------------------------------------------------------------
File: cia-ncbh

A column by Neal Knox presenting evidence that former CIA agent
Edwin O. Welles played a major role in founding HCI and NCBH.
----------------------------------------------------------------------
File: conphone

A list of voice and fax phone number for representatives and senators.
----------------------------------------------------------------------
File: billofrights

The first 10 articles of amendment to the United States Constitution.
----------------------------------------------------------------------
File: constitution

The Constitution of the United States of America
----------------------------------------------------------------------
File: decl-of-indp

The Declaration of Independence
----------------------------------------------------------------------
File: dont-wait

""Criminals Don't Wait -- Why Should You ?"" from the NRA.  Exposes the
fraudulent arguments made for waiting periods.
----------------------------------------------------------------------
File: external

Positive Externalities of Gun Ownership, by John Kell, from
""The Freeman: Ideas on Liberty, October 1991 ""
----------------------------------------------------------------------
File: english-hist

Firearms Legislation in Great Britain, by Jan A. Stevenson
----------------------------------------------------------------------
File: simkin

""Control Criminals, Not Guns"" by Jay Edward Simkin found in the
March, 25 1991 [or '92?] Wall Street Journal:
----------------------------------------------------------------------
File: unabridged

The Unabridged Second Amendment, by J. Neil Schulman

An interview with Roy Copperud, retired professor of journalism at
USC and author of ""American Usage and Style: The Consensus"".  Copperud
offers his professional opinion on the meaning of the Second Amendment.
----------------------------------------------------------------------
File: uzitruth

A letter from J. Harper Wilson, Director FBI Uniform Crime Reporting
Program to Paul H. Blackman, Research Coordinator of the NRA stating
that only one police officer, of Puerto Rico, was shot and killed with
a semi-automatic 9mm Model A Uzi.
----------------------------------------------------------------------
File: maketheirday

""How to Make Their Day"" by Don B. Kates Jr. and Patricia Terrell Harris
in the National Review, October 21, 1991

Kates and Harris debunk several myths about firearms, criminals, and
violence.
----------------------------------------------------------------------
File: two-myths

Two myths of gun control from ""Point Blank: Guns and Violence in
America"" by Gary Kleck.
----------------------------------------------------------------------
File: aw-not-problem

""Assault Weapons Aren't the Problem"", by Gary Kleck, published in
The New York Times Tuesday, September 1, 1992
----------------------------------------------------------------------
File: oregon-study

1990 Oregon Study of Retail Firearm Sales and CHL Licensing
----------------------------------------------------------------------
File: children

Fighting for Children's Hearts and Minds by Robert Pew, American
Rifleman - April 1992

Discusses how HCI and it's Center to Prevent Handgun Violence
have set out to use public schools as forums for their anti-gun
propaganda.
----------------------------------------------------------------------
File: gunssputter

""Guns and Sputter"" by James D. Wright, from July 1989 issue of REASON.
Wright exposes the flaws in the New England Journal of Medicine study
comparing the homicide rates of Seattle and Vancouver.
----------------------------------------------------------------------
File: nejm-info

A collection of articles and information on the New England Journal of
Medicine Vancouver/Seattle handgun crime comparison study.

See also the file gunssputter, authored by James Wright.
----------------------------------------------------------------------
File: dcstudy.1

The New England Journal of Medicine. 1991 Dec 5. 325 (23).
pp 1647-1650.
Editorials: Firearms And The Killing Threshold.
Kassirer-Jerome-P.
----------------------------------------------------------------------
File: dcstudy.2

The New England Journal of Medicine. 1991 Dec 5. 325 (23).
pp 1615-1620.
Special Article: Effects Of Restrictive Licensing Of
Handguns On Homicide And Suicide In The District Of Columbia.
Loftin-Colin.  McDowall-David.  Wiersema-Brian.  Cottey-Talbert-J.
----------------------------------------------------------------------
File: nejm-editorial

The New England Journal of Medicine. 1988 Nov 10. 319 (19).
pp 1283-1285.
Editorial: Firearm Injuries: A Call For Science.
Mercy-James-A. Houk-Vernon-N.
----------------------------------------------------------------------
File: nejm-letters

The New England Journal of Medicine. 1989 May 4. 320 (18).
pp 1214-1217.
Correspondence: Handgun Regulations, Crime, Assaults, And
Homicide: A Tale Of Two Cities.
Blackman-Paul-H. Hagen-Tim.  Morris-David-C.
Stolinsky-David-C. Tirer-Samuel.  Gryder-John-W.
Kuziak-John-D. Sloan-John-H. Kellerman-Arthur-L-Kellermann.
Rivara-Fred-P. Koepsell-Thomas.  Reay-Donald-T.
LoGerfo-James-P. Rice-Charles.  Ferris-James-A. Gray-Laurel-
A. Mercy-James-A. Houk-Vernon-N.
----------------------------------------------------------------------
File: suicide.1

The New England Journal of Medicine. 1990 Feb 8. 322 (6).
pp 369-373.
Special Article: Firearm Regulations And Rates Of Suicide:
A Comparison of Two Metropolitan Areas.
Sloan-John-Henry.  Rivara-Frederick-P. Reay-Donald-T.
Ferris-James-A-J. Kellermann-Arthur-L.
----------------------------------------------------------------------
File: suicide.2

The New England Journal of Medicine. 1990 Jul 12. 323 (2).
p 137.
Correspondence: Firearm Regulations and Rates of Suicide.
Blackman-Paul-H. Sloan-John-Henry.  Rivara-Frederick-P.
Kellermann-Arthur.
----------------------------------------------------------------------
File: totc

The New England Journal of Medicine. 1988 Nov 10. 319 (19).
pp 1256-1262.
Special Article: Handgun Regulations, Crime, Assaults, And
Homicide: A Tale of Two Cities.
Sloan-John-Henry.  Kellermann-Arthur-L. Reay-Donald-T.
Ferris-James-A. Koepsell-Thomas.  Rivara-Frederick-P.
Rice-Charles.  Gray-Laurel.  LoGerfo-James.
----------------------------------------------------------------------
File: nra.cdc

An open letter from Paul H. Blackman, of NRA to the Director, Office
of Scientific Integrity Review, U.S. Public Health Service, detailing
why they should evaluate the integrity and competency of firearms research
conducted by and for the Centers for Disease Control (CDC).
----------------------------------------------------------------------
File: RKBA.000

What the RKBA.nnn files are all about.

The RKBA.nnn series are set of small (60-100 lines typically) postings
that address common questions and myths about all aspects of firearms.
----------------------------------------------------------------------
File: RKBA.001

Accidental deaths by firearms and by other means.
----------------------------------------------------------------------
FILE: RKBA.002

Declining trend of accidental deaths by firearms
----------------------------------------------------------------------
File: RKBA.003

Homicide per capita in the US
----------------------------------------------------------------------
File: RKBA.004

Children and firearms
----------------------------------------------------------------------
File: RKBA.008

Annual firearm manufacture in the United States
----------------------------------------------------------------------
File: RKBA.010

Declaration of Independence
----------------------------------------------------------------------
File: RKBA.013

Trend in weapons use for robberies (1974-86)
----------------------------------------------------------------------
File: RKBA.014

Reasons for homicide and non-negligent manslaughter
----------------------------------------------------------------------
File: RKBA.015

Are firearms a leading cause of death of children?
----------------------------------------------------------------------
File: RKBA.016

Is the United States the most violent nation?
----------------------------------------------------------------------
File: RKBA.999

Complete list of all sources used for the RKBA.nnn series.
----------------------------------------------------------------------
File: cox-study

Analysis of the Cox Atlanta Journal Constitution, 21 May 1989 article
on Assault Weapons, by James J. Baker of NRA-ILA, before the Select
Committee on Narcotics Abuse and Control, U.S. House of Representatives.
----------------------------------------------------------------------
File: feder11.txt

The Federalist Papers, as transcribed by Project Gutenberg 1.1
----------------------------------------------------------------------
File: great-quotes

Thomas Jefferson quotes and more ...
----------------------------------------------------------------------
File: civilian

Civilian Possession of Military Firearms, by Richard A. I. Munday,
from the January/February 1988 issue of the UK Handgunner.
----------------------------------------------------------------------
File: good-go-bad

""When Good, Law-Abiding Citizens Go Bad"", from UK Handgunner No. 46
Jan-Feb 1989.  Discusses how the rate of compliance of gun control
laws is always very low, even among otherwise law abiding citizens.

----------------------------------------------------------------------
File: tory-national-socialism


""Tory National Socialism"", by Richard A.I. Munday, UK Handgunner,
Jul-Aug 86.  Discusses the gun control leanings of socialists of
the right.
----------------------------------------------------------------------
File: the-big-lie

"" Gun Grabbers vs. Assault Rifles: The Big Lie"" by Neal Knox,

Semi-auto military-styled ""assault"" rifles are not now nor have they
ever been a threat to society. These facts have been determined by
the government - but never released to the public!
----------------------------------------------------------------------
File: ff-47

""The Founding Fathers and the AK-47"", by Sue Wimmershoff-Caplan
Discuss the question if the Founding Fathers would have approved of
the AK-47 for civilian ownership.
----------------------------------------------------------------------
File: hcikkk

""Handgun Control, Inc., & the KKK"" by David Kopel, from the Oct 91
issue of Gun World magazine.  Discusses the parallels in the hate
campaigns of the Ku Klux Klan and Handgun Control, Inc.
----------------------------------------------------------------------
File: rkba-orgs

A list of organizations devoted to the preservation of the Second
Amendment.
----------------------------------------------------------------------
File: victoria

""The Gun Law Handbook"" for the state of Victoria, Australia (Oct 1988).
----------------------------------------------------------------------
File: nra-purposes

A summary of the NRA's purposes and objectives, and positions on some
gun control issues.
----------------------------------------------------------------------
File: ktw

A collection of articles relating to teflon coated, armor piercing
bullets.
----------------------------------------------------------------------
File: thompsoncenter

The Supreme Court decision in the case:

United States of America v. Thompson/Center Arms Co.
----------------------------------------------------------------------
File: DMN_Gratia_CCP

""Concealed weapons can prevent tragedies like Killeen's"" by
Dr. Suzanna Gratia in the Dallas Morning News, Sunday April
29th, 1992
----------------------------------------------------------------------
File: Knox_AW_lies

Neal Knox on how military style semi-auto's are not a threat
to public safety, how they are not fundamentally different
than ordinary hunting weapons, and how the gun grabbers are
exploiting the bad image this class of weapons has to enact
further gun control.
----------------------------------------------------------------------
File: WSJ_Crimestrik

""The NRA Mounts a Militant Campaign Taking Aim at Criminal-Justice
System"" by Alix M. Freedman staff reporter of The Wall Street Journal.
----------------------------------------------------------------------
File: med-media

""Gun Prohibition in the Medical Literature - Telling the Truth?"" by
Edgar A. Suter, MD ; discusses anti-gun bias in medical journals.
----------------------------------------------------------------------
File: toy-guns

""Court Psychologist Says Toy Guns Are Good For Children"" from Gun Week,
1989. 

Glen David Skoler, court psychologist for the Arlington County, VA,
claims ""toys of violence"" -- including toy guns are, in fact, good
for children.
----------------------------------------------------------------------
File: awca89-appeal

Text of the 9th Circuit court of Appeals in the Fresno Rifle and Pistol
Club challenge to California's Roberti-Roos Assault Weapon Control Act
of 1989.
----------------------------------------------------------------------
File: lp92-rkba

The right to keep and bear arms plank of the 1992 National Platform of
the Libertarian Party.

And a reproduction of the Libertarian Party brochure
""Responsible Gun Ownership: Equal Rights for America's Gun Owners""

The entire 1992 National Platform of the LP is available via anonymous
ftp on think.com in the file /pub/libernet/LP/libertarian-platform-1992
----------------------------------------------------------------------
File: let-july91

An article from the July/August 1991 issue of Law Enforcement Technology
with a survey of police officers on their views of gun control.
----------------------------------------------------------------------
File: nacp-poll

A study conducted by the National Association of the Chiefs of
Police (NACP) through its American Law Enforcement Survey for 1989,
in which 16,259 chiefs of police, sheriffs and law-enforcement command
personnel were polled with a list of 30 questions, it was determined
the overwhelming majority of officers support the right of private
arms ownership, and agreed that gun bans had little effect on crime.
----------------------------------------------------------------------
File: hci-advert

A example of the propaganda used by HCI in soliciting contributions.
----------------------------------------------------------------------
File: hci-transcript

A transcription of the HCI video tape ""America Needs a National
Handgun Control Policy""
----------------------------------------------------------------------
File: gartner

Michael Gartner, president of NBC News, calls for a ban on handguns
in this USA TODAY Thursday January 16th 1992 editorial.
----------------------------------------------------------------------
File: nra-lp

A resolution passed by the voting membership of the NRA at its national
convention in Anaheim, CA stating the NRA will support third party
candidates.
----------------------------------------------------------------------
File: cooley

Thomas M. Cooley, LL.D., General Principles of Constitutional Law in
the United States of America, 298-299 (3rd ed. 1898), a leading 
constitutional commentator discussed the rights protected by the Second
Amendment:
----------------------------------------------------------------------
File: kilpatrick

""Gun Law Might Curb Rising Murder Rate"" by James Kilpatrick, St. Louis
Post-Dispatch Tuesday June 23, 1992.  Kilpatrick expresses support for
a national firearms law as proposed by C. Everett Koop, that is, a
requirement that gun owners pass a competency test, among other things.
----------------------------------------------------------------------
File: vanity-fair

A summary of the 10 page article on Jim and Sarah Brady which appeared
in the January '91 issue of Vanity Fair Magazine.

Question: ""Was it true you wanted to get a gun to protect
	yourself against Hinckley?""

Answer Jim brady: ""I had a gun""
----------------------------------------------------------------------
File: goldwin

""Gun Control Is Constitutional,"" by Robert A. Goldwin from the
Wall Street Journal edtorial page, Thrusday, December 12, 1991
----------------------------------------------------------------------
File: anniston

Two articles on a murder averted in Anniston, Alabama by a man
with a CCW permit.  The importance of this event is that it closely
followed the murders by Hennard in Texas, but the media did not
cover Anniston.
----------------------------------------------------------------------
File: staggers-brady

A survey of public support for the Staggers Instant Background
Check and the Brady Waiting Period.  The basic finding is that
once the public understands the advantages of the instant background
check vs. the problems with the Brady waiting period support for
the Brady waiting period diminishes greatly.
----------------------------------------------------------------------
File: brady-vote

How Congress voted on the Staggers Instant Background Check and
the Brady Waiting period.
----------------------------------------------------------------------
File: vs-vote

How Congress voted on the Volkmer-Sensenbrenner Amendment to
strike the new gun control sections from the administration
crime bill.
----------------------------------------------------------------------
File: dc-vote

How the U.S. Senate voted on S. 2113, the repeal of the District
of Columbia's anti-gun strict liability law.
----------------------------------------------------------------------
File: covey

""Gun Control: Trying the Facts,  Weighing the Values"" A monograph based
on ""Crime, Inequality, Guns, & Equity"" by Preston K. Covey, Ph.D.,
Director Center for the Advancement of Applied Ethics, Carnegie Mellon
University.

Addresses the desirability of gun bans: ethical aspects, equity issues,
and other values at stake in the management of mortal risks, deadly
force and its instruments.  
----------------------------------------------------------------------
File: assays-of-bias

""Assays of Bias on the Second Amendment: The Media Elite"" by
Preston K. Covey, Director Center for the Advancement of Applied
Ethics [excerpts from a longer monograph]
----------------------------------------------------------------------
File: cleveland

A critique of:

ACCIDENTAL FIREARM FATALITIES IN A METROPOLITAN COUNTY (1958-1973)
Rushforth, Hirsch, Ford, and Adelson
American Journal of Epidemiology #100, 1974, pp. 499-505.


This is THE study that lies at the heart of the gun control
claim that owning a firearm for self-defense is too dangerous.
The claims that a defensive gun is X (=6 in this study)
times more likely to be used against an innocent person than
in lawful self-defense originated with this report in 1974.

by Robert I. Kesten
----------------------------------------------------------------------
File: tiananmen-lessons

""LESSONS FROM TIANANMEN SQUARE"" by Neal Knox reprinted from
Guns & Ammo, September 1989

Why the Second Amendment is so important, even in todays more
""progressive"" era.  Included is a description of the 1932
Bonus March in Washington, DC in which Gen. Douglas MacArthur
opposed unemployed WWI veterans lobbying for the government to
immediately pay their promised Veteran's Bonus.
----------------------------------------------------------------------
File: forward-trace

""California FFL Dealer Defies ""Forward Trace"""" by Neal Talbot in
The New Gun Week, March 1, 1991.

Details how the BATF bullies FFL holders into giving BATF copies
of 4473's in violation of federal law.
----------------------------------------------------------------------
File: justice-stats

""Handgun Crime Victims"", by Michael R. Rand, Bureau of Justice Statistics
Statistician, U.S. Department of Justice.

This Bureau of Justice Statistics Special Report describes the key findings
from an analysis of handgun crimes reported in the National Crime Survey
for 1979-87.  It describes the victims of hand-gun [sic] crime, how the
handgun was used during the crime, and the nature and extent of handgun
crime injury.  It also provides information on handgun offenders, the
location of handgun crimes, and whether the crime was reported to the
police.
----------------------------------------------------------------------
File: chafee

Included are:

1) Transcript of press conference with Senator John Chafee, and former
Supreme Court justice Warren Burger on S. 2913, Chafee's, handgun ban.
Also speaking was Vernon Jordan, former member of the Jimmy Carter
White House; Mayor Sharon Pratt Kelly; Michael Beard of National
Coalition to Stop Gun Violence; Michael Casserly (executive director,
Council of the Great City Schools); Dr. Carden Johnston representing
the American Academy of Pediatrics;

2) An article by Neal Knox in which he describes how Sarah Brady kicked
out HCI president Charles Orasin because of a disagreement on Chafee's
handgun ban.

3) An article on Burger's support for S. 2913.

----------------------------------------------------------------------
File: alarmist-view

""Gun Registration: An 'Alarmist' View"" by Jon vanWormer; reprinted
from the December 1985 Guns & Ammo.  How an rkba moderate became a
radical.
----------------------------------------------------------------------
File: fackler-papers

A list of articles by ""Col. Martin L. Fackler, M.D., F.A.C.S.""
Wound Ballistics Lab, and where to write for copies of them.
----------------------------------------------------------------------
File: gun-war

""THE GREAT AMERICAN GUN WAR"" by Barry Bruce-Briggs,
_The_Public_Interest_  No. 45, Fall 1976, pp 37-62
----------------------------------------------------------------------
File: george-will

""Repeal Second Amendment and Save Lives"", by George Will
----------------------------------------------------------------------
File: reeves

""Drastic Steps to End the War at Home"" by Richard Reeves, no date
nor publication available; placed in rkba archive 9/2/92

""Studies _Prove_ Gun Control Works"" by Richard Reeves, from the
Kansas City Star, 9/28/92.
----------------------------------------------------------------------
File: canada-ban-list

A reproduction of a brochure from the Canadian Department of Justice
listing newly prohibited and restricted firearms (as of June 1992).

Also included is the ""point system"" used to determine if a firearm
should be reviewed for possible banning.
----------------------------------------------------------------------
File: copkiller

Lyrics to the rock song ""Cop Killer"" by Ice-T on the album Body Count.
----------------------------------------------------------------------
File: cva.1

A letter from the California Voters Alliance, asking for support in
their effort to defeat anti-gun California Assemblyman Terry Friedman,
co-author of California's waiting period law for rifles and shotguns. 
----------------------------------------------------------------------
File: astrology

""CRIMINOLOGY'S ASTROLOGY: The CDC Approach to Public Health Research
on Firearms and Violence"" by PAUL H. BLACKMAN, Ph.D., Institute for
Legislative Action, National Rifle Association, 1990

A paper presented at the annual meetings of the American Society of
Criminology, Baltimore, Maryland, November 7-10
----------------------------------------------------------------------
File: aw-panic

The Assault Weapon Panic: ""Political Correctness"" Takes Aim,
at the Constitution, by Eric Morgan and David Kopel

Published by The Independence Institute, October 10, 1991
----------------------------------------------------------------------
File: state-rkba

A collection of RKBA provisions from State constitutions.
----------------------------------------------------------------------
File: too-late

Chapter 13 ""But then it was too Late"" of ""THEY THOUGHT THEY WERE
FREE: The Germans, 1933 - 1945"", by: Milton Mayer, University of
Chicago Press
----------------------------------------------------------------------
File: militia-code

The legal definition of the militia of the United States of America
taken from:

United Stated Code (USC), TITLE 10, Section 311 and Section 312.
----------------------------------------------------------------------
File: legal-mg-crime

Report No. 32 of the Firearms Coalition of Silver Spring, MD. 11/29/89
by Neal Knox.  Knox reports that a legally registered machine gun was
used in a drug hit.  Subsequent reports said charges were dropped for
lack of evidence.
----------------------------------------------------------------------
File: hci-cash

HCI donation records to US Senators and Congressmen.
----------------------------------------------------------------------
File: paulreverenet

Information about the ""Paul Revere Net"", a network of 2nd Amendment
Bulletin Boards

The Paul Revere Network (PRN) is a coast-to-coast network of
committed grass-roots gun rights activists who rely upon computer
bulletin board systems for their primary mode of communication.
Leroy Pyle (NRA Director and 27-year San Jose police veteran)
is Founder and Director of the PRN.  Based in San Jose, CA,
Pyle's BBS (1:143/223) currently hubs all network message
traffic.
----------------------------------------------------------------------
File: gun-talk

Information about the NRA-ILA Bulletin Board ""Gun Talk""
----------------------------------------------------------------------
File: congressgrades

A grading of congressmen based their votes on 1) the Brady Bill
(HR7), 2) Staggers (HR1412) and 3) the Volkmer-Sensenbrenner amendment
to strike the anti-gun provisions from the house crime bill (HR3371).
----------------------------------------------------------------------
File: lawmaster

""FEDS TRASH LAW-ABIDING GUN OWNER'S HOME"", NRA official journal March
1992, by Richard E. Gardiner.  Details how the BATF raided the home of
Johnny Lawmaster in search of a non-existent unregistered M-16 auto-sear.
----------------------------------------------------------------------
File: point-blank

The concluding chapter to ""Point Blank"" by Gary Kleck.
----------------------------------------------------------------------
File: purdy-rapsheet

Patrick Purdy's criminal record.
----------------------------------------------------------------------
File: progundocs

Statement of purpose and contact information for ""Doctors for Integrity
in Research & Public Policy""
----------------------------------------------------------------------
File: orlando

A summary of the effects of the highly publicized Orlando training
program in which over 6000 women were trained in basic pistol
marksmanship and the law of self-defense.
----------------------------------------------------------------------
File: form4signoff

A letter from Wayne Miller, Chief National Firearms Act Branch of
BATF stating that local law enforcement signoff on the ATF Form 4,
application for Taxpaid Transfer and Registration of Firearm [i.e.,
machine gun], is completely discretionary.
----------------------------------------------------------------------
File: badlands.txt

New Zealand Firearms Control by Robert Badlands.

A paper presented at a conference on Gun Control held at Melbourne
University-Union Theatre 27-28 August 1988.  The conference was
sponsored by the Sporting Shooters' Association of Australia.
----------------------------------------------------------------------
File: danto.txt

Issues Regarding Gun Control in America by Bruce L. Danto

A paper was presented at a conference on Gun Control held at Melbourne
University-Union Theatre 27-28 August 1988.  The conference was
sponsored by the Sporting Shooters' Association of Australia.
----------------------------------------------------------------------
File: fine.txt

Impediments to the Purposeful Reform of (Australian) Firearms Laws by J. D.
Fine

A paper presented at a conference on Gun Control held at Melbourne
University-Union Theatre 27-28 August 1988.  The conference was
sponsored by the Sporting Shooters' Association of Australia.
----------------------------------------------------------------------
File: greenwd.txt

Untitled paper by Colin Greenwood

A paper presented at a conference on Gun Control held at Melbourne
University-Union Theatre 27-28 August 1988.  The conference was
sponsored by the Sporting Shooters' Association of Australia.
----------------------------------------------------------------------
File: kates.txt

Gun Control: Recent Research on the American Experience by Don B. Kates,
Jr.

A paper presented at a conference on Gun Control held at Melbourne
University-Union Theatre 27-28 August 1988.  The conference was
sponsored by the Sporting Shooters' Association of Australia.
----------------------------------------------------------------------
File: marsden.txt

Gun Control: A Banker's Perspective, by ??? Marsden

A paper presented at a conference on Gun Control held at Melbourne
University-Union Theatre 27-28 August 1988.  The conference was
sponsored by the Sporting Shooters' Association of Australia.

Note, this paper is almost impossible to read currently as the original
would not scan well.  A more readable copy will be supplied later.
----------------------------------------------------------------------
File: backdoor

Back Door Gun Control by Peter Alan Kasler from the January 1993
issue of American Survival Guide magazine.

Kasler discusses four examples of innocent people whose firearms
are confiscated, and/or charged with a crime when none was committed,
as examples of how gun control is implemented in the real world.
----------------------------------------------------------------------
File: armed-citizen

""The Armed Citizen"" feature from ""The American Rifleman"" and ""The
American Hunter""; these stories show how firearms are indeed useful
for self-defense.
----------------------------------------------------------------------
File: botsford

The Case Against Gun Control by David Botsford
----------------------------------------------------------------------
File: academia-bias

""Fighting Anti-Gun Bias in Academia -- an article downloaded from the
NRA-ILA BBS ""Gun Talk""
----------------------------------------------------------------------
File: story-of-gun

""The Story of a Gun"" by Erik Larson, from ""The Atlantic"", January 1993.
----------------------------------------------------------------------
File: hcr**

Reports to the Firearms Coalition, by Neal Knox.

All these files are named hcr then two numbers, e.g., hcr51 for
""Report No. 51 to the Firearms Coalition""
----------------------------------------------------------------------
File: whose.txt

""Whose Side Are They On ?""

""Freedom From War: The United States Program For General and Complete
Disarmament in a Peaceful World."" an official publication of the United
States of America government.
----------------------------------------------------------------------
File: nccfa

Contact information for the ""National Collegiate Coalition for Firearms
Awareness""
----------------------------------------------------------------------
File: canada

Some facts about Canadian gun control laws, gun ownership and violent
crime.
----------------------------------------------------------------------
File: time-letter

Time magazine's form letter response to criticism of their
""Death By Gun"" issue.
----------------------------------------------------------------------
File: gun-in-school

""Health Objectives for the Nation: Weapon-Carrying Among High School
Students -- United States, 1990"" edited by David Dodell, D.M.D.

Proposes ways to reduce carrying of firearms by high school students.
----------------------------------------------------------------------
File: congress-cover

""Congress Covers Itself But Not Public"" by Paul Craig Roberts, printed
in the Cleveland Plain Dealer October 2nd, 1992.
----------------------------------------------------------------------
File: hamper

""Restrictions hamper law abiding folks, not criminals."" by
David B. Kopel, printed in the Columbus OH Dispatch, January 16th.

Points out how waiting periods can cause a great deal of harm.
----------------------------------------------------------------------
File: schumer-gripe

A ""Washington Post"" letter to the editor by Congessman Charles E. Schumer
discussing his bill, H.R. 5633, which requires law enforcement sign-off
on FFL applications.
----------------------------------------------------------------------
File: sof

A UPI article on a lawsuit against ""Soldier of Fortune"" which forced
them out of business.

This article is copyright by UPI, and archived with permission; please
respect the re-distribution prohibition.
----------------------------------------------------------------------
File: fl-stats

A summary of CCW permit statistics for the state of Florida, e.g.,
the number of permits issued, number revoked, number denied, etc.
This proves that people obtaining CCW permits are law abiding
citizens and are not wreckless with their firearms.
----------------------------------------------------------------------
File: knox-on-ruger

""Knox Replies To Comment From Ruger Counsel's"" from
The New Gun Week, December 1, 1989.

Neal Knox discusses how Sturm, Ruger Inc. are willing to sacrifice the
RKBA for the benefit of their business.
----------------------------------------------------------------------
File: american-blacks

""Gun Control and American Blacks"" by Raymond G. Kessler (pp. 476-478)

In the United States, the experience of blacks from slavery 
through the 1960's was one of the clearest and best-documented 
examples of the political functions of gun control.
----------------------------------------------------------------------
File: nraction*

The NRA-ILAs little known newsletter ""NRAction""; names will have the
month and year at the end, e.g., nraction0291.
----------------------------------------------------------------------
File: americamilitia

""America's Militia"" by David B. Kopel, appeared in ""Gun World"" magazine
December 1992.
----------------------------------------------------------------------
File: hci93agenda

The ""Action Agenda for a National Gun Policy"" by HCI.
----------------------------------------------------------------------
File: hci-newsletter

The Handgun Control Semi-Annual Progress Report for December 1992.
----------------------------------------------------------------------
File: hattoripetition

A petition written by the host family of Japanese exchange student
Yoshihiro Hattori, who was killed when he went to the wrong home for
a Halloween party:

""To protest the easy availability of firearms in the United States""

which will be presented to President Clinton.
----------------------------------------------------------------------
File: hci-election

""What the Election Means for Our Gun Control Movement"" by Sarah Brady.
----------------------------------------------------------------------
File: centerwall

University of Washington Pyschiatrist Dr. Brandon Centerwall writing
in the April 1989 American Journal of Epidemiology says that television 
exposure is related to half of the homicides in the United States.
----------------------------------------------------------------------
File: va-outrage

""An Outrage in Virginia"" by Neal Knox.  Describes how BATF used a
Virginia gun dealer to general strawman sales and then later ""traced""
those guns back to VA so they could claim 40% of guns they traced
came from VA.  When the dealer stopped cooperating they were convicted
of conducting strawman sales, one of the owners committed suicide.
----------------------------------------------------------------------
File: factcard93

The 1993 Firearms Fact Card published by the NRA-ILA
----------------------------------------------------------------------
File: nejm43

A letter to the editor of the Wall Street Journal by Preston Covey
on the factoid ""You are 43 times more likely to kill someone you know
with a gun than a criminal.""
----------------------------------------------------------------------
File: gifford

An op-ed piece by Dan Gifford which appeared in the March 8 1993 issue
of the Cleveland Plain Dealer; it discusses the issue of police abuses
and citizen self defense against such abuses.
----------------------------------------------------------------------
File: reynolds

An editorial ""Gun Makers Must Pay the Price"" by Mel Reynolds (D-IL),
member US House of Representatives, which appeared in the 02/15/93
issue of the Chicago Tribune.
----------------------------------------------------------------------
File: pozner

""Gun Control"" with Vladamir Pozner (yes, the commie) and Phil Donahue
from a Feb. 25 1993 broadcast on CNBC.
----------------------------------------------------------------------
File: trustpeople

CATO Institute Policy Analysis No. 109, July 11, 1988
""TRUST THE PEOPLE: THE CASE AGAINST GUN CONTROL,"" by David B. Kopel
----------------------------------------------------------------------
File: bitterprice

The British Shooter Pays A Bitter Price, by Keith G. N. Nicholson
from the American Rifleman, March 1993.
----------------------------------------------------------------------
File: batman

""Cartoon Campaign for Gun Control"" from the March 8th 1993 issue
of ""New American""
----------------------------------------------------------------------
File: batfss

""Waco Shootout Evokes Memory of Warsaw '43"" from the Wall Street
Journal, Monday, March 15, 1993
----------------------------------------------------------------------
File: academics

Contact information for ""Academics for the Second Amendment""
----------------------------------------------------------------------
File: propaganda

Anti-Gun-Ownership Propaganda, by Doan Boal in the March, '92 issue
of Survival Guide.
----------------------------------------------------------------------
File: media-fairness

Media Fairness Action Plan Is Continuing, by James H. Warner, NRA Ass't
General Counsel, from American Rifleman, March 1993, page 54.

This describes the FCC's ""personal attack"" rule and how the NRA may
take advantage of this rule against broadcasters who attack the NRA.
----------------------------------------------------------------------
File: artconf

ARTICLES OF CONFEDERATION, Proposed by Congress November 15, 1777,
Ratified and effective March 1, 1781
----------------------------------------------------------------------
File: pending-bills

A list of the currently pending gun control bills in the US Seante and
House of Representatives.
----------------------------------------------------------------------
File: noduty

Self-Reliance For Self-Defense -- Police Protection Isn't Enough!
by Peter Kasler
----------------------------------------------------------------------
File: leftout

The Second Amendment: A Right Left Out, by Doctor Linda Karen Miller
appearing in The American Rifleman, February 1993, p. 33.
----------------------------------------------------------------------
File: copsnguns

WHAT COPS SHOULD KNOW ABOUT THE GUN ISSUE! by Leroy Pyle,
from the May 1992 issue of Guns&Ammo.
----------------------------------------------------------------------
File: crossfire

A transcript of the Wednesday, March 3 1993 edition of the CNN
show CROSSFIRE.  The participants are Michael Kinsley, John Sununu,
Rep. Charles Schumer (D-NY) Criminal Justice Subcmte.,
and J.F. = Rep. Jack Fields (R-TX) 
----------------------------------------------------------------------
File: naziconnection

The WAR ON GUN OWNERSHIP STILL GOES ON! -- GUN CONTROL'S NAZI CONNECTION!
by Craig Peterson from the May 1993 issue of Guns & Ammo.
----------------------------------------------------------------------
File: armedcriminal

The Armed Criminal in America, by James Wright, 1986.  A Research in
Brief published by the National Institute of Justice.
----------------------------------------------------------------------
File: bigotry

""BIGOTRY, SYMBOLISM AND IDEOLOGY IN THE BATTLE OVER GUN CONTROL"" by
Don Kates, from the 1992 ""Public Interest Law Review""
----------------------------------------------------------------------
File: flmurd.ps
File: gamurd.ps
File: idmurd.ps
File: mtmurd.ps
File: nodiscr.ps
File: ormurd.ps
File: pamurd.ps
File: philmurd.ps
File: utmurd.ps
File: vamurd.ps
File: wamurd.ps
File: wvmurd.ps

CCW laws and murder rates in several states, by Clayton Cramer.  These
are all PostScript files and require the use of PostScript printer to
print.
----------------------------------------------------------------------
File: hammer

Marion Hammer on the Failure of Gun Control, downloaded from Gun Talk.
----------------------------------------------------------------------
File: threechiefs

The views of Police Chiefs Daryl Gates (LA), Lee Brown (NYC), LeRoy Martin
(Chicago) on gun control and other civil rights.
----------------------------------------------------------------------

RKBA archive: general information and anonymous ftp instructions.

The moderator of the firearms-politics mailing list, Karl Kleinpaste,
has agreed to set up an anonymous ftp archive directory for RKBA
related information.  This directory can be used for things like
articles by Kates, Wright, Tonso, Levinson, Supreme Court Decisions,
the RIA vs US decision, copies of legislation, and so on.  It's not
meant to be for the discussions that normally appear here.

So, in the future if you're looking for something check there first
and then ask here.

Instructions:

Short version for techies:

The site is godiva.nectar.cs.cmu.edu.  Place contributions into the
directory /usr0/anon/pub/firearms/politics/rkba.  The ftp commands
get, put, mget, or mput should work.  Give the command ""type binary""
to be sure files are transferred correctly.  Your files will be moved
to the rkba directory.  To get a file use the commands get or mget.

I will maintain an index which you should get first to check if
the file you want to read or write already is archived.

Long version for non-techies:

In order for you to use this archive your computer must be on
the Internet.  To connect to the archive site run the command:

	ftp godiva.nectar.cs.cmu.edu

If that doesn't work you cannot use this archive.  If the ftp
command is successful you'll get this prompt asking you for a
login:
	Name (godiva.nectar.cs.cmu.edu:lvc):

Instead of lvc your initials will appear.  Answer this prompt with:

	ftp

Next you'll get this prompt asking your for your e-mail address:

	Guest login ok, send e-mail address as password:

I would enter:

	l.v.cipriani@att.com

You'll enter your own e-mail address.  You'll get these lines
or similar as output:

	Remote system is UNIX.
	Using binary mode to transfer files.

Next, the command prompt is printed:

	ftp> 

If you do not get the line ""Using binary mode to transfer files.""
Run the command:

	type binary

Now you're logged in to the archive machine.  There are many
directories on this machine  but the two you are concerned with are

	/usr0/anon/pub/firearms/politics/rkba
and
	/usr0/anon/pub/firearms/politics/incoming

There are subdirectories to the rkba directory, those are discussed below.

When you login to the system your directory is /usr0/anon.  To retreive
files change your current directory to the rkba directory with the command:

	cd /usr0/anon/pub/firearms/politics/rkba
or
	cd pub/firearms/politics/rkba

To submit files change your directory to the incoming directory with
the command:

	cd /usr0/anon/pub/firearms/politics/incoming
or
	cd pub/firearms/politics/incoming

Once you do this you'll get another ftp> prompt asking you to enter
another command.

To find the names of the existing files in the directory you are
in run the command:

	ls -l

This will produce something like:

total 6021
-r--r--r--  1 karl          6932 Jun 16  1992 DMN_Gratia_CCP
-r--r--r--  1 karl         69149 Apr  5 19:20 INDEX
-r--r--r--  1 karl         18965 Jun 16  1992 Knox_AW_lies
-r--r--r--  1 karl         10930 Apr 30  1992 S361
-r--r--r--  1 karl          8958 Jun 16  1992 WSJ_Crimestrike
-r--r--r--  1 karl          2649 Jan 13 18:33 academia-bias
-r--r--r--  1 karl           935 Mar 22 22:38 academics
-r--r--r--  1 karl         36079 Aug  4  1992 aclu
... and so on ...

Each line corresponds to one file.  Reading right to left, the fields
are the file name, the last modification date of the file, the size of
the file in bytes, and some permission fields which you do not need
to be concerned with.

To get a file run the command ""get"" followed by the name of the file
you want, for example:

	get INDEX
or
	get noduty

After the file is transfered to your machine a message like this:

	Transfer complete.
	19580 bytes received in 5 seconds (4 Kbytes/s)

You can repeat the get command for every file you want to retreive.
You can use the mget command to retreive multiple files.  If the
file you want is in a subdirectory, for example, congress/103rd/HR1025
you should change your directory to the appropriate subdirectory first
and then retrieve it:

	cd congress/103rd
	get HR1025

Once you're finished you can log off with the command:

	quit

If you have a file you want to contribute the procedure is a little
different.  First of all you should find out if the file already
exists, so get a copy of the index file with the procedure above
and look it over to make sure you wouldn't repeat an entry.  The
index will have a description of each of the files in the rkba
directory.  For example:

----------------------------------------------------------------------
File: whitemanslaw

White Man's Law by William R. Tonso, from the December 1985
Reason magazine
----------------------------------------------------------------------

Once you've determined you won't be duplicating an entry, login
and change to the incoming directory command (see above).  Once
you are in the incoming directory use the command:

	put file_name

In this case:

	put whitemanslaw

Again there'll be a ""Transfer complete, so many bytes transfered
in so many seconds"" message.  Now your file is on the archive
machine.

Another thing to watch out for is duplicate file /names/.  Be sure
there isn't a file in the incoming directory that is called the same
as the file you want to write.  If you use the same name you'll
overwrite the previous file [or you'll get an error message].

Your file may have to be renamed if there is a conflict with a
file by the same name in the rkba directory.

Once your file is in the incoming directory send me an entry for
the INDEX file and I will add it to the file.

If you cannot use anonymous ftp and would still like to contribute
a file email the file to me and I'll take care of the rest.

If you submit a file and do not notify me it may be removed, so
be sure to let me know first.

If you have any questions feel free to ask me.
----------------------------------------------------------------------
-- 
Larry Cipriani -- l.v.cipriani@att.com




"
1105,talk.politics.misc,talk.politics.guns,"




Hey puppy, you are getting further around the bend every day. But
I wouldn't miss your adolescent ravings for the world, everyone
needs a good laugh now and then. :-)
"
