source_index,true,predicted,text
841,talk.politics.misc,talk.politics.mideast,"

    You're being too generous to the communists, I think.  In practice,
communism has ""solved"" the problem by killing off anybody who is _too_
productive, and who therefore raises embarrassing questions about why the
rest of the group is a bunch of sluggards.  The mass butchery of ""kulaks""
in the USSR is a good instance of this.
    A poor second best is to have a neighboring capitalist country to which
people of politically incorrect skill and ambition flee.  I often wonder
just what Castro would have done if the Cubans presently in Miami would
have been forced to remain in Cuba.  Would they have revolted and killed
him off, or been killed?
    Best of all is to build a wall locking the citizens of your country in,
load it up so heavily with attack dogs, barbed wire, and land mines that
most people fleeing over it die, and then give everyone the choice of
obedience, prison, or flight.  This would be a bad science-fiction novel,
if the East Germans hadn't actually done it.  The last person to die
crossing the wall, as I recall, was an unarmed woman who was shot in the
back.  Erich Honecker was going to go on trial for that, but he fled to
socialists in Chile.
    It's good to be kind to one's intellectual opponents, but sometimes
it's a sheer waste of time."
1026,talk.politics.misc,talk.politics.guns,"

That was hardly the point, was it? I was commenting on this all-too-common
Republican attitude that if people disagree with us, they must be idiots, they
must be sheep being led around by the Evil Liberal Media Conspiracy. This is
a dangerous attitude indeed. Because it's not a very big step from ""people
are sheep, they can't think for themselves"" to ""people are sheep and need
firm leadership from we, who know better""... this sort of attitude makes
me worry about what'll happen to the United States if the extremist wing
of the Republican party ever gets back into power again.


Hey! This is a government-funded newsgroup! Let's have some separation
of church and state, damn it!




More like:

Broward: ""Clinton's going to raise your income taxes by over $1000!""
Mark:    ""No, he's not, only about $204.""
Broward: (silence)


OK, I predict that in 1996 the Republicans will STILL be bitter. Yeah, yeah,
I know, it's not very impressive to predict things that are inevitable..."
670,talk.politics.mideast,talk.politics.misc,"
...

    Sounds just like a racial theory that Hitler outlined in Mein Kampf.



-- 
------------------------------------------------------------------------------------------
Disclaimer: Opinions expressed are mine, not my employer's."
1490,talk.politics.misc,talk.politics.guns,"Are you assuming that families in the inner city don't have family values ?
I sure hope not.


"
1304,talk.politics.misc,talk.politics.guns,"
Since you asked, Article I Section 1.  Article I Section 8.  Article I 
Section 10.  Article II Section 2.  Article VI.  Sixteenth Amendment.

With this as a guide, try reading it yourself.

jsh
"
446,talk.politics.misc,talk.politics.mideast,"

I recommend the book ""Adams _v_ Texas"", the story of a man (Adams) who
was sentenced to death for a crime he didn't commit.  Most of the book
is the story of the long appeals process, and the problems and delays
caused by not being able to introduce new evidence in certain courts.
"
1569,talk.politics.misc,talk.politics.mideast,"

With yet another tax being floated by the Clinton administration to
pay for new ``free'' social programs, I've really begun to suspect
that the Canadians, long resentful of their place in the American
shadow, brainwashed an American draft dodger who fled to Canada some
time between 1966 and 1968, tutored him in the ways of Canadian
socialism, awarded him with smokeless marijuana cigarettes when he got
the correct answers, then returned him to the states (under the
control of the domineering wife assigned to his case) to attain high
public office and destroy the evil individualistic and free market
forces in America, thus shaping America in the Canadian image."
768,talk.politics.guns,talk.politics.mideast,"
Did you forget to put in a sarcasm flag?"
548,talk.politics.mideast,talk.politics.guns,"


So why don't ypu sue him.

----"
474,talk.politics.guns,talk.politics.mideast,"

I believe we still remember Masada, where Jews killed themselves rather
than being captured by the Romans.  While I do not agree with the
Davidians, I must admire their willingness to die for what they 
believed, which Jews have had to do often."
130,talk.politics.misc,talk.politics.mideast,"




                          etc. etc.....


     ^^^^^^

***Sure!!! And what's .3 of a woman??? Any hypothesis??

   How can you trust a report from people that have *no idea*
   of what a MEDIAN is?

   The same bullshit article reported that 22,5% of all the men have
   sex 10 times or more a week (Elf, how many times did you fill
   one of those questionnaires?) and had other statistics that took
   in no consideration different class backgrounds, marital status
   etc.  No information on sampling were given.


Do you think you can compare so lightly secondary data from 2 very
different (and discutible) surveys???


It just shows how dramatically ignorant are press release writers and
most pople that read them.....
"
981,talk.politics.misc,talk.politics.guns,"tes:
.
s.

Or mug me.

Why must you pursue this fantasy that all crime is derived from ""underground 
economies"".

 ^^^^^^^^^^^^^^^^^^^^^^^^^^^^^^^^^^^^^^^^^^
Haaahaaaahaaaa


Yeah buddy, this happens all the time.  Tell me, HAS IT EVERY REALLY HAPPENED 
TO YOU?   That's what I thought.


Your foolish.

          ^^^^^^^^^^^^^^^^^^^^^^^^^^^^^^^^^^^^^^^
Must I ask again, what part?


All I ask is that drugs stay illegal.  I don't think it's too much to ask.
"
485,talk.politics.misc,talk.politics.guns,"In <1993Apr15.143320.8618@desire.wright.edu>, demon@desire.wright.edu sez:

There's this minor thing called ""interest of finality/repose"".  What
it means is that parties aren't dragged into court over and over again
because the losing side ""discovers"" some ""new"" evidence.  I don't know
about you, Brett, but I suspect GM had the resources to find just
about as many expert and fact witnesses as it wanted before the trial
started.  Letting them re-open the case now is practically an
invitation to every civil litigant on earth to keep an ace in the hole
in case the verdict goes against him.

BTW, in federal criminal cases, Rule 33 does permit a motion for a new
trial ""based on . . . *newly discovered* evidence"" if made within 2
years of the verdict.  (Emphasis mine.)  If you're trying to make a
backhanded point about criminal justice in a discussion that has
little to do with criminal trials -- as the estimable David Brock did
in his amusing WSJ piece last week -- save your breath.




Yup.  Which is why they shoulda been brought around the first time
through. 



Unless there's some reason to believe that this supposed bias predated
the trial (as opposed to being a product of it), and that GM was
unfairly prevented from discovering it (by venireman concealment or
otherwise), why should GM be allowed to complain?
"
507,talk.politics.misc,talk.politics.mideast,"

Well yes and no. The Federalist papers are propaganda and it is therefore
difficult to determine precisely what Maddison etc were up to from them. They
certainly emphasised a limited role for the federal government but this
was not necessarily their true position.


The Senate was less powerful than the House of Lords in the period in question.
The stripping of the powers of the House of Lords did not occur until 1914
and David Llloyd George's budget. Even despite this the House of Lords has
considerable power even today and is far from a rubber stamping body. 



The system is meant to be slow to react, the problem is that it ended up
a bit too slow.



The Presiden't veto was meant to be entirely separate. Until Bush abused it
in a quite extraordinary manner it was used more in accord with the intent
of being a check on unreasonable legislation. The veto was clearly regarded 
as a completely last gasp measure its use was meant to be restricted to
preventing the legislature interfering with the actions of the executive."
381,talk.politics.mideast,talk.politics.guns,"

I know nothing about statistics, but what significance does the
relatively small population growth rate have where the sampling period
is so small (at the end of 1371)? Is it adequete to suggest a trend or
is it just noise?
"
0,talk.politics.misc,talk.politics.guns,"
It is a bit unfair to call blame the Clinton Administration alone...this
initiative was underway under the Bush Administration...it is basically
a bipartisan effort of the establishment Demopublicans and
Republicrats...the same bipartisan effort that brought the S&L scandal,
and BCCI, etc."
1524,talk.politics.misc,talk.politics.guns,"
Again, Mr. Frank has come to the rescue with his cool headed reason.  How
about, ""One charge per victim?""  Of course I'll think about it in a few days
and find a case where this doesn't apply either.  

What the heck, I don't study law, I just hate lawyers. :)
"
1036,talk.politics.misc,talk.politics.guns,"
Which, considering the amount Bush&congress added to it, would be a
not-inconsiderable achievement.

While we're on the subject, I also believe that the supply-side claim that
reducing taxes raised revenue is also false, because they typically factor in
SocSec taxes, which were *raised* a considerable amount, at the same time that
income taxes were cut.  If you look at income tax revenue alone, it fell after
after the cuts began, and didn't recover for several years. By then, record
deficits were well entrenched.

*crunch, crunch*"
1378,talk.politics.misc,talk.politics.guns,"
Last I checked I was one person, I haven't even been elected
as a representative for ""gaydom"". Should I ascribe every thing
you say as representing every member of the straight community?


Thats the point. If there are several million queers in DC you had better
start wondering about the validity of the study.
"
1228,talk.politics.mideast,talk.politics.guns,"From article <1993Apr15.031349.21824@src.honeywell.com>, by amehdi@src.honeywell.com (Hossien Amehdi):

Tell me then, would you also fight the Syrians in Lebanon?

Oh, no of course not. They would be your brothers and you would
tell that you invited them. "
798,talk.politics.misc,talk.politics.guns,"Rich Thompson posts some blather about the Libertarian Party:



What pray tell do the Libertarians know about winning elections?

Bob


--"
1012,talk.politics.misc,talk.politics.mideast,"
It is obvious that Mr. Cramer has the 'ability' to take the 'leap of faith'.
I have listened to several of the men involved in this study, and even they
claim that the men involved will not 'tell the whole truth'.

I put little value in extrapolating from these types of 'studies' or 'surveys',
they have limited subsets of individuals, and there is alot of skewing due
to improper selection methods, and the bias of the people involved in the
studies on both sides- subject and researcher.

Would you admit to be part of a group that was not very well liked?  Would 
you admit to having had sex with other people at some considered abnormal
rate (this applies to heterosexual men).  In fact, as one gay man and one
straight man put it, ""men lie about the number of partners, because that's
the thing to do""- our culture for the male almost requires this type of
response.  It may seem harmless and silly, but carries a large emotional
and mental price tag."
367,talk.politics.misc,talk.politics.mideast,"
When you force people to associate with others against their will,
yes.

"
414,talk.politics.misc,talk.politics.mideast,"Reasonable doubt dates back to Human Rights. We are now in the time of
Civil Rights. Civil Rights are issued by the State with whatever strings
attached they choose as the Grantor of said rights. And if that means that 
verdicts are determined by the needs of the state rather than by guilt or 
innocence in a traditional sense, so be it. Being subjective rather than 
objective may make it harder to anticipate what is right, and you may be 
sacrificed for being wrong inadvertantly once in a while, but that really is a 
small price to pay for the common good don't you think?

"
754,talk.politics.misc,talk.politics.mideast,"In the hopes of adding a little life to, what seems to be, the
same old debates, I would like to add a few bits of info and ask for
comments.

1) A couple days ago the headlines were splashed with stories of proof
   that the North Vietnamese had held U.S. hostages after the war ended.
	Way back in today's newspaper (Page A7 of San Francisco Chronicle)
   there is an article about the document that held the proof.
	[used without permission]

	""The document, which was discovered in the archives of the Soviet
    Communist Party in Moscow, is a Russian translation of what is described
    as a September 1972 report prepared for the Vietnam Politburo by General
    Tran Van Quang, who is identified as the deputy chief of staff of the
    North Vietnamese army.""
         [later on in the article after it talks about the claim of 1,205
           Americans in North Vietnamese prisons]
	""Phong said the easiest way to prove that the document is a 
    fabrication is to review Quang's career. In 1972, he said, Quang was 
    not deputy chief of staff; he was the army commander in Military Region 4
    in central Vietnam.""

2) I heard on the radio that the Church of Scientology has filed for 
   bankrupcy becuase the employees of Cocolat , owned by CoS, filed a 
   class action suit against them for requiring the employees to pay dues
   to become members of the Church. Anyone heard more about this?

3) Micheal Jackson went into business with Micheal Milken. No lie.

------------------------------------------------------------------------------
""Who said anything about panicking?"" snapped Authur.           Garrett Johnson
""This is still just culture shock. You wait till I've       Garrett@Ingres.com
settled into the situation and found my bearings.
THEN I'll start panicking!"" - Douglas Adams  "
112,talk.politics.misc,talk.politics.guns," 
You think that you all have it bad....here at good ol' Southwest Missouri
State U., we have 2 parties running for student body president.  There's the
token sorority/fraternity faces, and then there's the president and vice
president of NORML.  They campaigned by handing out condoms and listing
their qualifications as,""I listen really well.""  It makes me sick to have
a party established on many of the things that are ruining this country like
they are.  I think I'll run next year.:("
360,talk.politics.mideast,talk.politics.guns,"

And anyone who doesn't agree with you is, by your own definitions, a
""useless fart"".  Just like any text that disputes your own ""findings""
is always described as ""flawed"" or ""biased"".  In other words, you
trumpet the things you like and dismiss those that might embarass you.
We've seen you play these games here for a long time.

One thing is for sure: When it comes to ""useless farts"", you sure know 
what you're talking about.
"
336,talk.politics.misc,talk.politics.mideast,"# #The argument that ""slavery was a dying institution"" was often made by
# 						     ^^^
# 						     (IS)
# 
# #historians, mainly Southerners, who sought to divert attention from the 
# #institution as the central issue of the Civil War.  In fact, however,
# #the argument is specious, at best.  More recent scholarship from the 
# #last 20-30 years demonstrates rather conclusively that the cotton/sugar/
# #tobacco economy and its reliance on slavery was increasingly dominant in 
# #the South prior to the Civil War.
# 
# This is because the South did not receive the massive momentum of capital
#  intensive growth that the Northern states did. Compare the Northern
#  agricultural system with the Southern and you will see a major difference 
#  in the capital to labor intensity.

Capital and labor are one and the same in a slave economy.  Except that
capital doesn't reproduce quite as readily as slaves did.

Slavery was a dying institution before the cotton gin, yes, but not
in 1850.

# #It is true that cotton suffered from price depression in the 1840's -
# #the period used to claim that slavery would not have lasted in the 
# #South.  
# 
# That is not the argument that I have heard. It would not have lasted because
#  the growth in the North would not have been sustained for much longer without
#  spilling over to the Southern states, i.e. Northern industry would have 
#  migrated capital to the Southern states, and with that would have come 
#  immigrant labor to the ports of the South, e.g. Charleston, Savannah, Mobile,
#  New Orleans, etc. This would have put the breaks on the slave market and
#  slavery would have been out-moded by the capital intensity of competing 
#  agriculturalists. Those that insisted on keeping slaves because of their
#  ""Cruel Hearts and Hatred for Black People"" would have been driven out of
#  business. Simple capital to labor ratio...read Michael Parkin _Microeconomics_
#  2nd edition, and any other basic economics book.

This assumes that the slave holder dominance over state governments
would not have caused the passage of laws to keep out capital from the
North.  Since slave holders were prepared to do almost anything else
to destroy free markets in order to maintain slavery, I do not doubt
that they would have passed laws to cripple any serious competitive
threat.  Thomas Sowell's _Market and Minorities_ argues that the
maintenance of slavery, and the costs it imposed on state and local
governments, discouraged not only capital formation, but also outside
capital investment in the Southern states.

# 	Craig A. Depken, II"
701,talk.politics.misc,talk.politics.guns,"
This is a very good point.  One that I have held for sometime.  We do not
allow people to develop on the paths that they choose or desire.  Even with
heterosexuals we tend to leave some hanging in the sense of knowledge and
information about sexuality and relationships.

It is very difficult for a young person to develop and build a positive
view of themself when they are constantly being told implicitly and explicitly
that they are wrong and immoral. "
1016,talk.politics.misc,talk.politics.guns,"
actually,  teh D means the registered driver has diplomatic immunity.
That means they can do as they damn well please on the roads, and you
have only God as your protection.   

The state Department Issues Saa-XXX  plates for personnel  who work
at the embassies but haven't been granted  immunity.  Most embassies
have restricted parking for embassy personell  street side.  

The S plates allow them to use  those parking areas as well as the
restricted lots at National and State dept,  without a lot of crap."
1054,talk.politics.misc,talk.politics.mideast,"






Carlos,

   Why not check out some of the scientific research that has been
done in this area and convince yourself.

   Research around the world indicates that the issue of coercion is
the critical factor. 

For those interested in research on the topic I can suggest, Li et al
(England), Constantine (United States), and Sandfort (The Netherlands).
I especially like Sandfort's research for he actually quotes what the
boys who are involved in the relationships have to say.



Children and Sex: New Findings, New Perspectives by Larry Constantine
  & Floyd M. Martinson (eds.). Little Brown & Co., Boston, 1980.
Boys On Their Contacts With Men by Theo Sandfort, Global Academic
  Publishers, Elmhurst, New York, 1987.
Perspectives on Paedophilia by Brian Taylor (ed.). Batsford Academic &
  Educational Ltd., London, 1981.
Paedophilia: A Factual Report by Frits Bernard. Enclave, Rotterdam,
  The Netherlands, 1985.
Sexual Experience Between Men and Boys by Parker Rossman. Maurice
  Temple Smith Ltd., Middlesex, Great Britain, 1985.
Children's Sexual Encounters With Adults by C.K. Li, D.J. West & T.P.
  Woodhouse. Gerald Duckworth & Co., London, 1990.


Yours in Liberation,

Roy

"
995,talk.politics.misc,talk.politics.guns,"
Who compared Quayle to Gore?  Mark said he had never heard of any incident
in which the thrower of the ceremonial ball had been booed before.  I mentioned
another incident.  (And if the media had a liberal bias, I'm sure he would
have heard of the Quayle incident.)

If I was to compare Quayle to anyone, it most likely would be Elmer Fudd.

"
1053,talk.politics.misc,talk.politics.mideast,"
: First off they could recognise Iraqu's responsibility in initiating the
: Iran/Iraq war. Providing technical assistance to Iran to get it's oil
: production back up to capacity would also be a smart move, at the moment 
: Iran is above it's OPEC ceiling. If they had extra capacity they would
: use it and bring down the oild price further which is in our interests.

I agree with most of what Phill says, except the point about it being in
our interests to bring down the oil price.  Consider that both the U.S.
and Great Britain have domestic sources to partly satisfy 
their energy needs.    Pricy OPEC oil impacts both Germany,
Japan and many other ""industrial rivals"" more than these two.  
In addition, the proceeds from the sale (especially by Saudi Arabia, Kuwait
U.A.E. etc) are disproportionately reinvested in the U.S. and G.B., 
propping up these economies and further providing an incentive 
to keep prices from falling too low."
1260,talk.politics.misc,talk.politics.guns,"




OK, I admit I have no hard data on this. Why don't you help me with this?
If you would compile a commented list of all grants, un-repaid loans (if any),
and direct aid, I'd be very interested to see it. If you could give me
references from, for example, Congressional Budget Authorization Hearings,
I could look them up here and I'd be happy to post a verification of your
data.

Otherwise, I'll try my hand at this, but unfortunately I won't have sufficient
time available until the end of this month, so the results would be delayed.

Let me know if you're interested in doing this.

___Samuel___
Mossad Special Agent ID314159
Media Spiking and Mind Control Division
Los Angeles Offices"
1069,talk.politics.mideast,talk.politics.guns,"Mr. Freeman:

Please find something more constructive to do with your time rather
than engaging in fantasy..... Not that I have a particular affinty
to Arafat or anything.

John

"
1081,talk.politics.mideast,talk.politics.guns,"


[ ... questions omitted ... ]


Funny you should mention it, but I've heard these questions time
and again, also.  Why just the other day, a couple neo-Nazis by
UCLA were passing out literature like this.
Cheers,
Steve"
599,talk.politics.guns,talk.politics.mideast,"If one reasons that the United States of America at one time represented 
and protected freedom << individual liberty and personal responsibility >> 
(and I do, in fact, think that this is true) and that totalitarianism << 
absolute government control and tyranny >> represents freedom's opposite 
(which it does), did the USA really win the cold war?

Standard disclaimers ALWAYS apply!

----------------
Graham K. Glover
----------------"
1223,talk.politics.misc,talk.politics.guns,"Now, that Clinton can get e-mail, i'm wondering if Congress is also
going on line.. If so, does anyone have the address to reach them??
I'm also looking for Bill's e-mail address.
please e-mail me, i am not a regualar reader of this newsgrouop.
"
487,talk.politics.mideast,talk.politics.guns,"

The problem if  transffering US government files about Yigal Arens
and some other similar persons does or does not violate a federal
or a local American law seemed to belong to some local american law
forum  not to this forum.
The readers of this forum seemed to be more interested in the contents
of those files.
So It will be nice if Yigal will tell us:
1. Why do American authorities consider Yigal Arens to be dangerous?
2. Why does the ADL have an interest in that person ?
3. If one does trust either the US government or the ADL what an
   additional information should he send them ?
"
429,talk.politics.misc,talk.politics.guns,"


Pity you didn't say something about the use of statistics to justify
targeting and persecuting a minority, then.



What in the Tree makes you think we queers CAN'T experience that commitment? 
What's stopping us from committing to one partner for the rest of our lives? 
I have every intention of doing so, once I find the right person...and
whether that person is male or female, I seriously doubt that a church
ceremony/public vow/licence will make any difference whatsoever in the sort
of commitment I experience with that person.  You have no conception of the
difference marriage makes since you have never known any other way.




You're getting to the right idea here...just be careful of making statements
like the above, and you'll be part of the solution and not the problem.


No flames necessary. :)

Drywid"
894,talk.politics.misc,talk.politics.guns,"
The tax protesters are legally correct, but they are put in jail anyway.

The weakness of the governments legal position is shown by the fact that when
someone protesting tax or gun laws on legal grounds gets a federal jury trial
(very rare) the feds blatantly stack the jury, with the same old faces turning
up time after time.

However Teel should have mentioned that though his advice is legally sound, if
you follow it you will probably wind up in jail.
"
1403,talk.politics.guns,talk.politics.mideast,"
Proper counter to this claim:  ""Forensic analysis of the WTC bomb by
means of taggants would have been as impossible as semantic analysis
of NYT editorials by means of taggants -- the difficulty in both cases
being to have persuaded the bull to consume the taggants before 
production of either item.""
-- "
1503,talk.politics.misc,talk.politics.guns,"
Do they have a history of working in massage parlors, and telling
co-workers there that they are prostitutes?  Do they frequent truck
stop parking lots at 4:00 AM, without ID on any sort?
"
475,talk.politics.misc,talk.politics.mideast,"William December Starr writes...

in a typical lawyer baiting fashion, as usual. 

(All the while ignoring every principle of the ACLU.)

Good to see your still out there WDS. Surely we've
been around the ring enough by now, that you know 
you can't spin me up with expletives. 

Let's see if there's anything left worth responding to...


E for effort. Heard about the folks who live around foghorns and 
airports?


Seems right in character to me -- creature of the state. 
Btw, are you still happy with your presidents?


See the part about the children following the ""and"" in the first line
above. 

As to a connection, your ""cult"" is ""faith in rules"". 


Sure. My concern is the well being of the children.  


{Interesting that you would respond ""emotionally"" in defense of the 
government. Maybe there is a beating heart there.}

For the record though, the biggest-baddest goverment on earth claims 
the most sovereignty over man. Best I can tell God allows anyone to
go to hell who wants to. Omnipotency logically determines that ""allowing""
and ""sending"" mean the same thing.  (Mere human concepts of course.)

So come on WDS. Why bother to try some flimsy facade of logic. Waco
proves it's not needed -- the demonstration that government can walk
over it's own rules in the name of justice has been made. No problem 
by me. Noted and announced -- for the record. Just giving the govern-
ment it's due, and getting back to more worthwhile non-government 
concerns. "
779,talk.politics.guns,talk.politics.mideast,"Today's atrocity in Waco has finally impelled me to start working on
something I've been thinking about for some time.  Over the last few
years I have heard of one case after another of government running
completely amok.  Unfortunately, most people are oblivious of the
government's crimes and still think of it as their protector.  So I
intend to put together what I call the ""American Horror File"": a
compilation of cases where the American government has run roughshod
over the rights of its citizens over the last few years, focusing
especially on deaths and injuries resulting from no-knock warrants,
and financial ruin to innocents resulting from civil forfeiture laws,
but including any other cases for which I can find decent
documentation.  I hope to make people blood-boiling, artery-bursting,
red-hot enraged at their government.

The end result will probably be a book in electronic form (ASCII text
and postscript files) detailing the government's crimes of recent
years.  This book will be distributed at cost, and I will encourage
people to post copies to BBS's, send copies on disk to friends, and
print out copies and give them to neighbors.

This is a call for your help.  Any information that you can send me on
how government is running amok will be greatly appreciated.  I would prefer
information that is well-documented, with sources given, about specific
instances of governmental abuses.  I also welcome anyone who wants to
join me in collecting and researching information for this project.
"
922,talk.politics.misc,talk.politics.guns,"In case you missed it on the news....the first 16 Haitians
of many that tested positive for HIV and were being held on a
base in Cuba have been flown to the U.S.
     Further a U.S. judge has ruled that they must receive
medical treatment or be returned to a place where they could
receive same.

      So guess what folks, we taxpayers get to pick up the tab 
(just as you might have expected) for people who have never
contributed a dime to the U.S. society."
393,talk.politics.mideast,talk.politics.guns,"


Source: A. Alper Gazigiray, ""Osmanlilardan Gunumuze Kadar Vesikalarla 
        Ermeni Teroru'nun Kaynaklari,"" Gozen Kitabevi, Istanbul, 1982.

pp. 267-268.

""Van'dan sonra ilk isyan Sebinkarahisar'da basladi. 1915 senesi 5 
 haziran da, Sivasli Murat [Hamparsum Boyaciyan - sa] denilen bir 
 caninin emri altinda 500 kadar cete Sebinkarahisari basti. Burasi o 
 zaman en onemli askeri bir yerdi. Erzurum bolgesinde Rus ordusu ile 
 savasan Osmanli Ordularinin butun ikmal araclari buradan gecmekte idi. 
 Ermeniler boyle onemli bir yer isgal ettikleri takdirde Turk 
 ordularinin ikmali yapilamayacak ve Rus Ordularinin harekati 
 kolaylasacakti. Sebinkarahisarin islam mahalleleri tamamen atese 
 verildi. Her rastlanan Turk iskence ile olduruldu.

 Mus'da ayni sekilde isyan devam ediyordu. Sason daglari Ermeni 
 eskiyalariyla dolu idi. Bu isyanlari, ordunun arkasini vurmak ve Rus 
 Ordusunun ilerlemesini saglamak icin Ermenilerin pasa dedikleri Rupen 
 idare ediyordu. Bundan baska, Rus Ordularinin Rus - Turk sinirindan 
 gecerek Turk topraklarina girdikleri bu safhada Rus Ordusu icinde 
 bulunan Ermeni gonullu alaylariyla Rus Ordularinin isgali altina giren 
 Ermeni koylerindeki silahli halk, Turk koylerine hucum ederek bu 
 koyleri yakip yikmislar ve Turk halkini hatira gelmeyen mezalim ve 
 iskence ile oldurmulerdir. 

p. 285.

""Bu suretle sehirde 23 gun cok kanli olaylar cereyan etti, bu sure 
 sonunda Van, Ermeniler tarafindan tamamen isgal olundu. Buradan 
 kacabilen Turklerin, Ermenilerin davranislari hakkinda verdikleri 
 haberler tuyler urpertici idi. Cunku isyancilar halkin cogunu oldurmus,
 kadinlarin irzina gecmis, Turk kadin ve kizlarini bazi evlerde 
 topladiktan sonra buralarini Genelev haline getirmislerdir. O zaman 
 Van'da 1500 kadar kadin ve cocuktan baska Turk kalmamis, bunlari da 
 oradaki Amerikalilar korumustur. Sehir bastan basa harab olmus, carsi 
 kamilen yanmisti.""

Serdar Argic"
915,talk.politics.guns,talk.politics.misc,"
They'd probably quote Montesque (sp?) who was once asked if Russia
was likely to become a democracy any time soon: ""No, because
Russia is a nation of slaves and the people get what they deserve.""
Since he said that, Russia has changed a great deal. But so, 
unfortunately have other nations."
1182,talk.politics.mideast,talk.politics.guns,"

I'm sure the Federal Bureau of Investigation (fbi.gov on the Internet) is going
to *love* reading your incitement to murder.
"
55,talk.politics.misc,talk.politics.guns,"
In billions of dollars (%GNP):
year  GNP    receipts     outlays       deficit     debt    unempl%  admin
====  ====   ===========  ============  =========   ======  =======  =======
1977  1930   355.6 (18.4) 409.2  (21.2) 53.6 (2.8)   709.1           Carter
1978  2174   399.6 (18.4) 458.7  (21.1) 59.2 (2.7)   780.4           Carter
1979  2444   463.3 (19.0) 503.5  (20.6) 40.2 (1.6)   833.8           Carter
1980  2674   517.1 (19.3) 590.9  (22.1) 73.8 (2.8)   914.3   7.9     Carter
1981  2986   599.3 (20.1) 678.2  (22.7) 78.9 (2.6)  1003.9   8.4     Reagan
1982  3130   617.8 (19.7) 745.7  (23.8) 127.9 (4.1) 1147.0  11.0     Reagan
1983  3325   600.6 (18.1) 808.3  (24.3) 207.8 (6.2) 1381.9  10.9     Reagan
1984  3688   666.5 (18.1) 851.8  (23.1) 185.3 (5.0) 1576.7   8.6     Reagan
1985  3958   734.1 (18.5) 946.3  (23.9) 212.3 (5.4) 1827.5   8.1     Reagan
1986  4177   769.1 (18.4) 989.8  (23.7) 220.7 (5.3) 2129.5   7.9     Reagan
1987  4442   854.1 (19.2) 1002.1 (22.6) 148.0 (3.4) 2354.3   7.1     Reagan
1988  4771   909.0 (19.1) 1064.1 (22.3) 155.1 (3.2) 2614.6   6.3     Reagan
1989  5201   990.8 (19.0) 1142.8 (22.0)	152.0 (2.9) 2881.1           Bush
1990         1031.2       1251.6        220.4       3190.5           Bush
1991	     1054.3	  1323.0	268.7       3599.0           Bush

[Source: Statistical Abstract of the US (1990 version), American Almanac 
(1993 version), Universal Almanac (1993 version), Information Please Almanac
(1991 version)]

		GRAPHICALLY: Deficits as a % of GNP, 1981-89

% GNP
7|
 |
6|                       X
 |                                       X       X
5|                               X                
 |                                                
4|               X
 |                                                       X
3|                                                               X       X
 |       X
2|
 |
1|
 |____________________________________________________________________________
0	1981	1982	1983	1984	1985	1986	1987	1988	1989

	Ironically, Bush could have frozen spending, kept his ""no new taxes""
pledge and balanced the budget."
648,talk.politics.misc,talk.politics.mideast,"SECRET PURPOSE OF FALKLANDS WAR;  [with IN-VISIBILITY Technology]

Dr. Beter AUDIO LETTER #74 of 80

Digitized by Jon Volkoff, mail address eidetics@cerf.net

""AUDIO LETTER(R)"" is a registered trademark of Audio Books,
Inc., a Texas corporation, which originally produced this tape
recording.  Reproduced under open license granted by Audio
Books, Inc.

-----------------------------------------------------------------

This is the Dr. Beter AUDIO LETTER(R), 1629 K St. NW, Washington,
DC  20006.

   Hello, my friends, this is Dr. Beter.  Today is April 30,
1982, and this is my AUDIO LETTER(R) No. 74.

  It's now been almost one month since war broke out in the South
Atlantic.  On the surface it seems that it's only a dispute
between Argentina and Great Britain over the barren, wind-swept
Falkland Islands and South Georgia Island.  In reality, it's far
more than that.

   The so-called Falklands crisis is just the visible tip of a
giant military operation.  During this month of April 1982,
fierce naval battles have taken place--not only in the South
Atlantic but also in the South Pacific.  Up to now most of the
hostilities have been kept under wraps by wartime censorship on
all sides.  But as I say these words, the naval war in the
Southern Hemisphere is about to come to the surface.

   Beginning today, April 30, a total naval and air blockade of
the Falklands by the Royal Navy has begun.  At the same time a
counterblockade has been declared by Argentina in the same area.

   To be effective, a blockade must be imposed over a period of
time, but the Royal Navy does not have that much time.  Winter is
coming on in the South Atlantic, and the British supply lines are
overextended.  Having come this far, Her Majesty's navy cannot
simply drop the blockade and sail away in a few weeks time
without drawing blood from Argentina.  As a result the British
will be forced to undertake military operations very soon no
matter how risky they may be.

   There is also another reason why the Royal Navy now has no
choice but to engage the Argentine forces in combat.  That
reason, my friends, is that the Royal Navy has already suffered
losses in secret combat this month.  Up to this moment there will
be no way to explain away the damage which has been sustained by
the British fleet.  Only when publicly admitted fighting erupts
will the British dare to admit that they have suffered battle
losses.  To obtain that cover story, the British have no choice
but to sail into combat; but in doing so, they will be risking
even heavier losses on top of those already sustained.  In short,
my friends, Her Majesty's navy has sailed into a trap.

   The events now unfolding in the South Atlantic carry strange,
ironic echoes of the past.  For weeks now we've been hearing
countless commentators referring to the British task force as an
""armada"" (quote).  The British of all people ought to be very
uneasy with that description.  The original Spanish Armada 400
years ago was renowned as a seemingly invincible fighting force,
but it came to grief in a naval disaster so complete that it
changed the course of history--and it was none other than the
English navy that destroyed the Spanish Armada.

   The original Spanish Armada put to sea in 1588 during the
reign of England's Queen Elizabeth I.  The Armada was an invasion
fleet carrying thousands of crack fighting men to invade England. 
They were met by the daring sea dogs of Sir Francis Drake.  Drake
and his small, fast ships turned the tables on the Spanish Armada
by changing the rules of battle.  The English fleet was equipped
with new longer-range guns, and it stayed upwind and out of
reach.  From there the English pounded, smashed, and shattered
the big ships of the mighty Armada.  When it was all over, barely
half the Spanish fleet was left to limp back to port.  Drake's
defeat of the Spanish Armada was a shock to the world.  It opened
the door for England under Queen Elizabeth I to start its
expansion into a truly global empire.

   Today, 400 years later, history seems to have come full
circle.  Queen Elizabeth II is witnessing the dismantling of the
world empire whose heyday began under Queen Elizabeth I, and now
the cultures of England and of Spain are once again in
confrontation.  Once again a so-called armada is preparing for
invasion, but this time the armada is British, not Spanish.  Four
hundred years ago Sir Francis Drake was the hero of the day;
today, the ghost of Francis Drake is once again on the scene.

   The South Atlantic war zone is at the eastern end of the Drake
Passage around the southern tip of South America.  The defeat of
the Spanish Armada four centuries ago broke the back of Spain's
naval supremacy, and now the defeat of the new British armada may
well break the back of what remains of the once glorious Royal
Navy.

   My three special topics for this AUDIO LETTER are:

Topic #1--THE MILITARY SECRET OF SOUTH GEORGIA ISLAND
Topic #2--THE SECRET NAVAL WAR OF THE SOUTHERN HEMISPHERE
Topic #3--THE ROCKEFELLER FEAR CAMPAIGN AGAINST NUCLEAR WAR.

Topic #1--When the Falkland Islands crisis began early this month
it looked at first like a tempest in a teapot.  For a century and
a half since 1833, the Islands have been controlled by Great
Britain.  During that entire time, British sovereignty over the
Falklands has been disputed by Argentina.  There have been
countless threats by Argentina to seize the Islands, which it
calls the Malvinas, but the threats have always come to nothing
in the past and Britain has never even gotten very worried about
them.

   The Islands are four times as distant from Argentina as Cuba
is from the United States, and they are not much of a prize. 
After 150 years of occupancy, the Falklands are home to fewer
than 2,000 British settlers and a lot of sheep.  In short, the
remote Falkland Islands hardly look like something to fight over,
and yet here we are watching another crisis take place.  We are
watching as war erupts between Great Britain and Argentina.

   The Thatcher government is acting as if it has forgotten all
about its usual preoccupation with the Soviet threat at NATO's
doorstep.  Instead, Britain is throwing almost everything it's
got at Argentina---aircraft carriers, cruisers, destroyers,
submarines, assault ships--you name it.  Luxury cruise ships have
even been commissioned and turned into troop carriers overnight. 
Wave after wave of additional assault troops have been activated
and sent to join the fleet even after it sailed.  Ships and
submarines have been pulled off station from normal NATO duty and
sent to reinforce the task force.  The initial 40-ship force has
grown steadily over the past several weeks into an armada
numbering over 70.  Over two-thirds of the entire Royal Navy has
already been deployed to the South Atlantic off Argentina.

   Watching all this, a lot of people are asking: What's this
fight really all about?  The most popular answer suggested in the
major media is ""oil.""  Vast deposits of oil are known to exist
under the continental shelf between Argentina and the Falklands,
but that has been known for nearly 10 years.  In no way does it
explain the timing of the sudden military offensive by Argentina
this month, and oil explains even less about the Argentine
seizure of South Georgia Island.

   South Georgia Island is 800 miles east of the Falklands with
no known oil deposits anywhere near it; and compared to South
Georgia, the Falklands are an island paradise.  South Georgia
Island is covered with rugged mountains, treacherous valleys,
glaciers, and semi-permanent snow.  Most of it is uninhabitable. 
On top of all that, Argentina has absolutely no legal or
historical claim to South Georgia Island.  In that respect it
stands in sharp contrast to the Falklands.

   In the early 1830s the Falklands were occupied for a while by
Argentine colonists.  In 1833 the British expelled them and took
over the Island.  For that and other historical reasons,
Argentina argues that the Falklands really belong to Argentina,
not Britain.

   But no such argument is possible for South Georgia Island.  It
has always been controlled by Britain, never by Argentina or
Spain.  The Argentine seizure of South Georgia Island looks even
more unreasonable from a military point of view.  Argentina's
leaders are military men and they think in military terms.  They
were well aware ahead of time that far-off South Georgia Island
could not possibly be held for long.  By seizing it they were
setting themselves up to absorb a military defeat, as the Island
was retaken by Britain.  So the question is: Why did Argentina's
military junta bother with the seemingly worthless South Georgia
Island at all?

   My friends, the answers to all these questions are military,
not political or economic.  South Georgia Island possesses an
enormous military secret.  It's a giant underground installation
buried under the mountains at the northwest end of the Island. 
The real reason for the so-called Falkland crisis is this secret
installation, together with two other similar installations which
I will describe shortly.

   The secret military complexes have been in existence for many
years; they are not new.  What is new is the accelerated nuclear
war timetable of the American Bolshevik war planners here in
Washington.  For the past two months I've been reporting the
details of this new war plan to you as quickly as I can obtain
and verify them.

   The plan calls for NUCLEAR WAR ONE to erupt by September of
this year 1982!!  It is this fast-approaching nuclear war threat
that caused the so-called Falklands crisis to erupt now.

   What is going on now is a coordinated effort to spoil part of
the Bolshevik grand strategy for the coming nuclear war.  The
mutual enemies of the American Bolsheviks here--namely, the
Rockefeller cartel--and Russia's new rulers in the Kremlin are
behind the present crisis.  They are trying to ruin Phase #3 of
the ""PROJECT Z"" war plan which I revealed last month.  That phase
is to be world domination by the American Bolsheviks after both
Russia and the United States have been destroyed in NUCLEAR WAR
ONE.  As I mentioned last month, the key to this plan is the
existence of secret weapons stockpiles in various places around
the world.

   The American Bolshevik military planners here in America are
working with other Bolshevik agents in key military positions of
other countries to set off war.  Having done that, they intend to
ride out the nuclear holocaust they have caused, safe and cozy in
Government war bunkers!  When the warring nations finally lie
smoldering and exhausted, the Bolsheviks will leave the shattered
remains of their host countries.  They will rendezvous at the
secret weapons installations and bring their weapons into the
open.  They will confront the world with the only remaining
fresh, up-to-date, powerful military force on earth; and using
that military power, they will become the undisputed rulers of
the world--that is, they plan to do all this, and they plan to
pave the way for world domination very soon by setting off
NUCLEAR WAR ONE in a matter of months.  The Rockefeller cartel
and Russia's new anti-Bolshevik rulers are working together in a
race against time to try to head off the Bolshevik war plan.

   Last month I mentioned that the Bolsheviks here are
benefitting from war preparations which were started by the
Rockefellers long ago.  It has only been about three years since
the Rockefellers were dislodged as the prime movers of the United
States Government by the Bolsheviks.  Since that time the United
States Government has been a house divided, torn by internal
power struggles between rival Bolshevik and Rockefeller factions. 
But before that, the United States had been dominated for decades
both economically and politically by the Four Rockefeller
Brothers.

   In 1961 the Brothers launched a new long-range plan for world
domination.  It was a two-prong strategy, half visible and half
secret, which I first described long ago in AUDIO LETTER No. 28. 
It was a plan for the United States to arm to the teeth in secret
while appearing to disarm gradually.  Without repeating all the
details, the basic idea was grandiose yet simple.  By
deliberately appearing weak, the Rockefeller-controlled United
States would maneuver itself into a nuclear war with Russia. 
Then the secret weapons, including superweapons, would be
unleashed to smash Russia and take over the world.

   When they set the grand plan in motion in 1961, the
Rockefeller Brothers were looking ahead to a nuclear war by the
late 1970s.  Their military analysts concluded very early that
the war being planned would have very different effects on the
Northern and Southern Hemispheres.  Both superpowers, the United
States and the Soviet Union, are located well up in the Northern
Hemisphere; so are the other full-fledged nuclear powers--Great
Britain, France, Red China, and India.  By contrast, the
strategic targets for nuclear war in the Southern Hemisphere are
relatively few and far between.  In other words, it was expected
that the coming nuclear war would be essentially a Northern
Hemisphere war.

   In an all-out nuclear holocaust it is known that serious
radioactive fallout will gradually spread to affect even areas
not initially hit by war.  But there are limits to how far the
war clouds can spread.  It was discovered long ago that there is
very little mixing between the air of the Northern and Southern
Hemispheres.  In the northern half of our planet, cold air from
the North Pole works its way southward towards the equator, then
it works its way back to the north as warm air.  A mirror image
of this process takes up the southern half of the planet. 
Northern and Southern Hemisphere air meet in the equatorial zone,
but very little of the air changes places.

   The military conclusion, my friends, is this: the coming
nuclear war could ruin large areas of the Northern Hemisphere for
generations to come; but if the calculations are right, the
Southern Hemisphere could escape virtually unaffected by the war. 
This was music to the ears of the Four Rockefeller Brothers.  A
quick look at the globe of the world shows why.  The Rockefeller
cartel has dominated Latin America ever since World War II.  As I
discussed in my very first monthly AUDIO LETTER, Nelson
Rockefeller solidified the cartel grip on Latin America during
the war.  He accomplished this as so-called ""Coordinator of
Hemispheric Defense"" for then-President Franklin D. Roosevelt. 
So that takes care of the South American continent and its
natural resources.

   Then there is the African continent.  There, too, Rockefeller
control was already in effect over wide areas of Black Africa,
especially south of the equator.  All this was thanks to the
efforts of John D. Rockefeller III, as I detailed in AUDIO LETTER
No. 36.

   Looking around the globe, the most important remaining land
masses from the standpoint of world domination are Australia and
New Zealand.  Thanks to World War II, both were wide open to the
Rockefellers.

   The Rockefeller Brothers decided to establish secret military
installations in the Southern Hemisphere for use after the coming
war.  By this means they expected to become the masters of the
surviving southern half of planet Earth after the Northern
Hemisphere war.  Then, as the Northern Hemisphere gradually
recovered from the nuclear holocaust, the Rockefeller empire
would be able to pick up the pieces.  In this way the third
generation Rockefeller Brothers expected their family dynasty to
inherit the Earth.

   In order to control the Southern Hemisphere militarily after
the war, some means would have to be available to project
military power onto any land mass.  For example, revolts against
Rockefeller domination would require troops--not a blast from the
beam weapons on the Moon.  The most critical factor for postwar
military domination of the world was found to be a navy.  A
minimum of two secret naval fleets would be required--one based
in the South Atlantic, the other in the South Pacific.  Since the
reserve naval fleets were to be kept secret until after the
Northern Hemisphere nuclear war, they could not be built in
existing shipyards.  New construction facilities had to be built
and they had to be hidden.  To hide an entire shipyard is no
small task; they take up a lot of space.  On top of that, it was
essential that the ships remain hidden after they were built. 
The best way to achieve that was to combine the shipyard and
naval base into one over-all secret installation.  Finally, the
secret naval installation had to be invulnerable to nuclear
attack; otherwise if its existence were ever discovered
prematurely, the secret navy might be wiped out.

   The combined requirements for secrecy, space, and protection
against attack were formidable; but one day in 1959, while all
these plans were still in the early stages of development, the
answer presented itself.  During a so-called banking trip to
Sweden, David Rockefeller was given a tour of a unique hidden
naval port.  The port is hollowed out from solid granite cliffs
which come right down to the water.  The entrance to the port is
a gigantic hole in the side of the cliff which can be sealed off
with enormous steel doors.  Inside this big doorway on the water
a huge cavity has been hollowed out to accommodate ships.

   The Rockefeller Brothers and their military adviser decided
that a bigger, more secret, better protected version of the
Swedish hidden port was just what they wanted.  A survey of
candidate sites was then initiated.  The site survey covered
coastal areas throughout the Southern Hemisphere.  Many areas
were rejected very quickly because the topography was wrong. 
Other areas were rejected because they were too close to the
equator.  Still others had to be ruled out because there were too
many people living nearby, making the desired level of secrecy
impossible.  Finally, it was essential that the sites chosen for
the secret naval installations be totally secure politically.

   At last the sites for the secret naval installations were
selected.  In the South Pacific, extreme southern New Zealand was
selected.  This is what I was alluding to in AUDIO LETTER No. 71
three months ago when I called attention to New Zealand's extreme
importance in the coming war.

   In order to obtain the necessary space, the secret New Zealand
naval installation had to be divided up into two sites located
close together.  One is at the extreme southwest tip of South
Island where the mountain range known as the Southern Alps comes
down virtually to the water's edge.  The other part of the
installation is built into the northwest tip of Stewart Island,
which is off the tip of South Island.  The Stewart Island
facility is hollowed out within a rise known as Mt. Anglem.

   The New Zealand location met all the requirements.  Ever since
World War II the government of New Zealand has been tied even
closer to the United States than to Great Britain.  The location
is far from the equator, and the installations are buried deep
under mountains, protected from nuclear attack.  They are also
too deep to be reached by particle-beam attacks, and the New
Zealand site is well situated to command the entire South
Pacific.

   In the South Atlantic an even more perfect site was found. 
That site, my friends, is South Georgia Island.  It is located
perfectly for naval domination of the entire South Atlantic.  The
tall, rugged mountains provided a perfect location for the secret
installation at the northwest tip of the 100-mile long island. 
It is controlled by Great Britain whose government, like that of
New Zealand, was willing to cooperate; and South Georgia Island
was virtually uninhabited except for a whaling station on the
northeast coast.  The whaling station was some 50 miles away from
the secret new installation which was being built, but Britain
took no chances.  In 1965 the whaling station was closed down. 
Since that time there have been no inhabitants on South Georgia
Island except for a few dozen alleged Antarctic scientists.

   Construction of the secret naval facilities--two in New
Zealand, one on South Georgia Island--began in the early 1960's. 
The techniques were adapted from those used previously to build
other large underground facilities, such as the NORAD
installation inside Cheyenne Mountain, Colorado; however these
techniques were adapted in radically new ways to achieve
construction access directly from the sea instead of overland. 
In this way, the sheltering mountain was left undisturbed in
appearance both during and after construction.

   The cuts in the mountain side which were necessary to let
ships in and out were kept as small as possible and were well
camouflaged.  Like the Swedish hidden naval port arrangement, the
entrances to the secret installations can be sealed up.  When
sealed, the entrance is virtually impossible to detect unless you
know exactly where it is; and unlike most large construction
projects, there are no tailings or piles of leftover rock lying
around to attract attention.  The man-made caverns which house
the secret naval installations are enormous, but all the rock and
debris was disposed of at sea.

   Once the secret naval facilities were built, they had to be
outfitted for ship construction and docksite storage.  The fake
disarmament of the United States during the 1960s contributed
greatly to this task.  From 1961 to 1968 one man played a pivotal
role in this elaborate Rockefeller scheme.  He was then-Secretary
of Defense Robert McNamara.  All through the 60's McNamara
presided over the public paring back of America's visible
military power.  This included the closing down and dismantling
of entire shipyards.  What we were not told was where all that
shipyard equipment went afterwards.  Where it went, my friends,
was to the new secret installations which were being outfitted in
New Zealand and South Georgia Island!

   The secret naval installations have been used as duplication
facilities to reproduce certain ships and submarines designed and
built here in the United States.  As Defense Secretary Caspar
Weinberger told Congress recently, it is cheaper to build two
ships at a time.  That is especially true if the second ship is
an exact duplicate of the first.  This has become even more true
in recent years through the use of computerized manufacturing
techniques.

   The secret naval fleets which have been built at the secret
installations are made up of duplicates--exact duplicates of
certain other ships and submarines.  They are all nuclear
powered--nuclear ""subs""; nuclear cruisers; nuclear destroyers;
and yes, nuclear aircraft carriers, three of them.  A secret twin
was built for the U.S.S. Nimitz, for the U.S.S. Eisenhower, and
for the newly-launched U.S.S. Carl Vincent.  All have been
financed through the gigantic cost overruns, so called, that we
constantly hear about in the Defense Department; and all three
carriers have been provided with a full complement of aircraft
whose manufacture was financed the same way!

   The ships of the secret American Bolshevik naval fleets are
all duplicates of other nuclear-powered vessels.  Even so, the
secret naval ships possess one key difference.

   Last month I revealed that the so-called ""Stealth Program"" has
succeeded in developing a kind of electromagnetic invisibility
shield.  This technique makes an object invisible from a distance
by distorting light waves in its vicinity.

   A whole new fleet of Phantom war-planes are now going into
crash production that use this principle; and, my friends, all of
the secret American Bolshevik navy ships have already been
outfitted with similar Stealth-field equipment!  The Stealth
principle is actually easier to apply to ships than to airplanes
because there is more room for the powerful equipment that
generates the field.

   After NUCLEAR WAR ONE, the secret Stealth navy of the American
Bolsheviks would be light years ahead of any other navy left on
earth.  It would be perfect for the intended role of world
domination.  The Rockefellers set it all in motion long ago, my
friends, but three years ago they lost control of the United
States Military.  Now it's the American Bolsheviks who are in
control, and they are bent on war.

   These secret naval installations have precipitated what is
being called the ""Falklands crisis.""

Topic #2--In AUDIO LETTER(R) No. 73 last month I described
""PROJECT Z"", the new Bolshevik three-phase strategy for NUCLEAR
WAR ONE.

   An elite group of American Bolshevik military planners here
are flushing out the plan right now at a secret war-room here in
Washington.  It's a plan by which the United States will strike
the first nuclear blow, followed by all-out thermonuclear war
with Russia.

   Having set off the holocaust, the Bolsheviks here and in
certain other countries plan to rise it out safe in comfortable
war bunkers.  Finally after NUCLEAR WAR ONE fizzles out in
stalemate, they plan to leave behind the ashes of the United
States and her allies.  Activating Phase #3 of their grand
strategy, they plan to unveil their secret weapons, especially
their secret naval fleets.  With these they plan to conquer and
rule what is left of the world.  The United States as we know it
will be dead and gone; but in the eyes of the Bolsheviks
themselves, this outcome will constitute victory.

   Up to now the nuclear war timetable which I first revealed two
months ago is still on track.  They are still shooting for
nuclear war to begin by September of this year 1982!  Time is
fast running out.

   The Bolsheviks here are sprinting as fast as they can toward
war; but, my friends, the Bolsheviks are not the only runners in
this race.  They have two deadly enemies, both of whom are
equally determined to trip up the Bolsheviks.  One enemy of the
Bolsheviks here is the Rockefeller cartel; the other enemy is the
new anti-Bolshevik ruling clique in Russia; and now these two
mutual enemies of the Bolsheviks are pooling their efforts in
certain ways.

   In AUDIO LETTER No. 71 three months ago I reported that a
limited, new anti-Bolshevik coalition was in the works between
the Rockefeller cartel and the Russians.  The January 26 meeting
between Haig and Gromyko in Geneva, Switzerland, was a turning
point in the formation of this coalition.  It is now a reality,
and is responsible for the so-called ""Falkland crisis"" now
dominating the headlines.  It should be emphasized that this new
relationship between the Rockefeller cartel and Russia falls far
short of a true alliance.  They have very major disputes to be
settled between them, but for the time being they have called a
truce between themselves to deal with their mutual deadly
enemy--the Bolsheviks here in America.

   The first priority of the Russians and the Rockefellers is to
slow down the Bolshevik preparations for imminent nuclear war. 
If they can do that, time is on the side of the Rockefeller
cartel in certain political movements which I discussed last
summer in AUDIO LETTER No. 67.  A slow-down in the nuclear war
timetable will also give more breathing space for additional
anti-Bolshevik actions to be implemented.

   The joint Rockefeller-Russian planners decided by mid-February
that military action against the Bolsheviks was essential very
quickly.  No other type of action had any hope of taking effect
fast enough to prevent nuclear war by the end of this summer.

   The exact details of the ""PROJECT Z"" war plan are not known to
either the Rockefellers or the Russians, but the general outlines
are known to be as I described last month.

   It was decided that military action should be devised that
would undermine Phase #3 of the Bolshevik war plan--that is, the
Bolshevik-controlled secret naval installations and fleets in the
Southern Hemisphere should be attacked and crippled.  By working
together, the Rockefeller cartel and the Russians were able to
devise an attack plan which neither could have carried out alone. 
The Rockefeller group, who built and originally controlled these
bases, provided detailed Intelligence about the best way to
attack them.  The Russians with their enormous military machine
provided the muscle to actually carry out the attack.

   It was essential to devise a scheme that would enable both
secret fleets in the South Atlantic and South Pacific to be
attacked.  Survival intact of either fleet would leave the
Bolshevik war plan still workable.

   Military analysts concluded very quickly that a direct assault
on the New Zealand facilities was out of the question.  There was
no combination of commandos, frogmen, or other military force
which could possibly keep an attack secret from the outside
world.  Any attack on the New Zealand bases would set off the
very war which the Rockefellers and Russians want to prevent.

   But the situation in the South Atlantic was a different
matter.  In a way, the greatest asset of South Georgia Island was
also its Achilles' heel.  The extreme isolation which protected
the secrecy of the South Georgia base also made a covert military
assault feasible.  The key lay with Argentina and her
long-standing claims to the Falkland Islands.

   As I mentioned in Topic #1, the Rockefeller cartel has
dominated all of Latin America for decades.  Cartel operatives
were sent to Argentina to work out a deal with the government
military junta there.  The historic dispute over the Falkland
Islands was to be used to provide a ruse, a military cover, to
enable the South Georgia base to be attacked.  The Argentine
generals were not told everything about the situation by any
means, but they were told enough to make clear what they were to
do.

   As an inducement to cooperate, the Argentine leaders were
promised handsome rewards.  They were guaranteed that after the
shooting was over, the Falkland Islands would remain in Argentine
hands.  This guarantee included the promise of covert military
assistance as needed against the Royal Navy.  And to bolster the
troubled Argentine economy, it was promised that the Rockefeller
cartel will help develop the immense offshore oil reserves.  With
these combined promises of military glory and financial rewards,
the Argentine military junta agreed to the plan.

   On March 19 Argentina carried out Act #1 in the joint attack
plan.  A group of Argentine scrap-metal merchants, of all things,
landed at the abandoned old whaling station on South Georgia
Island.  Supposedly they were there to dismantle the old
buildings and cart them off to sell.  While they were at it they
also raised the Argentine flag over the work-site.  The British,
always nervous about South Georgia Island, promptly reacted as
expected.  The British Antarctic survey ship ""Endurance"" put 22
Marines ashore.  They drove off the scrap merchants and tore down
the Argentine flag.

   The incident provided the desired excuse for the Argentine
Junta to bring the simmering 150-year-old Falklands dispute to a
boil.  From time to time in the past, Argentina has claimed that
South Georgia is part of the Falklands because it is administered
that way by Britain.  That argument is very flimsy but it now
came in very handy.  It was nothing new to hear this from
Argentine leaders, so there was no hint of what was really afoot.

   During late March, Argentine military forces started
assembling for an assault on the Falklands.  ""Nothing new"",
thought the British high command.  Argentina has carried out
threatening maneuvers in the past many times.  It was believed
that they were about to do it again; but on April 2 Argentine
forces did the unexpected.  After many past false alarms, this
time they actually invaded and seized the Islands.  All Argentine
public statements emphasized the long-standing historical claims
to the Falklands themselves; but just for good measure, the next
day a small Argentine force also seized far-off South Georgia
Island.  The force was so small that it gave the appearance
initially that it was just a side show from Argentina's point of
view; however, the small contingent of 22 Royal Marines were
overpowered and bundled off the Island along with a group of 13
alleged scientists.  That was the moment of payoff in the joint
Rockefeller-Russian attack plan.

   Thanks to the elaborate distraction staged by the Argentine
forces, a special commando team got onto the Island undetected. 
Based on the detailed Rockefeller information about the base, the
team moved to a location on the mountain directly above the
cavernous secret base.  Special high-speed drilling equipment was
set up by the Rockefeller members of the team while the Russian
members concentrated on military defense.  By late that evening,
April 3, the military high command in London finally learned what
was really taking place.  The secret South Georgia base was under
attack by virtually the only means possible.  The joint
Rockefeller-Russian team were drilling a shaft down through the
mountain toward the hollowed out cavern inside.  It was only a
matter of time until their drill would break through the ceiling
of the giant hidden naval base.  Once the hole was made, the next
step was obvious.  The Rockefeller-Russian team would put a
weapon of some kind through the hole.  The best guess was that it
would be a nerve gas.

   The shock waves that went through the highest levels of the
British government on the evening of April 3 can hardly be
described, my friends.  The Thatcher government, like the
so-called Reagan Administration here in America, is Bolshevik
controlled.  That's why Margaret Thatcher always says, ""Me, too""
any time the Reagan Administration says or does anything against
Russia.  Both governments are party to the secret nuclear war
plan in complete betrayal of the people of their respective
countries, and on the evening of April 3 they suddenly discovered
that their precious war plan was in deep, deep trouble.

   Immediately the Thatcher government started assembling a naval
armada to sail for the South Atlantic.  Haste was the order of
the day.  The drilling on South Georgia Island was proceeding
around the clock.  The best estimates were that the drilling
would break through into the roof of the naval base in about
three weeks, on or about April 24.  If help did not reach South
Georgia by then, the secret installation might be doomed.  The
forces stationed at the installation itself were unable to defend
themselves under the circumstances.  Their mighty naval ships
were ships in a bottle.  They did not dare open the bottle to
sail out to fight because the Russian commandos were armed with
tactical and nuclear weapons.  To open the blast-proof entrance
doors would be suicide.

   On April 5, just two days after South Georgia Island was
seized, some 40 naval ships began moving out of British ports. 
The same day Lord Carrington was sacked as Foreign Minister.  He
was forced to resign, my friends, because he had assisted the
Rockefeller attack plan by downplaying the Argentine attack
preparations.

   That same day, April 5, New Zealand, the home of the other
secret naval fleet, broke diplomatic relations with Argentina. 
The two hidden New Zealand facilities had been placed on ""Red
Alert.""  As a precautionary measure, all submarines at the twin
base were ordered to sea.  Several surface ships were already at
sea undergoing ""sea trials"", but that still left seven (7) major
ships inside the hidden twin naval base including one of the
nuclear aircraft carriers I mentioned earlier.

   On that busy day of April 5, Argentina's Foreign Minister,
Costa Mendez, was at the United Nations in New York.  He was
alarmed by the deployment of such a large part of the Royal Navy. 
Costa Mendez hurried here to Washington to seek reassurances from
certain officials.  He got them!

   For the next two weeks or so the news was filled with stories
about the allegedly slow movement of the British fleet while
negotiations went on.  That, my friends, was only a cover story. 
The Royal Navy was actually joining up and moving as rapidly as
possible toward South Georgia Island.  If the task force arrived
in time to save the secret base, a major battle was likely.  The
official stories about ""slow movement"" of the British armada were
intended to give a cushion of time for that battle.  If need be,
the fleet would have several days to retake South Georgia Island,
then it could move on to arrive near the Falklands on the
announced schedule.  In this way the crucial importance of South
Georgia Island would be hidden and the big secret preserved.

   It was initially expected that advance elements of the British
fleet would reach the vicinity of South Georgia Island within two
weeks.  That would have been soon enough to attack the joint
Rockefeller-Russian commando team and stop the drilling before it
was completed.  But Russian Cosmospheres and submarines made a
shambles of the plan.

   Key advance elements of the South Georgia attack contingent
left Ascension Island early April 14, two days before it was
announced officially.  Shortly after they did so, they ran into
trouble.  Russian Cosmospheres and attack submarines closed in on
a single ship which was critical to the planned counterassault on
South Georgia Island.  The Cosmospheres bombarded the bridge and
combat information center of the ship with neutron radiation.  In
moments the ship was without any command, its communications and
radar silenced.  Then a Russian ""sub"" closed in and quickly
finished off this key British ship with torpedoes.  It broke
apart with secondary explosions and sank rapidly.  So far as is
known, there were no survivors.

   This unexpected shock in the mid-Atlantic produced two
results, both important:

First, it caused a slowdown in the race toward the South Atlantic
by the British armada.  The task force had to be regrouped into a
configuration better suited for an enroute defense, but that cost
valuable time.  Public announcements from London about the
progress of the fleet reflected this slowdown.  The timetable for
arrival on battle stations near the Falklands started stretching
out longer and longer.  All this bought extra time for the joint
commando team on South Georgia Island.  The drilling continued.

The other result of the sinking was equally important.  Word was
flashed to the South Pacific Stealth navy to prepare for possible
action.  It was obvious that the Russian Navy was getting
involved in the Atlantic, which meant that the Royal Navy could
be in big trouble.  During the dead of night, early April 15, the
seven Stealth ships put to sea from their twin secret bases in
southern New Zealand.  They deployed to a secret operational
headquarters area in the Antipodes Islands, 450 miles southeast
of New Zealand.  Their electromagnetic shields were operating to
provide protection from attack.  These shields make it impossible
to communicate with the outside world or even to see it, as I
explained last month; but once they arrived at the Antipodes, the
Stealth ships hooked up to buoys equipped with shielded
communication cables to the Island headquarters.  The Antipodes
headquarters, in turn, was in constant touch with the South
Georgia base by way of a transoceanic cable around the tip of
South America.  The deployment of the available ships of the
South Pacific Stealth fleet was exactly what the joint
Rockefeller-Russian planners had hoped for.  The ships had been
flushed out from their essentially invulnerable hiding place in
New Zealand!

   The British ship's sinking of April 14 was also followed by
other events.  On April 15 the Argentine Navy started moving out
of port.  The same day, Alexander Haig arrived again in Buenos
Aires.  Supposedly he was there as a diplomat, but in reality he
was there as a General, dealing with Generals.  Haig is the top
Governmental operative of the Rockefeller cartel, as I have
revealed in the past.  He was making sure that the Argentines did
not get cold feet and back down at that critical moment.  Four
days later, April 19, Haig left for Washington.  As he boarded
his plane, Haig somberly told reporters, ""Time is running out."" 
And so it was, my friends, for the secret South Georgia base.

   The very next day, April 20, the drill broke through into the
hollowed-out cavern of the naval base.  Bolshevik military
analysts in London had not expected that it could be completed
until at least the following weekend.  The British fleet was
still out of range.

   The weapon which the commando team inserted down through the
long hole was a small, compact Russian neutron bomb.  When it was
detonated inside the confines of the huge artificial cave, the
effects were devastating.  The intense radiation instantly killed
everyone inside the base.  Also the heat and blast effects of the
bomb are believed to have damaged all the ships inside
sufficiently to badly disable them.

   Meanwhile, Russian Cosmospheres and submarines were converging
on the Stealth ships which were near the Antipodes Islands
awaiting orders.  From a distance, the ships were invisible to
the eye due to their protective shields, which also protect
against beam-weapon attack; but they were sitting ducks for the
tactics which the Russians employed.

   Floating overhead, the Cosmospheres located the seven ships
using their Psychoenergetic Range-Finding equipment known as PRF. 
As I have reported in the past, there is no method known by which
PRF can be jammed.  The Cosmospheres radioed the exact locations
of the ships to the attack submarines.  The ""subs"" were armed
with special non-homing, non-nuclear torpedoes designed to
explode on impact.  More sophisticated torpedoes would have been
thrown off course or detonated prematurely by the protective
shield of each ship; but these simple torpedoes just cruise right
through each invisibility field to strike the ship and explode. 
Within 15 minutes after the attack began, all seven Bolshevik
Stealth ships were on their way to the bottom, and with them went
their Bolshevik Commanders and mercenary crews collected from
around the world.

   The South Pacific action took place just after sunset local
time.  The time here in Washington was around 2:00 P.M. April 23. 
That evening Secretary of State Haig was seen briefly in public
with the new British Foreign Minister, Francis Pym.  Pym was
wearing the artificial pseudo-smile which diplomats are taught
always to display in public.  But not Haig.  Haig was grinning
from ear to ear, and no wonder.  The joint Rockefeller-Russian
military operation had been a brilliant success.  The secret
Bolshevik South Atlantic fleet had been virtually wiped out,
bottled up inside South Georgia Island; and the South Pacific
fleet, while not totally wiped out, had been badly crippled.  By
working together, the Rockefeller cartel and the Russians had won
the secret naval war of the Southern Hemisphere.

Topic #3--As I say these words, news reports give the impression
that war is about to erupt in the South Atlantic, but the real
war in the Southern Hemisphere is already over.  What we are
watching now is the beginning of its bloody aftermath.  That
aftermath is the battle for the Falkland Islands.  They have been
promised to Argentina as a reward for her role in the secret war.

   At this moment the Bolsheviks here in Washington are pressing
for a public announcement that the United States will side with
Britain.  As soon as that takes place, military action will heat
up fast around the Falklands.  Britain has no choice but to
fight.  She has already suffered casualties which cannot be
explained without a public battle; but by fighting, the
Bolsheviks in Britain are running the risk of a humiliating and
tragic defeat for the Royal Navy.

   Meanwhile, the Rockefeller strategists here are now
concentrating on a fast-building, anti-nuclear-war campaign.  On
all sides now we are hearing about the so-called ""nuclear freeze
movement.""  There are documentaries, articles, publicity of all
kinds to sensitize us to the terrors of nuclear war.  In recent
months, there have even been referenda popping up on election
ballots dealing with the nuclear war issue.  Medical doctors are
banding together to warn the public about what would happen if
there were a nuclear war.

   We are being told that all this is just popping up
spontaneously.  We are now 37 years into the nuclear age and
nothing like this has ever gained so much momentum before, yet
now we are supposed to believe that millions of Americans have
spontaneously gotten the same ideas at the same time.  If you
believe that, my friends, I give up.  Movements like this never,
and I mean never, develop without leadership, organization, and
money--and plenty of it.

   What we are watching is the Rockefeller public relations
machine at work.  As I've explained in the past, the Rockefeller
cartel cannot afford to let a nuclear war take place.  If it
does, they will lose everything because they are not in a
position to control it.  Instead, the deadly enemies of the
Rockefeller cartel, the Bolsheviks here, will win out if there is
a war; and so the Rockefeller faction is now doing everything in
its power to prevent a nuclear war.

   The present anti-nuclear-war orientation of the Rockefeller
cartel creates certain temporary common interests between them
and Russia; but as Russia's new rulers know very well, this does
not spring from any great moral perspective on the part of the
Rockefeller group.  It's purely a matter of practical necessity
right now for the Rockefellers.

   The Russians regard the United States as a house divided, and
they are exploiting that division by working in careful ways with
the Rockefellers.  Their first priority is to rid the world of
the deadly Bolshevik menace of all-out, even suicidal, nuclear
war; but once that is done, they know that there will be a day of
reckoning with the Rockefeller cartel some day.

   The Rockefeller group is working toward a definite objective
with their new anti-nuclear-war propaganda.  That objective is
renewed power--and power that moves them closer to their old
dream of WORLD GOVERNMENT.  The Bolsheviks here have unwittingly
provided fertile ground for the powerful new Rockefeller antiwar
campaign.  Under Bolshevik control, the so-called Reagan
Administration has become so hawkish that it's scaring people. 
The Rockefeller antiwar campaign is designed to capitalize on
that latent fear as a tool of power.

   These days the smell of war is in the air.  The Falklands
crisis is helping to make that more intense.  The Rockefeller
propaganda machine is now paving the way for the argument that
surrender of sovereignty is the only way to avoid war.  A new
super-United Nations of sorts is now in the works to fill the
bill.  It will have teeth!  As presently envisioned, the new
organization will be based in Geneva, Switzerland.  The working
name, though this may be changed, is the ""World Nonproliferation
Council.""  The plan is to bring it into being as the outgrowth of
nuclear nonproliferation treaties, but its true purpose will be
to use fear--the fear of war--to control us all.

                       LAST MINUTE SUMMARY

   Now it's time for my Last Minute Summary.  In this AUDIO
LETTER I have reported on the reasons behind the so-called
Falkland Islands crisis.  The crisis erupted because of secret
Bolshevik-controlled naval installations in the Southern
Hemisphere.  These have been attacked by joint action of the
Rockefeller cartel and the Russians in an attempt to slow down
the nuclear-war timetable.  The attacks were successful, but the
results remain to be seen.  One result, though, is that the Royal
Navy has now been drawn into a trap.  Britain's Waterloo at sea
may well be at hand.

   My friends, two factions are struggling for control over our
United States--the Rockefeller cartel and the Bolsheviks.  They
differ in style but both seek to control us through fear.  If we
are ever to rise above their trickery, it must be through the
power of our Lord Jesus Christ, our only hope.  As the Scripture
tells us, our Lord ""...has not given us the spirit of fear; but
of power, of love, and of a sound mind.""  We must learn to wage
peace.  As our Lord declared long ago, ""Blessed are the
peacemakers: for they shall be called sons of God."""
1493,talk.politics.mideast,talk.politics.guns,"A delightful message, interesting, and so kindly written.  Thanks."
1407,talk.politics.mideast,talk.politics.guns,Watch your language ASSHOLE!!!!
572,talk.politics.misc,talk.politics.guns,"-> : 	According to a ``CNN Poll'' to key reason for Clinton's low
-> : approval rating is people are angry about him not moving fast enough
-> : on gays in the military.  I just burst out laughing when I heard this;
-> : what planet do these CNN people live on anyway?
-> : --
-> : Jason C. Austin
-> : j.c.austin@larc.nasa.gov       
-> 
-> Dunno, man... that sounds pretty damned unlikely to me, too,
-> although it's certainly one of the reasons I'm pissed off at him.
-> Maybe the sample was taken entirely from my fellow memebers of the
-> Cultural Elite?
-> 
-> Jason, can you quote some of these poll questions?
-> 
-> Thanks,
-> Bill
-> v

	I've never seen CNN give out the poll questions on the air.
If you sent them a letter asking for them, you might get them.  Here's
my guess of how part of a session might look:

Question: Do you approve of Clinton's performance?
Answer: No
Questions: Do you disapprove due to the gays in the military issue?
Answer: Yes

Conclusion: Clinton has a low approval rating because he's not moving
fast enough on gays in the military.


	I think any group truly dedicated to reporting the news would
not use manufactured news like polls."
1370,talk.politics.misc,talk.politics.guns,"
this is a tesrt
s
"
1270,talk.politics.misc,talk.politics.mideast,"Do the words ""chilling effect"" stimulate impulses within that
small collection of neurons you call a brain?

cpk
-- 
It's been 80 days.  Do you know where your wallet is?"
251,talk.politics.misc,talk.politics.guns,"

Of course, free trade and slavery don't make much sense together in
a phrase anyway.  Perhaps Mr. Depken meant, ""low import tariffs,"" but
that is quite a bit less than ""free trade."""
387,talk.politics.misc,talk.politics.guns,"


 


The Bill of Rights, as far as I can see, does not once refer to ""citizens"",
but it makes several references to ""people"". For example, Article IV:
""The right of the people to be secure in their persons, houses, papers,
and effects, against unreasonable searches and seizures, shall not be
violated""; Article V: ""no person shall be held to answer for a capital,
or otherwise infamous crime, unless on a presentment or indictment by
a Grand Jury ...  nor shall any person ... be deprived of life, liberty,
or property, without due process of law""; Article VIII: ""excessive bail
shall not be required, nor excessive fines imposed, nor cruel and unusual
punishments inflicted"".

Now I've never heard that Constitutional rights apply only to citizens;
aren't they meant to apply equally to all *persons* living in the U.S.?
Whether slaves were considered ""not human"" I don't know, but it seems
that a case could be made that they weren't treated as ""people"" as defined
in the Bill of Rights. And since the nation is nominally based on the
Declaration of Independence which states that ""all Men are created equal,
that they are endowed by their Creator with certain unalienable Rights,
that among these are Life, Liberty, and the Pursuit of Happiness"",
it would also seem that slaves would not follow under this definition
of humanity.
"
461,talk.politics.misc,talk.politics.guns,"
You have just reminded me of an old Tom Paxton song...

I""M CHANGING MY NAME TO CHRYSLER
(Tom Paxton, 1980)

Oh the price of gold is rising out of sight
And the dollar is in sorry shape tonight
What the dollar used to get us
Now won't buy a head of lettus
No the economic forecast isn't right
But amidst the clouds I spot a shining ray
I caneven glimpse a new and better way
And I've devised a plan of action
Worked it down to the last fraction
And I'm going into action here today.

Chorus:

  I am changing my name to Chrysler
  I am going down to Washington D.C.
  I will tell some power broker
  What they did for Iacoca
  Will be perfectly acceptable to me.
  I am changing my name to Chrysler
  I am heading for that great receiving line
  So when they hand a million grand out
  I'll be standing with my hand out
  Yes sir I'll get mine

When my creditors are screaming for their dough
I'll be proud to tell them all where they can go
They won'y have to scream and holler
They'll all be paid to the last dollar
Where the endless streams of money seam to flow
I'll be glad to tell them all what they can do
Its just a matter of a simple form or two
It's not renumeration it's a liberal education
Ain't you kind of glad that I'm in debt to you

Chorus

Since the first first amphibians crawled out of the slime
We've been struggling in an unrelenting climb
We were hardly up and walking before money started talking
And it's sad failure is an awful crime
It's been that way for a millennium or two
But now it seems there's a different point of view
If you're a corporate titanic and your failure is gigantic
Down in congress there is a safety net for you.

Chorus...



Perhaps Steven Jobs should take Paxton's advice and change his name to
Chrysler, or perhaps set himself up as an S&L, maybe Neil Bush could
give him a hand?

================================================================
akasacou@alfred.ccs.carleton.ca

No eternal reward will forgive us now for wasting the dawn...
                                      J.Morrison"
1381,talk.politics.misc,talk.politics.mideast,"If the heading is true, Mr. Frank should be ashamed of himself.

Nothing makes me gag more than people who don't respect the
rights of others to voice their opinions.  My idol Lenny Bruce
once commented about ""that asshole Time Magazine"" when they
advocated censorship of his material.  Time actually sided
with the cops' and their arresting of Bruce at his shows,
whereby he routinely would say ""cocksucker"", then the cops
would rush the stage to arrest him.  My, how the times haven't
changed...

I can't help but think of how Lenny would be received in today's
politically correct arena.  Heck, I even support the right of
neo nazis to speak their opinions and march down the streets.

And before Mr. Frank or anyone else makes any wisecracks about
anti-Semitism...I'm Jewish, a longtime member of AIPAC and the JNF,
and have contributed over $1000 apiece to these fine groups.  I'm
a regular contributor to every pro-Israel group I can find, but I
still support the right of people like Arf to speak up and vomit
his propaganda.

I want to know just WHO these people are !!!

I'm basing all this on the assumption that Mr. Frank did indeed
write to some sysadmin requesting Mr. Teel to be admonished.  If
this is not the case, I hereby retract these nasties directed
toward him.  If not, I stand against Mr. Frank and his trashing
of the First Amendment."
735,talk.politics.misc,talk.politics.mideast,"    >It is very difficult for a young person to develop and build
    >a positive view of themself when they are constantly being
    >told implicitly and explicitly that they are wrong and
    >immoral.

Yes, that is most certainly true. However, the paragrapgh reflects a value-less
position and infers that what is more important than anything else is to
have ""a positive view"" of one's self.

This of course, is foolish.

Should a mass murderer, a pedophile, a 10-year old pyromaniac have a ""positive
view"" of themselves?

Of course not.

A person that engages in behaviour that a large number of people condemn,
and IF you believe in the concept of ""society"", then your only choice is
to expect that person to have a negative view of themselves.


-- 
There are actually people that STILL believe Love Canal was some kind of
environmental disaster. Weird, eh?"
686,talk.politics.misc,talk.politics.mideast,"

Ed of course has never demonstrated remarkable knowlege of socialism, 
or any other political system come to that.


That leaves Germany, Japan and the UK as examples of a country where the
right wing government is on the verge of collapse. Oh and of course the USA
which just elected a socialist government :-)


Etc, unfortunately you can't pin this on the left or the right, both are
to blame. Both sides are equally deep into the corruption scandal. The only 
untained party is the northern league which is a bunch of nationalist
separatists and the communist party which has collapsed.



Ed should take a look at the budget deficit Regan and Bush created together
before he starts to make claims about europe collapsing based on the budget
deficits here. None of them are serious on the USA scale.

And here in Europe we have zero interest in Ed-Ipser type freed thank you.
We do not want our countries to be run by a narrow elite of rich lawyers
for the benefit of the super wealthy. We are quite happy with social 
democracy and despite the fuss made in Time and Newsweek there is remarkably
little being done to reverse the social welfare reforms brought in by
socialism.

The problem with socialism is that it started with the aims of free education
and health care and provision of the welfare state. This has been achieved
across the whole of Europe, only the USA is struggling to catch up. The
problem for socialism is what to do now it has succeeded.



Ed starts to discus LA, presumably he thinks that it is in Europe. On
the other hand he most probably hasn't heard of a European city.


Rather the opposite. What is happening in Italy is that the communist party
has collapsed. This has meant that the grand coalition between right and
left wing parties to keep out the communists has also collapsed. The 
magistrates have seized this opportunity to crack down hard on fraud and 
corruption and have arrested half the politicians. The fact that the socialists
are in charge this week is incidental, the right is into the corruption just
as baddly.

What looks likely to happen is the fringe parties are going to do much
better in the next election. Most of the parliamentary deputies are going
to get replaced and the parties are going to be forced to look to people
who are free of any hint of corruption. Look out for a parliament of
Pavarotti's and porn stars.
"
173,talk.politics.guns,talk.politics.mideast,"Excuse me, but if you really new what the show was about, you'd know that he
doesn't just say vagina and penis and that is how he get's his ratings. He
also addresss real issues as well as being outrageous. I don't hear any of these
other idiots doing a funny show and getting into some serious topics at the
same time, he get's people to think and entertains them at the same time, 
so try listening to his show a little closer before you tell them that they are
WRONG, and by the way, if he is such a flash in the pan, why do his ratings sustain
so well? Hmm?




-- 
-----------------------------------------------
Greg W. Lazar             greg@puck.webo.dg.com

J-E-T-S JETS JETS JETS"
1312,talk.politics.misc,talk.politics.guns,"


  You are hereby authorized not to laugh.  By special dispensation of
her Hillariness.  This offer void where prohibited by law, consumer must
pay applicable sales tax.....
-- 
-------------------------------------------------------------------------"
1368,talk.politics.misc,talk.politics.mideast,"
Go for it.  I have yet to see anybody justify the
prohibition on drugs and the ensuing War On Drugs.  In the world of
*.politics here on Usenet, it is YOU that is crazy.  ANYBODY--who gives
the matter any thought beyond reading headlines---cannot justify this
atrocity, this all out war on individual rights.

Just _TRY_ to justify the War On Drugs, I _DARE_ you!


Once again, in chorus: WHY is this ""stupid""?


The above paragraph is gibberish--that all I can make of it...

"
1508,talk.politics.mideast,talk.politics.guns,"Just kidding
"
1467,talk.politics.misc,talk.politics.mideast,"
Indeed.  Reading the cases of people who've tried the various things
Mr. Teel suggests show that defendants fall into two classes: (1) those
who win on procedural grounds or some grounds not related to their
claim, and (2) those who lose.

Consider Newman v. Schiff, 778 F.2d 460 (8th Cir.1985), which I've seen
cited by tax protestors other than Mr. Teel as a win for Mr. Schiff.
Mr. Schiff offered $100,000 on TV to anyone who would call in the
show and cite any section of the Internal Revenue Code that says that
an individual has to file a return.

Mr. Newman took him up on it.  Mr. Newman had seen the show in a rebroadcast
the next morning.  Mr. Schiff claimed that the offer only extended to
people who actually say the original broadcast, and so there was no offer
for Mr. Newman to accept, and so no unilateral contract was formed, and
so Mr. Schiff did not have to pay $100,000.

Mr. Schiff was correct, and so won.  So, yes, Mr. Schiff won against a
claim on the $100,000 reward.  However, his win had nothing to do with
the tax code."
418,talk.politics.mideast,talk.politics.guns,"
  Note the clause ""more forcibly"", above.     My point is that they have
  made a few pro-forma, perfunctory remarks, and sent in a few C-130's and
  so forth, but it's clearly not something they're losing much sleep over.
  They're just going through the motions, while Moslems are being ""ethnically
  cleansed"" out of what used to be Yugoslavia.   The US has been speaking
  out far more loudly than the Moslem nations in the UN and other world
  forums.



  Precisely.   Humanitarian concerns were not the primary justification
  for US involvement in the Gulf - oil and geopolitics were.  If the 
  the Kuwaitis didn't have oil (and assuming Iraq still saw fit to 
  invade them) I doubt you would have seen Operation Desert Storm.
"
620,talk.politics.misc,talk.politics.guns,"
Yes, and of course the Kinsey Report taken 50 years ago in much more liberal 
times regarding homosexuality.........


Or smart enough to realize that that argument would have to apply to every 
survey regarding homosexuality.  Therefore, they would look stupid. (Actually, 
Idid see Bryant Gumble bring that point up.  Hee, hee).


"
31,talk.politics.misc,talk.politics.guns,"Last night I heard something about Bill Clinton's sister being
involved in a marijuana bust, and the news being suppressed. I also
heard something about her being an ""ex-con"". This source is not
reliable, though. (It was a collage/booklet advertising a local band.)

Can anyone on the net verify this or provide more details? I'm
surprised I haven't seen anything about this in this newsgroup.

Also, does anyone know what happened to the charges that Shalala was a
regular pot smoker when she was in college? This ghastly accusation
was reported on CNN Streamline News the day she was nominated, then I
never heard anything about it again.

It's almost enough to make me want to start an Act-Up type campaign
to invade the privacy of closet smokers! (If only this type of
publicity didn't violate people's rights. . . .)

Jake."
231,talk.politics.guns,talk.politics.mideast,"

  Which one?  The one yesterday, or has there been another?  If it was yester-
day, catch up.

  IMO, 90% of all ""conspiracy"" charges are easily explained by the simple
fact that in these days of instantaneous news transmission, all kinds of
stuff gets said when people really just don't know what the hell's going on.
Then the story changes once the facts are in and suddenly cries of ""its all a 
whitewash!"" start.  Naturally, everybody wants to cover his/her ass.


  Damnfino.  I just tend to take issue with absolute statements that are ob-
viously wrong on their face and tend to inflame, not inform.  The isolation
was significant, but not total.

semper fi,"
1092,talk.politics.misc,talk.politics.guns,"# #  ""Abortions destructive of the fetus must be permitted, even
# #   just before birth, if they promote what the [Supreme] Court
# #   calls ``health''
# 
# Yes, Doug, we all know that Roe v. Wade prevents states from prohibiting
# abortions necessary to preserve the life or health of the woman.  Only
# very stupid people (such as yourself) confuse a discussion of mental health
# related to ""Jane Doe"", who was in a mental institution, and attempt to claim
# that this same argument could be applied to a woman who decided she wanted
# an abortion because she was having a ""bad hair day"".
# 
# As you well know, the facts are that there are about 100 third-trimester
# abortions performed in this country annually, and those are *only* done for
# *serious* health reasons.
# --
# Larry Margolis, MARGOLI@YKTVMV (Bitnet), margoli@watson.IBM.com (Internet)

Hmmm.  Human gestation period is something like 39 weeks.  That means
third trimester abortions are those done after 26 weeks.  In consulting
a 1989 World Almanac, I see that 1% of abortions in 1983 were done at 
21 weeks or more.  That's about 1268 abortions in 1983 after 21 weeks.
Unless the number of abortions performed has dropped dramatically, or
a LOT of abortions are done between 21 and 26 weeks, I think you are
wrong.

By the way, Roe v. Wade allowed states to adopt very, very broad
prohibitions on third-trimester abortions, but some states, such as
California, declined to do so.  It was reported* that what finally 
stopped third trimester elective abortions in the Bay Area wasn't law, 
but that the only hospital doing them ran out of nurses, then doctors,
willing to do them.  Not surprisingly, the bay area NOW chapter was
terribly upset about this.

I remain pro-choice, but when pro-choicers compare abortion in a
clinic to a religious ritual in a church, you have to start wondering
a bit if the pro-life criticism of abortion as modern human sacrifice
doesn't have a grain of truth to it."
415,talk.politics.misc,talk.politics.guns,"

                       *Paranoia part deleted.*"
194,talk.politics.misc,talk.politics.guns,"

What evidence are you aware of. What was reported in the media, or all of
the evidence that was presented at the trial.

This sounds to me a lot like the first Rodney King 5 trial. A bunch of people
who saw 10 to 15 seconds out of a several minute long video, decided that
they knew more than people who had sat through a two week trial."
341,talk.politics.misc,talk.politics.guns,"      The operation going on in Somalia is a peacekeeping/peaceenforcement
      operation where force may be used.  It is not a war.  It is also legal
      under international law, which is higher than US law.  The operation
      is occuring under the ageis of the United Nations.  Can't get a higher
      authority than that on this earth.
"
1162,talk.politics.misc,talk.politics.guns,"

...and to make life difficult for us actuaries..... :-/

-- 
Michael D. Adams	(starowl@a2i.rahul.net)	  Champaign, IL / southeast AL"
174,talk.politics.mideast,talk.politics.guns,"


Why do you title this ""News you will miss"" ?

There have been at least three front-page stories on it in the L.A. Times.

I wouldn't exactly call that a media cover-up.




___Samuel___
Mossad Special Agent ID314159
Media Spiking & Mind Control Division
Los Angeles Offices"
624,talk.politics.misc,talk.politics.guns,": 
: > [...]  You're not breathing clean air provided by government
: > regulations, [...]
: 
: If this doesn't beat all I ever heard!  The above certainly says a
: mouthful about the mindset of Ted Frank, and also of statists
: everywhere.
: --

Yes, there's certainly no need to argue with him, or address the
substance of what he says- he's a statist, after all.  Probably 
politically correct, too...                           "
538,talk.politics.misc,talk.politics.mideast,"
Agreed.  


It is a failure of libertarianism if the ideology does not provide any
reasonable way to restrain such actions other than utopian dreams.  Just
as Marxism ""fails"" to specify how pure communism is to be achieved and
the state is to ""wither away,"" libertarians frequently fail to show how
weakening the power of the state will result in improvement in the human
condition.


This is a strawman argument and fails on several grounds.  In this case,
""limited"" and ""big"" government are not defined.  I would point out that
Lebanon, Somalia, and the former Yugoslavia are by some definitions nations
with ""limited"" government, while the US, Canada, and nations in Western 
Europe (where ""people would rather live"") are often pointed out as 
nations with ""big government"" from a libertarian point of view.  

The argument is not between those who want ""limited"" government and those
who want ""unlimited"" government.  It is between those who believe
government regulation in a capitalist economy serves worthwhile ends and
those who believe such regulation is neither desirable on empirical 
grounds nor justifiable on ideological grounds.

jsh"
1129,talk.politics.misc,talk.politics.guns,"

If this doesn't beat all I ever heard!  The above certainly says a
mouthful about the mindset of Ted Frank, and also of statists
everywhere."
1565,talk.politics.misc,talk.politics.guns,"    >>>Does the greatly increased rates of incarceration amongst
    >>>blacks show that they are dysfunctional or that the majority
    >>>of them support criminal activity?
    >>>
    >Isn't this a matter of demographics? Doesn't this simply show
    >that since criminal behaviour is common (or apt to be common)
    >in the 18-34 (insert your favorite correct numbers here) year
    >old range and since the percentage of blacks in this range is
    >higher than in other groups, then it follows statistically
    >that more blacks in prison is an expected result?
    >
    >Note that I haven't said anything about blacks being given
    >stiffer or longer sentences than other groups. I'm sure this
    >has to have an effect on the issue of over-representation of
    >blacks in prison...

Blacks have the same (+- 2%) crime report rate, arrest rate, and incarceration
rate for violent crimes.

So I doubt that for violent crimes, that there is any inherent bias mechanism
present.

There is a wider discrepancy for all crimes for blacks wrt to 3 categories.

Interestingly enough, the discrepancy is the largest in the Southern
United States -- where blacks are incarcerated well BELOW the average in
the rest of the United States! Which points to an anti-bias-against wrt
blacks.

In any case, for violent crimes and burglary and drug selling, blacks are
reported 53%, arrested 44%, and are present in jails/prisons 47% (1988).

Considering that 12% of the population is black, 6% are black males, and
some percentage of that is out of the high/low age groups, we do have a
situation where (if I remember my old calculations right) 4% of the
population commits almost half of the really nasty crimes.

Blacks with similar histories (crime) to whites get the same sentences,
except in the South, where they receive around 20% less on paper!!



-- 
There are actually people that STILL believe Love Canal was some kind of
environmental disaster. Weird, eh?"
365,talk.politics.mideast,talk.politics.guns,"I see that our retarded translator, David, is still writing things that
don't make sense. Hey David I can see where you are.. May be one day,
We will have the chance to talk deeply about that freedom of speach of
yours.. And you now, killing or torture, these things are only easy
ways out.. I have different plans for you and all empty headeds like 
you...

Lets get serious, DAVE, don't ever write bad things about Turkish people
or especially Cyprus.. If I hear a word from you again that I consider
to be a curse to my people I will retalliate...

Muccccukkk..
TIMUCIN.
"
654,talk.politics.misc,talk.politics.guns,"

I know it was used several times in the south, to prosecute the murders of
blacks, after all white juries had cleared the accussed.


I believe it is a general charge, that is no specific right is mentioned.


The SS has previously ruled that since the seperate governments were in
essence seperate sovereigns, then double jeopardy does not apply.

(If this is true, then could defendents also be tried under city and
county governments?)

This mornings paper said that the ACLU has decided to reinstate its
opposition to this kind of thing. They had earlier suspended their
opposition while they examined the King case. There might be hope
for the ACLU after all."
1126,talk.politics.misc,talk.politics.guns,"Ack! Sorry for the repeat posts: I thought I was posting to the newsgroup
on which this appeared. Couldn't figure out why it wasn't appearing in
my newsgroup. Stupid of me. Slap my hands. Bang my head against the wall.
Sorry! Bloody public anouncements...mumble mumble mumble...
============================================================================
David Matthew Deane (deane@binah.cc.brandeis.edu)"
1074,talk.politics.misc,talk.politics.guns,"
So which are you advocating?

That You know Nothing About American History, 
Or that You Know Nothing About the Bible?

Is this a Restoration of the ""Know Nothing"" Party?

ciao
drieux

ps: what WAS the ""Free Negro Sailor Act"" about,
and what was the Supreme Court's Ruling On it... and
More Importantly, how does this Complicate the Mythology
that all blacks were slaves????

"
1511,talk.politics.misc,talk.politics.guns,"
Yeah, Cancer is pretty cool, isn't it."
1105,talk.politics.misc,talk.politics.guns,"




Hey puppy, you are getting further around the bend every day. But
I wouldn't miss your adolescent ravings for the world, everyone
needs a good laugh now and then. :-)
"
1147,talk.politics.misc,talk.politics.mideast,"WHITE HOUSE
                   OFFICE OF THE VICE PRESIDENT
_________________________________________________________________

FOR IMMEDIATE RELEASE                CONTACT:  Heidi Kukis
THURSDAY, April 15, 1993                       202-456-7035
                                               Julia Payne
                                               202-456-7036


    GORE JOINS STUDENTS IN ORLANDO FOR FIRST KIDS EARTH SUMMIT
    Will Take Part in Special Town Meeting On the Environment
 ******** SATURDAY, APRIL 17, 1993 - ORLANDO, FLORIDA **********

     WASINGTON -- Joining students from across the United States 
and around the world for the first ever Kids Earth Summit, Vice 
President Al Gore will travel to Orlando, Florida, on Saturday 
(4/17) and participate in a special town hall meeting, hosted by 
Linda Ellerbee for broadcast on Nickelodeon, to hear the young 
people's concerns and share ideas about the environment.

     The Vice President will take part in the ""Kids World 
Council: Plan It for the Planet"" from 2-5 PM (EDT) Saturday 
(4/17) in Orlando, Florida.  He will tour a display of student 
environmental projects, then videotape the town hall meeting 
where he will discuss with student delegates their concerns about 
the environment and their plans for an environmentally sound 
future.

     The town hall meeting will be moderated by Linda Ellerbee 
and taped for a news special, ""Nickelodeon Special Edition:  Plan 
It for the Planet,"" which will air on Sunday, April 18 at 8 PM 
(EDT).  It is sponsored by Nickelodeon and the Children's Earth 
Fund.

     ""Young people care about the environment because they know 
it affects our future.  Across the country and around the world, 
young people are speaking out about the environmental challenges 
we face.  They are identifying problems, thinking about 
solutions, and they are demanding action from their leaders,"" the 
Vice President said.

     The Kids World Council delegates are meeting for three days 
in Orlando to discuss how to save energy and switch to renewable 
energy.  They will be following the format and goals of the Earth 
Summit that took place last year in Rio de Janeiro.  The Vice 
President led the Senate Delegation to the Earth Summit.

     ""I look forward to hearing what young people have to say 
about the environment and their future.  Their insight into the 
world around us is important,"" the Vice President said.

                                (MORE)


   

     

     	  

                 SCHEDULE FOR THE VICE PRESIDENT
                     Saturday, April 17, 1993


2:15 PM (EDT) VICE PRESIDENT TOURS display of student                           
 environmental projects.
              Nickelodeon Studios
              Orlando, Florida


3:30 PM (EDT) VICE PRESIDENT TAKES PART IN TOWN HALL MEETING
              with Kids World Council delegates and
              Linda Ellerbee.
              Nickelodeon Studios
              Orlando, Florida


5 PM (EDT)    VICE PRESIDENT DEPARTS from Kids World Council
              for Washington, D.C.




     NOTE:  PRESS THAT WISH TO ATTEND SHOULD CONTACT EILEEN                    
PARISE OR MARTY VON RUDEN IN FLORIDA AT 407-352-7589.

 
"
